# Wavenumber(cm-1)	Imaginary refractive index k (NIST, PNNL)
399.679	5.110000e-03
400.161	5.110089e-03
400.644	5.120443e-03
401.126	5.170443e-03
401.608	5.220000e-03
402.090	5.219823e-03
402.567	5.200029e-03
403.049	5.180029e-03
403.531	5.189970e-03
404.014	5.279731e-03
404.496	5.349791e-03
404.978	5.429761e-03
405.460	5.469881e-03
405.947	5.500520e-03
406.429	5.570743e-03
406.911	5.670742e-03
407.394	5.770594e-03
407.876	5.850000e-03
408.358	5.849706e-03
408.840	5.799882e-03
409.317	5.780089e-03
409.799	5.760088e-03
410.281	5.720177e-03
410.764	5.700089e-03
411.246	5.739822e-03
411.728	5.779822e-03
412.210	5.789940e-03
412.697	5.729334e-03
413.179	5.579468e-03
413.661	5.459600e-03
414.144	5.369822e-03
414.626	5.329867e-03
415.108	5.299822e-03
415.590	5.259823e-03
416.067	5.220235e-03
416.549	5.239852e-03
417.031	5.319406e-03
417.514	5.369628e-03
417.996	5.429554e-03
418.478	5.489554e-03
418.960	5.559480e-03
419.447	5.620239e-03
419.929	5.700180e-03
420.411	5.760328e-03
420.894	5.870174e-03
421.376	5.990101e-03
421.858	6.060072e-03
422.340	6.110086e-03
422.817	6.169467e-03
423.299	6.229468e-03
423.781	6.289467e-03
424.264	6.359378e-03
424.746	6.379822e-03
425.228	6.290936e-03
425.710	6.171250e-03
426.197	5.990000e-03
426.679	5.850000e-03
427.161	5.710000e-03
427.644	5.580000e-03
428.126	5.420000e-03
428.608	5.240000e-03
429.090	4.980000e-03
429.567	4.717426e-03
430.049	4.427515e-03
430.531	4.148225e-03
431.014	3.948313e-03
431.496	3.758313e-03
431.978	3.568047e-03
432.460	3.347958e-03
432.947	3.114984e-03
433.429	2.855376e-03
433.911	2.616805e-03
434.394	2.436450e-03
434.876	2.236627e-03
435.358	2.047160e-03
435.840	1.887515e-03
436.317	1.748886e-03
436.799	1.599034e-03
437.281	1.469109e-03
437.764	1.349184e-03
438.246	1.239471e-03
438.728	1.149529e-03
439.210	1.069535e-03
439.697	9.897448e-04
440.179	9.127610e-04
440.661	8.368263e-04
441.144	7.649565e-04
441.626	7.010706e-04
442.108	6.441170e-04
442.590	5.899638e-04
443.067	5.365297e-04
443.549	4.835383e-04
444.031	4.315559e-04
444.514	3.816005e-04
444.996	3.366270e-04
445.478	2.946629e-04
445.960	2.566984e-04
446.447	2.224404e-04
446.929	1.935643e-04
447.411	1.709738e-04
447.894	1.529783e-04
448.376	1.379866e-04
448.858	1.289987e-04
449.340	1.280058e-04
449.817	1.319642e-04
450.299	1.379464e-04
450.781	1.459289e-04
451.264	1.499649e-04
451.746	1.509908e-04
452.228	1.500064e-04
452.710	1.490063e-04
453.197	1.490003e-04
453.679	1.490092e-04
454.161	1.510086e-04
454.644	1.530177e-04
455.126	1.570174e-04
455.608	1.610090e-04
456.090	1.630040e-04
456.567	1.639938e-04
457.049	1.620063e-04
457.531	1.580117e-04
458.014	1.480301e-04
458.496	1.350390e-04
458.978	1.220390e-04
459.460	1.110332e-04
459.947	1.050375e-04
460.429	1.100596e-04
460.911	1.181564e-04
461.394	1.391637e-04
461.876	1.613098e-04
462.358	1.914025e-04
462.840	2.304232e-04
463.317	2.710004e-04
463.799	3.090003e-04
464.281	3.489997e-04
464.764	3.980003e-04
465.246	4.550002e-04
465.728	5.140004e-04
466.210	5.719996e-04
466.697	6.397278e-04
467.179	7.218164e-04
467.661	8.137812e-04
468.144	9.016923e-04
468.626	9.797191e-04
469.108	1.060710e-03
469.590	1.140798e-03
470.067	1.229870e-03
470.549	1.329856e-03
471.031	1.389820e-03
471.514	1.429880e-03
471.996	1.459911e-03
472.478	1.499880e-03
472.960	1.569790e-03
473.447	1.660817e-03
473.929	1.770817e-03
474.411	1.880817e-03
474.894	1.990741e-03
475.376	2.090589e-03
475.858	2.190412e-03
476.340	2.260471e-03
476.817	2.339645e-03
477.299	2.439556e-03
477.781	2.589334e-03
478.264	2.759246e-03
478.746	2.939201e-03
479.228	3.109245e-03
479.710	3.278985e-03
480.197	3.470932e-03
480.679	3.680888e-03
481.161	3.880755e-03
481.644	4.050799e-03
482.126	4.230888e-03
482.608	4.431021e-03
483.090	4.661110e-03
483.567	4.908529e-03
484.049	5.158146e-03
484.531	5.398217e-03
485.014	5.638217e-03
485.496	5.878218e-03
485.978	6.108291e-03
486.460	6.318440e-03
486.947	6.530688e-03
487.429	6.760688e-03
487.911	6.990717e-03
488.394	7.230333e-03
488.876	7.460304e-03
489.358	7.670290e-03
489.840	7.870260e-03
490.317	8.048403e-03
490.799	8.218491e-03
491.281	8.388492e-03
491.764	8.548580e-03
492.246	8.708580e-03
492.728	8.850823e-03
493.210	8.990706e-03
493.687	9.109468e-03
494.169	9.249379e-03
494.651	9.369467e-03
495.134	9.479511e-03
495.616	9.549689e-03
496.098	9.569911e-03
496.580	9.579897e-03
497.067	9.590000e-03
497.549	9.620000e-03
498.031	9.690000e-03
498.514	9.760000e-03
498.996	9.800000e-03
499.478	9.780000e-03
499.960	9.700000e-03
500.437	9.611459e-03
500.919	9.550978e-03
501.401	9.530327e-03
501.884	9.530001e-03
502.366	9.530001e-03
502.848	9.490652e-03
503.330	9.440815e-03
503.817	9.360470e-03
504.299	9.279290e-03
504.781	9.199201e-03
505.264	9.109290e-03
505.746	9.029202e-03
506.228	8.939113e-03
506.710	8.839024e-03
507.187	8.730159e-03
507.669	8.630145e-03
508.151	8.540269e-03
508.634	8.450269e-03
509.116	8.360270e-03
509.598	8.270270e-03
510.080	8.180269e-03
510.567	8.089331e-03
511.049	7.999257e-03
511.531	7.899257e-03
512.014	7.799332e-03
512.496	7.709470e-03
512.978	7.619470e-03
513.460	7.529294e-03
513.937	7.410532e-03
514.419	7.270621e-03
514.901	7.130621e-03
515.384	7.020488e-03
515.866	6.950311e-03
516.348	6.890266e-03
516.830	6.810478e-03
517.317	6.719512e-03
517.799	6.609556e-03
518.281	6.509645e-03
518.764	6.429690e-03
519.246	6.359645e-03
519.728	6.279601e-03
520.210	6.189512e-03
520.687	6.080647e-03
521.169	5.970815e-03
521.651	5.870743e-03
522.134	5.790594e-03
522.616	5.720519e-03
523.098	5.670371e-03
523.580	5.620371e-03
524.067	5.569820e-03
524.549	5.509730e-03
525.031	5.419641e-03
525.514	5.299797e-03
525.996	5.159783e-03
526.478	5.009841e-03
526.960	4.899899e-03
527.437	4.830621e-03
527.919	4.780444e-03
528.401	4.720532e-03
528.884	4.640710e-03
529.366	4.570621e-03
529.848	4.510624e-03
530.330	4.470417e-03
530.817	4.450000e-03
531.299	4.410000e-03
531.781	4.340000e-03
532.264	4.250000e-03
532.746	4.170000e-03
533.228	4.110000e-03
533.710	4.070000e-03
534.187	4.050237e-03
534.669	4.030237e-03
535.151	3.970711e-03
535.634	3.890949e-03
536.116	3.791187e-03
536.598	3.701068e-03
537.080	3.620949e-03
537.567	3.550101e-03
538.049	3.500072e-03
538.531	3.480060e-03
539.014	3.470030e-03
539.496	3.460030e-03
539.978	3.420120e-03
540.460	3.350209e-03
540.937	3.280932e-03
541.419	3.210931e-03
541.901	3.140931e-03
542.384	3.080799e-03
542.866	3.030742e-03
543.348	2.990594e-03
543.830	2.960446e-03
544.317	2.920178e-03
544.799	2.870222e-03
545.281	2.810266e-03
545.764	2.760222e-03
546.246	2.730133e-03
546.728	2.710089e-03
547.210	2.680179e-03
547.687	2.640652e-03
548.169	2.590815e-03
548.651	2.550652e-03
549.134	2.510652e-03
549.616	2.470652e-03
550.098	2.440489e-03
550.580	2.390815e-03
551.067	2.340294e-03
551.549	2.280445e-03
552.031	2.230371e-03
552.514	2.200223e-03
552.996	2.180149e-03
553.478	2.170074e-03
553.960	2.160074e-03
554.437	2.140355e-03
554.919	2.110533e-03
555.401	2.070710e-03
555.884	2.040578e-03
556.366	2.010579e-03
556.848	1.970772e-03
557.330	1.930772e-03
557.817	1.900267e-03
558.299	1.880178e-03
558.781	1.860178e-03
559.264	1.850088e-03
559.746	1.830177e-03
560.228	1.809587e-03
560.710	1.769587e-03
561.187	1.730000e-03
561.669	1.700000e-03
562.151	1.680000e-03
562.634	1.660000e-03
563.116	1.640000e-03
563.598	1.620000e-03
564.080	1.600000e-03
564.567	1.589911e-03
565.049	1.579912e-03
565.531	1.569822e-03
566.014	1.549733e-03
566.496	1.519734e-03
566.978	1.489734e-03
567.460	1.459823e-03
567.937	1.440029e-03
568.419	1.440000e-03
568.901	1.430030e-03
569.384	1.430000e-03
569.866	1.430000e-03
570.348	1.420030e-03
570.830	1.400060e-03
571.317	1.379926e-03
571.799	1.370000e-03
572.281	1.370074e-03
572.764	1.380000e-03
573.246	1.380000e-03
573.728	1.379941e-03
574.210	1.369941e-03
574.687	1.360044e-03
575.169	1.350045e-03
575.651	1.340044e-03
576.134	1.330045e-03
576.616	1.320044e-03
577.098	1.310044e-03
577.580	1.300059e-03
578.067	1.310044e-03
578.549	1.320044e-03
579.031	1.330045e-03
579.514	1.340000e-03
579.996	1.339955e-03
580.478	1.330000e-03
580.960	1.329956e-03
581.437	1.320059e-03
581.919	1.320000e-03
582.401	1.320000e-03
582.884	1.320000e-03
583.366	1.329926e-03
583.848	1.330000e-03
584.330	1.339926e-03
584.817	1.350060e-03
585.299	1.370029e-03
585.781	1.380060e-03
586.264	1.400015e-03
586.746	1.410000e-03
587.228	1.410029e-03
587.710	1.430029e-03
588.187	1.449822e-03
588.669	1.469823e-03
589.151	1.489823e-03
589.634	1.519734e-03
590.116	1.539823e-03
590.598	1.559792e-03
591.080	1.569896e-03
591.567	1.570000e-03
592.049	1.570000e-03
592.531	1.580000e-03
593.014	1.600000e-03
593.496	1.620000e-03
593.978	1.650000e-03
594.460	1.670000e-03
594.937	1.679882e-03
595.419	1.680000e-03
595.901	1.680000e-03
596.384	1.680000e-03
596.866	1.680000e-03
597.348	1.689881e-03
597.830	1.690000e-03
598.317	1.699986e-03
598.799	1.700000e-03
599.281	1.719940e-03
599.764	1.739941e-03
600.246	1.759940e-03
600.728	1.769970e-03
601.210	1.770000e-03
601.687	1.779867e-03
602.169	1.799734e-03
602.651	1.829600e-03
603.134	1.859601e-03
603.616	1.899407e-03
604.098	1.939405e-03
604.580	1.969555e-03
605.067	2.009822e-03
605.549	2.029911e-03
606.031	2.059867e-03
606.514	2.079911e-03
606.996	2.109867e-03
607.478	2.139867e-03
607.960	2.169821e-03
608.437	2.199511e-03
608.919	2.229511e-03
609.401	2.259511e-03
609.884	2.289510e-03
610.366	2.319511e-03
610.848	2.349511e-03
611.330	2.379511e-03
611.817	2.399882e-03
612.299	2.429778e-03
612.781	2.459777e-03
613.264	2.489777e-03
613.746	2.539628e-03
614.228	2.579703e-03
614.710	2.619703e-03
615.187	2.649467e-03
615.669	2.669645e-03
616.151	2.689645e-03
616.634	2.720029e-03
617.116	2.740029e-03
617.598	2.760029e-03
618.080	2.780044e-03
618.567	2.810356e-03
619.049	2.840356e-03
619.531	2.870356e-03
620.014	2.900237e-03
620.496	2.920237e-03
620.978	2.940207e-03
621.460	2.960000e-03
621.937	2.960000e-03
622.419	2.960000e-03
622.901	2.960000e-03
623.384	2.970000e-03
623.866	2.980000e-03
624.348	3.000000e-03
624.830	3.020000e-03
625.317	3.040089e-03
625.799	3.050000e-03
626.281	3.050088e-03
626.764	3.059911e-03
627.246	3.050000e-03
627.728	3.049911e-03
628.210	3.039911e-03
628.687	3.030015e-03
629.169	3.020014e-03
629.651	3.010030e-03
630.134	2.990060e-03
630.616	2.970060e-03
631.098	2.930119e-03
631.580	2.900090e-03
632.067	2.879777e-03
632.549	2.849777e-03
633.031	2.819703e-03
633.514	2.779778e-03
633.996	2.749823e-03
634.478	2.719823e-03
634.960	2.689882e-03
635.437	2.670089e-03
635.919	2.650089e-03
636.401	2.640045e-03
636.884	2.630044e-03
637.366	2.630000e-03
637.848	2.649911e-03
638.330	2.679820e-03
638.817	2.730267e-03
639.299	2.790310e-03
639.781	2.860399e-03
640.264	2.950488e-03
640.746	3.060577e-03
641.228	3.190622e-03
641.710	3.330666e-03
642.187	3.479117e-03
642.669	3.638813e-03
643.151	3.798811e-03
643.634	3.948885e-03
644.116	4.069109e-03
644.598	4.179183e-03
645.080	4.249480e-03
645.567	4.300060e-03
646.049	4.320000e-03
646.531	4.319970e-03
647.014	4.309972e-03
647.496	4.289986e-03
647.978	4.280029e-03
648.460	4.300072e-03
648.937	4.349556e-03
649.419	4.439201e-03
649.901	4.558935e-03
650.384	4.728492e-03
650.866	4.938137e-03
651.348	5.215865e-03
651.830	5.564800e-03
652.317	6.008047e-03
652.799	6.547604e-03
653.281	7.187160e-03
653.764	7.966538e-03
654.246	8.915785e-03
654.728	1.009476e-02
655.210	1.151755e-02
655.687	1.320000e-02
656.169	1.530000e-02
656.651	1.780000e-02
657.134	2.070000e-02
657.616	2.410000e-02
658.098	2.770000e-02
658.580	3.130000e-02
659.067	3.471287e-02
659.549	3.760976e-02
660.031	3.980621e-02
660.514	4.120355e-02
660.996	4.200089e-02
661.478	4.219956e-02
661.960	4.209867e-02
662.437	4.180176e-02
662.919	4.130590e-02
663.401	4.080593e-02
663.884	4.030593e-02
664.366	3.980593e-02
664.848	3.930593e-02
665.330	3.890475e-02
665.817	3.850058e-02
666.299	3.820043e-02
666.781	3.790222e-02
667.264	3.770149e-02
667.746	3.750149e-02
668.228	3.740074e-02
668.710	3.730074e-02
669.187	3.720178e-02
669.669	3.720000e-02
670.151	3.720000e-02
670.634	3.720000e-02
671.116	3.729970e-02
671.598	3.739970e-02
672.080	3.759940e-02
672.567	3.770149e-02
673.049	3.790223e-02
673.531	3.820148e-02
674.014	3.840222e-02
674.496	3.870058e-02
674.978	3.910058e-02
675.460	3.950058e-02
675.937	3.989645e-02
676.419	4.029645e-02
676.901	4.079556e-02
677.384	4.129556e-02
677.866	4.179556e-02
678.348	4.239114e-02
678.830	4.308960e-02
679.317	4.379689e-02
679.799	4.449689e-02
680.281	4.529645e-02
680.764	4.609645e-02
681.246	4.699600e-02
681.728	4.789600e-02
682.210	4.880929e-02
682.687	4.970000e-02
683.169	5.060000e-02
683.651	5.150000e-02
684.134	5.230000e-02
684.616	5.300000e-02
685.098	5.360000e-02
685.580	5.410000e-02
686.067	5.440089e-02
686.549	5.460044e-02
687.031	5.469955e-02
687.514	5.459956e-02
687.996	5.449867e-02
688.478	5.419867e-02
688.960	5.389867e-02
689.437	5.360176e-02
689.919	5.320472e-02
690.401	5.290356e-02
690.884	5.260356e-02
691.366	5.240237e-02
691.848	5.220237e-02
692.330	5.210119e-02
692.817	5.210000e-02
693.299	5.210000e-02
693.781	5.219926e-02
694.264	5.229926e-02
694.746	5.249851e-02
695.228	5.269852e-02
695.710	5.289852e-02
696.187	5.319467e-02
696.669	5.339645e-02
697.151	5.379290e-02
697.634	5.409909e-02
698.116	5.449880e-02
698.598	5.479910e-02
699.080	5.519880e-02
699.567	5.550223e-02
700.049	5.580223e-02
700.531	5.610223e-02
701.014	5.640148e-02
701.496	5.660029e-02
701.978	5.680000e-02
702.460	5.680015e-02
702.937	5.689911e-02
703.419	5.680089e-02
703.901	5.660178e-02
704.384	5.620355e-02
704.866	5.580355e-02
705.348	5.511034e-02
705.830	5.431188e-02
706.317	5.330444e-02
706.799	5.210532e-02
707.281	5.070621e-02
707.764	4.910710e-02
708.246	4.730799e-02
708.728	4.540843e-02
709.210	4.327832e-02
709.687	4.120000e-02
710.169	3.900000e-02
710.651	3.680000e-02
711.134	3.460000e-02
711.616	3.260000e-02
712.098	3.060000e-02
712.580	2.870000e-02
713.067	2.699290e-02
713.549	2.539379e-02
714.031	2.399423e-02
714.514	2.269468e-02
714.996	2.149512e-02
715.478	2.039601e-02
715.960	1.949601e-02
716.437	1.860530e-02
716.919	1.790826e-02
717.401	1.720831e-02
717.884	1.660712e-02
718.366	1.610593e-02
718.848	1.560593e-02
719.330	1.520475e-02
719.817	1.480058e-02
720.299	1.450043e-02
720.781	1.419734e-02
721.264	1.399601e-02
721.746	1.369734e-02
722.228	1.349867e-02
722.710	1.339734e-02
723.187	1.319970e-02
723.669	1.309970e-02
724.151	1.299970e-02
724.634	1.290030e-02
725.116	1.280030e-02
725.598	1.270030e-02
726.080	1.270000e-02
726.567	1.270000e-02
727.049	1.269926e-02
727.531	1.260000e-02
728.014	1.260074e-02
728.496	1.270000e-02
728.978	1.270000e-02
729.460	1.270014e-02
729.937	1.279911e-02
730.419	1.280000e-02
730.901	1.289911e-02
731.384	1.290000e-02
731.866	1.299911e-02
732.348	1.309852e-02
732.830	1.329703e-02
733.317	1.339956e-02
733.799	1.359911e-02
734.281	1.379911e-02
734.764	1.399911e-02
735.246	1.419911e-02
735.728	1.439911e-02
736.210	1.470206e-02
736.687	1.490000e-02
737.169	1.520000e-02
737.651	1.550000e-02
738.134	1.580000e-02
738.616	1.600000e-02
739.098	1.630000e-02
739.580	1.660000e-02
740.067	1.680133e-02
740.549	1.710089e-02
741.031	1.730089e-02
741.514	1.750089e-02
741.996	1.770089e-02
742.478	1.790089e-02
742.960	1.810089e-02
743.437	1.829882e-02
743.919	1.849764e-02
744.401	1.879644e-02
744.884	1.899763e-02
745.366	1.929644e-02
745.848	1.959644e-02
746.330	1.999525e-02
746.817	2.029957e-02
747.299	2.079928e-02
747.781	2.120799e-02
748.264	2.180799e-02
748.746	2.240799e-02
749.228	2.301065e-02
749.710	2.380932e-02
750.187	2.450239e-02
750.669	2.530269e-02
751.151	2.620238e-02
751.634	2.699762e-02
752.116	2.779761e-02
752.598	2.849791e-02
753.080	2.909821e-02
753.567	2.950223e-02
754.049	2.980149e-02
754.531	3.000000e-02
755.014	2.999926e-02
755.496	2.989971e-02
755.978	2.969971e-02
756.460	2.949957e-02
756.937	2.920266e-02
757.419	2.900177e-02
757.901	2.890089e-02
758.384	2.880089e-02
758.866	2.880000e-02
759.348	2.880000e-02
759.830	2.889851e-02
760.317	2.899956e-02
760.799	2.929867e-02
761.281	2.959867e-02
761.764	2.989867e-02
762.246	3.039778e-02
762.728	3.089778e-02
763.210	3.140619e-02
763.687	3.200000e-02
764.169	3.270000e-02
764.651	3.340000e-02
765.134	3.420000e-02
765.616	3.510000e-02
766.098	3.610000e-02
766.580	3.710000e-02
767.067	3.820488e-02
767.549	3.930577e-02
768.031	4.060577e-02
768.514	4.190666e-02
768.996	4.340666e-02
769.478	4.490710e-02
769.960	4.650799e-02
770.437	4.828941e-02
770.919	5.017759e-02
771.401	5.217627e-02
771.884	5.427508e-02
772.366	5.657271e-02
772.848	5.907033e-02
773.330	6.176796e-02
773.817	6.469580e-02
774.299	6.779552e-02
774.781	7.123195e-02
775.264	7.483461e-02
775.746	7.873816e-02
776.228	8.304082e-02
776.710	8.764349e-02
777.187	9.249291e-02
777.669	9.789219e-02
778.151	1.039284e-01
778.634	1.099288e-01
779.116	1.159288e-01
779.598	1.239051e-01
780.080	1.309169e-01
780.569	1.390269e-01
781.051	1.480272e-01
781.534	1.571331e-01
782.016	1.671464e-01
782.498	1.781464e-01
782.980	1.891597e-01
783.459	2.010966e-01
783.941	2.141040e-01
784.424	2.281029e-01
784.906	2.419586e-01
785.388	2.579521e-01
785.870	2.749492e-01
786.349	2.928403e-01
786.831	3.128225e-01
787.314	3.367870e-01
787.796	3.627693e-01
788.278	3.880347e-01
788.760	4.120362e-01
789.239	4.368891e-01
789.721	4.618891e-01
790.204	4.878846e-01
790.686	5.148802e-01
791.168	5.408846e-01
791.650	5.676030e-01
792.139	5.950000e-01
792.621	6.220000e-01
793.104	6.480000e-01
793.586	6.740000e-01
794.068	7.000000e-01
794.550	7.250000e-01
795.027	7.490000e-01
795.509	7.720000e-01
795.991	7.930000e-01
796.474	8.140000e-01
796.956	8.330000e-01
797.438	8.500000e-01
797.920	8.660000e-01
798.407	8.801956e-01
798.889	8.921631e-01
799.371	9.021304e-01
799.854	9.100978e-01
800.336	9.160489e-01
800.818	9.190322e-01
801.300	9.209986e-01
801.777	9.200089e-01
802.259	9.180177e-01
802.741	9.130444e-01
803.224	9.070533e-01
803.706	8.990710e-01
804.188	8.889841e-01
804.670	8.779812e-01
805.157	8.648458e-01
805.639	8.518339e-01
806.121	8.378220e-01
806.604	8.228102e-01
807.086	8.068121e-01
807.568	7.909769e-01
808.050	7.749768e-01
808.527	7.591420e-01
809.009	7.431420e-01
809.491	7.271420e-01
809.974	7.111420e-01
810.456	6.961331e-01
810.938	6.809797e-01
811.420	6.669797e-01
811.907	6.528457e-01
812.389	6.398576e-01
812.871	6.278576e-01
813.354	6.158695e-01
813.836	6.048826e-01
814.318	5.949870e-01
814.800	5.859870e-01
815.277	5.770799e-01
815.759	5.680799e-01
816.241	5.600710e-01
816.724	5.520710e-01
817.206	5.430799e-01
817.688	5.359870e-01
818.170	5.269870e-01
818.657	5.178932e-01
819.139	5.088695e-01
819.621	4.978695e-01
820.104	4.868457e-01
820.586	4.738473e-01
821.068	4.609797e-01
821.550	4.469768e-01
822.027	4.311420e-01
822.509	4.151420e-01
822.991	3.981509e-01
823.474	3.821420e-01
823.956	3.651509e-01
824.438	3.479754e-01
824.920	3.309769e-01
825.407	3.148101e-01
825.889	2.988220e-01
826.371	2.838458e-01
826.854	2.708339e-01
827.336	2.568473e-01
827.818	2.439826e-01
828.300	2.319841e-01
828.777	2.210976e-01
829.259	2.110887e-01
829.741	2.020799e-01
830.224	1.940710e-01
830.706	1.860710e-01
831.188	1.789899e-01
831.670	1.719928e-01
832.157	1.669288e-01
832.639	1.609407e-01
833.121	1.559525e-01
833.604	1.519525e-01
834.086	1.479530e-01
834.568	1.439957e-01
835.050	1.409971e-01
835.527	1.390177e-01
836.009	1.360266e-01
836.491	1.340178e-01
836.974	1.320177e-01
837.456	1.310089e-01
837.938	1.299985e-01
838.420	1.289985e-01
838.907	1.279881e-01
839.389	1.270000e-01
839.871	1.269881e-01
840.354	1.260000e-01
840.836	1.259883e-01
841.318	1.250000e-01
841.800	1.249986e-01
842.277	1.240089e-01
842.759	1.230089e-01
843.241	1.220089e-01
843.724	1.210089e-01
844.206	1.190178e-01
844.688	1.169971e-01
845.170	1.149971e-01
845.657	1.129763e-01
846.139	1.109644e-01
846.621	1.079763e-01
847.104	1.059763e-01
847.586	1.039765e-01
848.068	1.019968e-01
848.550	9.979739e-02
849.027	9.801597e-02
849.509	9.631509e-02
849.991	9.481332e-02
850.474	9.351154e-02
850.956	9.250888e-02
851.438	9.159913e-02
851.920	9.099927e-02
852.407	9.049644e-02
852.889	9.019881e-02
853.371	9.010118e-02
853.854	9.020356e-02
854.336	9.050587e-02
854.818	9.100087e-02
855.300	9.160101e-02
855.777	9.229378e-02
856.259	9.319201e-02
856.741	9.419113e-02
857.224	9.529023e-02
857.706	9.648935e-02
858.188	9.770174e-02
858.670	9.890159e-02
859.157	1.000119e-01
859.639	1.010119e-01
860.121	1.020237e-01
860.604	1.040000e-01
861.086	1.040117e-01
861.568	1.050014e-01
862.050	1.060014e-01
862.527	1.069911e-01
863.009	1.070000e-01
863.491	1.070000e-01
863.974	1.070000e-01
864.456	1.070000e-01
864.938	1.070000e-01
865.420	1.069986e-01
865.907	1.060000e-01
866.389	1.059881e-01
866.871	1.050000e-01
867.354	1.049881e-01
867.836	1.039883e-01
868.318	1.029986e-01
868.800	1.020000e-01
869.277	1.020000e-01
869.759	1.010089e-01
870.241	9.990976e-02
870.724	9.890887e-02
871.206	9.800798e-02
871.688	9.699841e-02
872.170	9.589841e-02
872.657	9.478695e-02
873.139	9.368695e-02
873.621	9.258576e-02
874.104	9.138457e-02
874.586	9.008473e-02
875.068	8.879797e-02
875.550	8.739783e-02
876.027	8.591331e-02
876.509	8.441331e-02
876.991	8.291332e-02
877.474	8.121509e-02
877.956	7.951508e-02
878.438	7.768940e-02
878.920	7.588941e-02
879.407	7.406903e-02
879.889	7.216902e-02
880.371	7.026739e-02
880.854	6.826739e-02
881.336	6.626739e-02
881.818	6.426921e-02
882.300	6.237936e-02
882.777	6.040000e-02
883.259	5.840000e-02
883.741	5.650000e-02
884.224	5.450000e-02
884.706	5.260000e-02
885.188	5.080000e-02
885.670	4.900000e-02
886.157	4.729290e-02
886.639	4.569290e-02
887.121	4.409334e-02
887.604	4.259334e-02
888.086	4.109423e-02
888.568	3.979423e-02
889.050	3.849423e-02
889.527	3.720765e-02
890.009	3.611297e-02
890.491	3.491424e-02
890.974	3.381305e-02
891.456	3.281187e-02
891.938	3.181187e-02
892.420	3.091068e-02
892.907	3.000130e-02
893.389	2.920116e-02
893.871	2.828935e-02
894.354	2.749068e-02
894.836	2.678935e-02
895.318	2.599068e-02
895.800	2.529201e-02
896.277	2.469791e-02
896.759	2.399821e-02
897.241	2.339822e-02
897.724	2.280178e-02
898.206	2.220179e-02
898.688	2.160179e-02
899.170	2.110149e-02
899.657	2.049629e-02
900.139	1.999629e-02
900.621	1.949629e-02
901.104	1.899705e-02
901.586	1.859928e-02
902.068	1.809942e-02
902.550	1.769942e-02
903.027	1.730355e-02
903.509	1.690355e-02
903.991	1.650355e-02
904.474	1.610355e-02
904.956	1.570355e-02
905.438	1.529823e-02
905.920	1.499765e-02
906.407	1.459511e-02
906.889	1.429511e-02
907.371	1.399511e-02
907.854	1.369511e-02
908.336	1.339511e-02
908.818	1.309514e-02
909.300	1.279690e-02
909.777	1.250000e-02
910.259	1.230000e-02
910.741	1.200000e-02
911.224	1.180000e-02
911.706	1.150000e-02
912.188	1.130000e-02
912.670	1.110000e-02
913.157	1.079911e-02
913.639	1.059911e-02
914.121	1.039911e-02
914.604	1.019911e-02
915.086	9.999289e-03
915.568	9.839157e-03
916.050	9.649202e-03
916.527	9.471059e-03
917.009	9.292123e-03
917.491	9.122017e-03
917.974	8.961899e-03
918.456	8.801898e-03
918.938	8.651780e-03
919.420	8.501780e-03
919.907	8.360203e-03
920.389	8.230187e-03
920.871	8.097692e-03
921.354	7.968047e-03
921.836	7.858048e-03
922.318	7.748048e-03
922.800	7.638225e-03
923.277	7.539257e-03
923.759	7.439331e-03
924.241	7.349332e-03
924.724	7.259480e-03
925.206	7.189529e-03
925.688	7.109588e-03
926.170	7.039647e-03
926.657	6.979022e-03
927.139	6.919185e-03
927.621	6.869185e-03
928.104	6.819185e-03
928.586	6.769348e-03
929.068	6.729348e-03
929.550	6.689557e-03
930.027	6.659867e-03
930.509	6.629867e-03
930.991	6.599911e-03
931.474	6.579911e-03
931.956	6.559956e-03
932.438	6.550000e-03
932.920	6.550000e-03
933.407	6.550000e-03
933.889	6.550133e-03
934.371	6.560133e-03
934.854	6.570134e-03
935.336	6.580266e-03
935.818	6.600266e-03
936.300	6.620267e-03
936.777	6.640089e-03
937.259	6.670120e-03
937.741	6.710089e-03
938.224	6.740072e-03
938.706	6.790072e-03
939.188	6.840072e-03
939.670	6.890086e-03
940.157	6.950712e-03
940.639	7.010711e-03
941.121	7.070830e-03
941.604	7.140949e-03
942.086	7.220948e-03
942.568	7.300826e-03
943.050	7.381032e-03
943.527	7.480000e-03
944.009	7.570000e-03
944.491	7.670001e-03
944.974	7.780000e-03
945.456	7.890000e-03
945.938	8.010000e-03
946.420	8.130000e-03
946.907	8.260620e-03
947.389	8.400621e-03
947.871	8.540621e-03
948.354	8.680665e-03
948.836	8.830709e-03
949.318	8.990710e-03
949.800	9.150755e-03
950.277	9.319000e-03
950.759	9.497876e-03
951.241	9.677864e-03
951.724	9.867746e-03
952.206	1.009727e-02
952.688	1.029763e-02
953.170	1.049763e-02
953.657	1.069971e-02
954.139	1.089971e-02
954.621	1.120266e-02
955.104	1.140266e-02
955.586	1.160399e-02
956.068	1.190266e-02
956.550	1.210399e-02
957.027	1.240090e-02
957.509	1.270090e-02
957.991	1.300089e-02
958.474	1.329911e-02
958.956	1.349940e-02
959.438	1.379910e-02
959.920	1.419880e-02
960.407	1.450223e-02
960.889	1.480223e-02
961.371	1.510297e-02
961.854	1.550221e-02
962.336	1.580058e-02
962.818	1.620043e-02
963.300	1.650058e-02
963.777	1.689645e-02
964.259	1.729645e-02
964.741	1.759734e-02
965.224	1.799645e-02
965.706	1.839645e-02
966.188	1.880235e-02
966.670	1.920294e-02
967.157	1.970652e-02
967.639	2.010652e-02
968.121	2.050815e-02
968.604	2.100652e-02
969.086	2.140815e-02
969.568	2.190810e-02
970.050	2.240413e-02
970.527	2.280000e-02
971.009	2.340000e-02
971.491	2.390000e-02
971.974	2.440000e-02
972.456	2.490000e-02
972.938	2.550000e-02
973.420	2.610000e-02
973.907	2.670266e-02
974.389	2.730266e-02
974.871	2.790310e-02
975.354	2.860266e-02
975.836	2.920311e-02
976.318	2.990355e-02
976.800	3.070311e-02
977.277	3.139588e-02
977.759	3.219057e-02
978.241	3.299051e-02
978.724	3.379051e-02
979.206	3.468932e-02
979.688	3.558932e-02
980.170	3.648932e-02
980.657	3.749855e-02
981.139	3.849855e-02
981.621	3.961331e-02
982.104	4.061598e-02
982.586	4.181464e-02
983.068	4.291731e-02
983.550	4.421597e-02
984.027	4.540389e-02
984.509	4.670419e-02
984.991	4.810416e-02
985.474	4.949584e-02
985.956	5.099551e-02
986.438	5.249551e-02
986.920	5.409521e-02
987.407	5.581263e-02
987.889	5.751337e-02
988.371	5.931412e-02
988.854	6.121477e-02
989.336	6.320289e-02
989.818	6.520318e-02
990.300	6.740318e-02
990.777	6.958048e-02
991.259	7.187959e-02
991.741	7.437781e-02
992.224	7.687781e-02
992.706	7.957604e-02
993.188	8.240420e-02
993.670	8.530434e-02
994.157	8.833797e-02
994.639	9.154034e-02
995.121	9.494271e-02
995.604	9.854153e-02
996.086	1.020470e-01
996.568	1.060058e-01
997.050	1.100072e-01
997.527	1.149556e-01
998.009	1.199556e-01
998.491	1.239645e-01
998.974	1.299467e-01
999.456	1.349556e-01
999.938	1.410087e-01
1000.420	1.470087e-01
1000.907	1.530831e-01
1001.389	1.600831e-01
1001.871	1.670831e-01
1002.354	1.740949e-01
1002.836	1.820939e-01
1003.318	1.900130e-01
1003.800	1.990130e-01
1004.277	2.079201e-01
1004.759	2.179112e-01
1005.241	2.279112e-01
1005.724	2.379113e-01
1006.206	2.489024e-01
1006.688	2.610174e-01
1007.170	2.730188e-01
1007.657	2.861424e-01
1008.139	2.981661e-01
1008.621	3.121661e-01
1009.104	3.261661e-01
1009.586	3.401644e-01
1010.068	3.540203e-01
1010.550	3.680217e-01
1011.027	3.828669e-01
1011.509	3.968758e-01
1011.991	4.118669e-01
1012.474	4.258757e-01
1012.956	4.388846e-01
1013.438	4.530188e-01
1013.920	4.660174e-01
1014.407	4.781424e-01
1014.889	4.901187e-01
1015.371	5.001187e-01
1015.854	5.101186e-01
1016.336	5.200939e-01
1016.818	5.280116e-01
1017.300	5.360101e-01
1017.777	5.429379e-01
1018.259	5.489468e-01
1018.741	5.539556e-01
1019.224	5.579645e-01
1019.706	5.619645e-01
1020.188	5.650029e-01
1020.670	5.670029e-01
1021.157	5.690119e-01
1021.639	5.700119e-01
1022.121	5.710118e-01
1022.604	5.719882e-01
1023.086	5.710000e-01
1023.568	5.709985e-01
1024.050	5.699985e-01
1024.527	5.690089e-01
1025.009	5.680089e-01
1025.491	5.660177e-01
1025.974	5.640178e-01
1026.456	5.620177e-01
1026.938	5.599957e-01
1027.420	5.569971e-01
1027.907	5.549644e-01
1028.389	5.519644e-01
1028.871	5.489644e-01
1029.354	5.459644e-01
1029.836	5.429648e-01
1030.318	5.399957e-01
1030.800	5.369957e-01
1031.277	5.340266e-01
1031.759	5.310266e-01
1032.241	5.280266e-01
1032.724	5.250266e-01
1033.206	5.220266e-01
1033.688	5.189942e-01
1034.170	5.149956e-01
1034.657	5.119644e-01
1035.139	5.089644e-01
1035.621	5.059644e-01
1036.104	5.029644e-01
1036.586	4.999648e-01
1037.068	4.969957e-01
1037.550	4.939956e-01
1038.027	4.910266e-01
1038.509	4.880266e-01
1038.991	4.850266e-01
1039.474	4.820266e-01
1039.956	4.790266e-01
1040.438	4.759957e-01
1040.920	4.729971e-01
1041.407	4.709644e-01
1041.889	4.679644e-01
1042.371	4.649763e-01
1042.854	4.629644e-01
1043.336	4.599765e-01
1043.818	4.579957e-01
1044.300	4.549971e-01
1044.777	4.530178e-01
1045.259	4.510178e-01
1045.741	4.480266e-01
1046.224	4.460178e-01
1046.706	4.440178e-01
1047.188	4.419971e-01
1047.670	4.399971e-01
1048.157	4.379763e-01
1048.639	4.359763e-01
1049.121	4.339881e-01
1049.604	4.329763e-01
1050.086	4.309765e-01
1050.568	4.289985e-01
1051.050	4.279971e-01
1051.527	4.260177e-01
1052.009	4.250089e-01
1052.491	4.230178e-01
1052.974	4.220089e-01
1053.456	4.210089e-01
1053.938	4.199985e-01
1054.420	4.189986e-01
1054.907	4.179881e-01
1055.389	4.169881e-01
1055.871	4.159881e-01
1056.354	4.149881e-01
1056.836	4.140000e-01
1057.318	4.139986e-01
1057.800	4.129985e-01
1058.277	4.120089e-01
1058.759	4.120000e-01
1059.241	4.120000e-01
1059.724	4.110089e-01
1060.206	4.110000e-01
1060.688	4.110000e-01
1061.170	4.110000e-01
1061.657	4.110000e-01
1062.139	4.110000e-01
1062.621	4.110119e-01
1063.104	4.120000e-01
1063.586	4.120000e-01
1064.068	4.120014e-01
1064.550	4.130014e-01
1065.027	4.139911e-01
1065.509	4.140000e-01
1065.991	4.149911e-01
1066.474	4.159911e-01
1066.956	4.169911e-01
1067.438	4.180015e-01
1067.920	4.190014e-01
1068.407	4.200119e-01
1068.889	4.210119e-01
1069.371	4.220237e-01
1069.854	4.240119e-01
1070.336	4.250235e-01
1070.818	4.270029e-01
1071.300	4.290029e-01
1071.777	4.309822e-01
1072.259	4.319911e-01
1072.741	4.339822e-01
1073.224	4.359822e-01
1073.706	4.389734e-01
1074.188	4.410029e-01
1074.670	4.430043e-01
1075.157	4.460237e-01
1075.639	4.480356e-01
1076.121	4.510237e-01
1076.604	4.530356e-01
1077.086	4.560235e-01
1077.568	4.580043e-01
1078.050	4.610043e-01
1078.527	4.639734e-01
1079.009	4.669734e-01
1079.491	4.699734e-01
1079.974	4.729734e-01
1080.456	4.759734e-01
1080.938	4.790058e-01
1081.420	4.830043e-01
1081.907	4.860356e-01
1082.389	4.890356e-01
1082.871	4.920356e-01
1083.354	4.950356e-01
1083.836	4.980352e-01
1084.318	5.010043e-01
1084.800	5.040043e-01
1085.277	5.069734e-01
1085.759	5.109645e-01
1086.241	5.139734e-01
1086.724	5.169734e-01
1087.206	5.199734e-01
1087.688	5.220044e-01
1088.170	5.250043e-01
1088.657	5.280237e-01
1089.139	5.300356e-01
1089.621	5.330237e-01
1090.104	5.350238e-01
1090.586	5.370235e-01
1091.068	5.390014e-01
1091.550	5.400029e-01
1092.027	5.419822e-01
1092.509	5.429911e-01
1092.991	5.439912e-01
1093.474	5.449911e-01
1093.956	5.450000e-01
1094.438	5.450000e-01
1094.920	5.449986e-01
1095.407	5.439882e-01
1095.889	5.429763e-01
1096.371	5.409881e-01
1096.854	5.399763e-01
1097.336	5.379648e-01
1097.818	5.349957e-01
1098.300	5.319957e-01
1098.777	5.290266e-01
1099.259	5.250355e-01
1099.741	5.210355e-01
1100.224	5.170355e-01
1100.706	5.120444e-01
1101.188	5.069928e-01
1101.670	5.019913e-01
1102.157	4.959288e-01
1102.639	4.899288e-01
1103.121	4.839169e-01
1103.604	4.769288e-01
1104.086	4.709178e-01
1104.568	4.639899e-01
1105.050	4.569884e-01
1105.527	4.490710e-01
1106.009	4.420621e-01
1106.491	4.340710e-01
1106.974	4.260710e-01
1107.456	4.180710e-01
1107.938	4.099884e-01
1108.420	4.019884e-01
1108.897	3.940710e-01
1109.379	3.850799e-01
1109.861	3.770710e-01
1110.344	3.690710e-01
1110.826	3.600799e-01
1111.308	3.521528e-01
1111.790	3.441544e-01
1112.277	3.350799e-01
1112.759	3.270710e-01
1113.241	3.190710e-01
1113.724	3.110710e-01
1114.206	3.030710e-01
1114.688	2.949884e-01
1115.170	2.869884e-01
1115.647	2.790710e-01
1116.129	2.720621e-01
1116.611	2.640710e-01
1117.094	2.570621e-01
1117.576	2.500621e-01
1118.058	2.431337e-01
1118.540	2.361351e-01
1119.027	2.300533e-01
1119.509	2.230621e-01
1119.991	2.170532e-01
1120.474	2.110532e-01
1120.956	2.050532e-01
1121.438	1.989913e-01
1121.920	1.929928e-01
1122.397	1.880444e-01
1122.879	1.830444e-01
1123.361	1.780444e-01
1123.844	1.730444e-01
1124.326	1.680444e-01
1124.808	1.630955e-01
1125.290	1.590772e-01
1125.777	1.540444e-01
1126.259	1.500355e-01
1126.741	1.460355e-01
1127.224	1.420355e-01
1127.706	1.380355e-01
1128.188	1.349942e-01
1128.670	1.309957e-01
1129.147	1.280266e-01
1129.629	1.240355e-01
1130.111	1.210266e-01
1130.594	1.180266e-01
1131.076	1.150266e-01
1131.558	1.120573e-01
1132.040	1.090579e-01
1132.527	1.070178e-01
1133.009	1.040266e-01
1133.491	1.020177e-01
1133.974	9.922485e-02
1134.456	9.701953e-02
1134.938	9.469696e-02
1135.420	9.259711e-02
1135.897	9.061775e-02
1136.379	8.861775e-02
1136.861	8.671686e-02
1137.344	8.481686e-02
1137.826	8.301597e-02
1138.308	8.122659e-02
1138.790	7.942674e-02
1139.277	7.770754e-02
1139.759	7.600754e-02
1140.241	7.430754e-02
1140.724	7.270710e-02
1141.206	7.120665e-02
1141.688	6.970666e-02
1142.170	6.818555e-02
1142.647	6.680000e-02
1143.129	6.540000e-02
1143.611	6.400000e-02
1144.094	6.270000e-02
1144.576	6.140000e-02
1145.058	6.010000e-02
1145.540	5.890000e-02
1146.027	5.769468e-02
1146.509	5.649512e-02
1146.991	5.539512e-02
1147.474	5.429512e-02
1147.956	5.319512e-02
1148.438	5.209556e-02
1148.920	5.109556e-02
1149.397	5.010588e-02
1149.879	4.911180e-02
1150.361	4.811186e-02
1150.844	4.721068e-02
1151.326	4.621187e-02
1151.808	4.531068e-02
1152.290	4.450949e-02
1152.777	4.360130e-02
1153.259	4.270130e-02
1153.741	4.190591e-02
1154.224	4.110594e-02
1154.706	4.030594e-02
1155.188	3.950594e-02
1155.670	3.880520e-02
1156.147	3.801420e-02
1156.629	3.731243e-02
1157.111	3.661243e-02
1157.594	3.590213e-02
1158.076	3.520209e-02
1158.558	3.450209e-02
1159.040	3.390179e-02
1159.527	3.319554e-02
1160.009	3.259554e-02
1160.491	3.199554e-02
1160.974	3.139557e-02
1161.456	3.079913e-02
1161.938	3.019913e-02
1162.420	2.959928e-02
1162.897	2.910444e-02
1163.379	2.850533e-02
1163.861	2.800444e-02
1164.344	2.750444e-02
1164.826	2.700444e-02
1165.308	2.640886e-02
1165.790	2.590743e-02
1166.277	2.550177e-02
1166.759	2.500222e-02
1167.241	2.450222e-02
1167.724	2.410177e-02
1168.206	2.360222e-02
1168.688	2.320177e-02
1169.170	2.279587e-02
1169.647	2.240000e-02
1170.129	2.200000e-02
1170.611	2.160000e-02
1171.094	2.120000e-02
1171.576	2.080000e-02
1172.058	2.040000e-02
1172.540	2.000000e-02
1173.027	1.969822e-02
1173.509	1.929823e-02
1173.991	1.889822e-02
1174.474	1.849823e-02
1174.956	1.809823e-02
1175.438	1.769867e-02
1175.920	1.739822e-02
1176.397	1.700235e-02
1176.879	1.670354e-02
1177.361	1.630475e-02
1177.844	1.600356e-02
1178.326	1.570356e-02
1178.808	1.540356e-02
1179.290	1.510356e-02
1179.777	1.480043e-02
1180.259	1.450043e-02
1180.741	1.420222e-02
1181.224	1.390223e-02
1181.706	1.360223e-02
1182.188	1.330223e-02
1182.670	1.310149e-02
1183.147	1.280532e-02
1183.629	1.250532e-02
1184.111	1.230355e-02
1184.594	1.200091e-02
1185.076	1.180060e-02
1185.558	1.150090e-02
1186.040	1.130060e-02
1186.527	1.119851e-02
1187.009	1.099851e-02
1187.491	1.079926e-02
1187.974	1.069852e-02
1188.456	1.049971e-02
1188.938	1.029986e-02
1189.420	1.019971e-02
1189.897	1.000177e-02
1190.379	9.890976e-03
1190.861	9.741331e-03
1191.344	9.601243e-03
1191.826	9.461242e-03
1192.308	9.331919e-03
1192.790	9.211783e-03
1193.277	9.100489e-03
1193.759	8.990488e-03
1194.241	8.890444e-03
1194.724	8.790444e-03
1195.206	8.700399e-03
1195.688	8.610399e-03
1196.170	8.529175e-03
1196.647	8.450000e-03
1197.129	8.370000e-03
1197.611	8.300000e-03
1198.094	8.240000e-03
1198.576	8.190000e-03
1199.058	8.150000e-03
1199.540	8.110000e-03
1200.027	8.069645e-03
1200.509	8.029556e-03
1200.991	7.979379e-03
1201.474	7.909468e-03
1201.956	7.849379e-03
1202.438	7.779467e-03
1202.920	7.719468e-03
1203.397	7.660087e-03
1203.879	7.610073e-03
1204.361	7.580089e-03
1204.844	7.570030e-03
1205.326	7.560029e-03
1205.808	7.569970e-03
1206.290	7.579970e-03
1206.777	7.590074e-03
1207.259	7.600074e-03
1207.741	7.610075e-03
1208.224	7.620148e-03
1208.706	7.640059e-03
1209.188	7.650117e-03
1209.670	7.670118e-03
1210.147	7.689911e-03
1210.629	7.719867e-03
1211.111	7.759822e-03
1211.594	7.799823e-03
1212.076	7.859734e-03
1212.558	7.909778e-03
1213.040	7.969641e-03
1213.527	8.020266e-03
1214.009	8.080310e-03
1214.491	8.150310e-03
1214.974	8.220355e-03
1215.456	8.300355e-03
1215.938	8.380399e-03
1216.420	8.470399e-03
1216.897	8.559470e-03
1217.379	8.658820e-03
1217.861	8.768695e-03
1218.344	8.868813e-03
1218.826	8.968814e-03
1219.308	9.078695e-03
1219.790	9.188694e-03
1220.277	9.309826e-03
1220.759	9.419841e-03
1221.241	9.568892e-03
1221.724	9.699035e-03
1222.206	9.858811e-03
1222.688	9.998960e-03
1223.170	1.019851e-02
1223.647	1.029823e-02
1224.129	1.049645e-02
1224.611	1.069645e-02
1225.094	1.089939e-02
1225.576	1.109940e-02
1226.058	1.129940e-02
1226.540	1.149940e-02
1227.027	1.170223e-02
1227.509	1.200149e-02
1227.991	1.220223e-02
1228.474	1.250222e-02
1228.956	1.280043e-02
1229.438	1.310043e-02
1229.920	1.340058e-02
1230.397	1.379645e-02
1230.879	1.409734e-02
1231.361	1.439734e-02
1231.844	1.479645e-02
1232.326	1.519645e-02
1232.808	1.569262e-02
1233.290	1.609406e-02
1233.777	1.659778e-02
1234.259	1.719734e-02
1234.741	1.769778e-02
1235.224	1.829734e-02
1235.706	1.889734e-02
1236.188	1.959689e-02
1236.670	2.030723e-02
1237.147	2.100000e-02
1237.629	2.180000e-02
1238.111	2.260000e-02
1238.594	2.350000e-02
1239.076	2.450000e-02
1239.558	2.540000e-02
1240.040	2.650000e-02
1240.527	2.770532e-02
1241.009	2.890577e-02
1241.491	3.020666e-02
1241.974	3.170666e-02
1242.456	3.320799e-02
1242.938	3.500843e-02
1243.420	3.690887e-02
1243.897	3.888823e-02
1244.379	4.117287e-02
1244.861	4.367033e-02
1245.344	4.646678e-02
1245.826	4.956322e-02
1246.308	5.295965e-02
1246.790	5.675491e-02
1247.277	6.099392e-02
1247.759	6.559335e-02
1248.241	7.074792e-02
1248.724	7.615325e-02
1249.206	8.215857e-02
1249.688	8.876478e-02
1250.170	9.607100e-02
1250.647	1.039884e-01
1251.129	1.129870e-01
1251.611	1.238708e-01
1252.094	1.358576e-01
1252.576	1.488457e-01
1253.058	1.638220e-01
1253.540	1.807983e-01
1254.027	2.009711e-01
1254.509	2.219696e-01
1254.991	2.462219e-01
1255.474	2.712485e-01
1255.956	2.992485e-01
1256.438	3.272574e-01
1256.920	3.562485e-01
1257.397	3.839595e-01
1257.879	4.119595e-01
1258.361	4.367064e-01
1258.844	4.607152e-01
1259.326	4.807627e-01
1259.808	4.977983e-01
1260.290	5.108457e-01
1260.777	5.189884e-01
1261.259	5.219957e-01
1261.741	5.199201e-01
1262.224	5.108846e-01
1262.706	4.978314e-01
1263.188	4.787870e-01
1263.670	4.547604e-01
1264.147	4.280391e-01
1264.629	3.980434e-01
1265.111	3.663758e-01
1265.594	3.343797e-01
1266.076	3.023797e-01
1266.558	2.713678e-01
1267.040	2.423441e-01
1267.527	2.150391e-01
1268.009	1.790521e-01
1268.491	1.588402e-01
1268.974	1.408669e-01
1269.456	1.258846e-01
1269.938	1.128935e-01
1270.420	1.009148e-01
1270.897	9.141389e-02
1271.379	8.271259e-02
1271.861	7.525538e-02
1272.344	6.864903e-02
1272.826	6.294234e-02
1273.308	5.783788e-02
1273.790	5.343268e-02
1274.277	4.948983e-02
1274.759	4.609103e-02
1275.241	4.309197e-02
1275.724	4.040803e-02
1276.206	3.800718e-02
1276.688	3.580658e-02
1277.170	3.380598e-02
1277.647	3.202396e-02
1278.129	3.042130e-02
1278.611	2.891997e-02
1279.094	2.751864e-02
1279.576	2.619826e-02
1280.058	2.499841e-02
1280.540	2.389855e-02
1281.027	2.288813e-02
1281.509	2.188932e-02
1281.991	2.098932e-02
1282.474	2.009051e-02
1282.956	1.929056e-02
1283.438	1.849588e-02
1283.920	1.779588e-02
1284.397	1.710311e-02
1284.879	1.650266e-02
1285.361	1.580311e-02
1285.844	1.520266e-02
1286.326	1.470222e-02
1286.808	1.410266e-02
1287.290	1.360518e-02
1287.777	1.320000e-02
1288.259	1.270000e-02
1288.741	1.220000e-02
1289.224	1.180000e-02
1289.706	1.140000e-02
1290.188	1.100000e-02
1290.670	1.070000e-02
1291.147	1.030648e-02
1291.629	9.965543e-03
1292.111	9.635381e-03
1292.594	9.325054e-03
1293.076	9.015054e-03
1293.558	8.724728e-03
1294.040	8.444565e-03
1294.527	8.181529e-03
1295.009	7.921928e-03
1295.491	7.671858e-03
1295.974	7.431783e-03
1296.456	7.201709e-03
1296.938	6.981634e-03
1297.420	6.771560e-03
1297.897	6.573550e-03
1298.379	6.373550e-03
1298.861	6.183373e-03
1299.344	5.999754e-03
1299.826	5.829755e-03
1300.308	5.659769e-03
1300.790	5.499769e-03
1301.277	5.338220e-03
1301.759	5.188220e-03
1302.241	5.038339e-03
1302.724	4.898339e-03
1303.206	4.758460e-03
1303.688	4.628658e-03
1304.170	4.498761e-03
1304.647	4.380000e-03
1305.129	4.260000e-03
1305.611	4.150000e-03
1306.094	4.030000e-03
1306.576	3.930000e-03
1307.058	3.820000e-03
1307.540	3.730000e-03
1308.027	3.629201e-03
1308.509	3.539201e-03
1308.991	3.449290e-03
1309.474	3.369202e-03
1309.956	3.279290e-03
1310.438	3.199290e-03
1310.920	3.119379e-03
1311.397	3.050101e-03
1311.879	2.970116e-03
1312.361	2.910180e-03
1312.844	2.840209e-03
1313.326	2.780180e-03
1313.808	2.710210e-03
1314.290	2.660150e-03
1314.777	2.589628e-03
1315.259	2.539628e-03
1315.741	2.489628e-03
1316.224	2.439629e-03
1316.706	2.389765e-03
1317.188	2.349706e-03
1317.670	2.299765e-03
1318.147	2.260177e-03
1318.629	2.210222e-03
1319.111	2.180133e-03
1319.594	2.130221e-03
1320.076	2.100133e-03
1320.558	2.060178e-03
1321.040	2.030179e-03
1321.527	1.999867e-03
1322.009	1.969867e-03
1322.491	1.939911e-03
1322.974	1.919822e-03
1323.456	1.879912e-03
1323.938	1.859867e-03
1324.420	1.829911e-03
1324.897	1.810118e-03
1325.379	1.790149e-03
1325.861	1.770149e-03
1326.344	1.750149e-03
1326.826	1.730148e-03
1327.308	1.710148e-03
1327.790	1.700074e-03
1328.277	1.679970e-03
1328.759	1.669941e-03
1329.241	1.649970e-03
1329.724	1.639971e-03
1330.206	1.619985e-03
1330.688	1.609971e-03
1331.170	1.590000e-03
1331.647	1.590000e-03
1332.129	1.570177e-03
1332.611	1.570000e-03
1333.094	1.560089e-03
1333.576	1.550088e-03
1334.058	1.550000e-03
1334.540	1.550000e-03
1335.027	1.540000e-03
1335.509	1.540000e-03
1335.991	1.540000e-03
1336.474	1.550000e-03
1336.956	1.550000e-03
1337.438	1.570000e-03
1337.920	1.570000e-03
1338.397	1.589763e-03
1338.879	1.599881e-03
1339.361	1.619762e-03
1339.844	1.629881e-03
1340.326	1.649763e-03
1340.808	1.669763e-03
1341.290	1.689762e-03
1341.777	1.709971e-03
1342.259	1.719986e-03
1342.741	1.729970e-03
1343.224	1.739970e-03
1343.706	1.759940e-03
1344.188	1.769970e-03
1344.670	1.770000e-03
1345.147	1.779867e-03
1345.629	1.789867e-03
1346.111	1.790000e-03
1346.594	1.790000e-03
1347.076	1.799851e-03
1347.558	1.800000e-03
1348.040	1.800000e-03
1348.527	1.790045e-03
1349.009	1.790000e-03
1349.491	1.790000e-03
1349.974	1.790000e-03
1350.456	1.790000e-03
1350.938	1.790000e-03
1351.420	1.790000e-03
1351.897	1.790000e-03
1352.379	1.790000e-03
1352.861	1.790000e-03
1353.344	1.790000e-03
1353.826	1.799837e-03
1354.308	1.800000e-03
1354.790	1.809837e-03
1355.277	1.810000e-03
1355.759	1.820133e-03
1356.241	1.830133e-03
1356.724	1.840133e-03
1357.206	1.850266e-03
1357.688	1.870133e-03
1358.170	1.880133e-03
1358.647	1.890060e-03
1359.129	1.910060e-03
1359.611	1.930060e-03
1360.094	1.950029e-03
1360.576	1.970029e-03
1361.058	1.990029e-03
1361.540	2.010029e-03
1362.027	2.030356e-03
1362.509	2.060238e-03
1362.991	2.080237e-03
1363.474	2.100356e-03
1363.956	2.130236e-03
1364.438	2.150310e-03
1364.920	2.180207e-03
1365.397	2.200000e-03
1365.879	2.230000e-03
1366.361	2.260000e-03
1366.844	2.280000e-03
1367.326	2.310000e-03
1367.808	2.330000e-03
1368.290	2.360000e-03
1368.777	2.380266e-03
1369.259	2.410178e-03
1369.741	2.430267e-03
1370.224	2.460178e-03
1370.706	2.480266e-03
1371.188	2.510266e-03
1371.670	2.540266e-03
1372.147	2.569957e-03
1372.629	2.599957e-03
1373.111	2.629910e-03
1373.594	2.659911e-03
1374.076	2.699880e-03
1374.558	2.729911e-03
1375.040	2.769880e-03
1375.527	2.810297e-03
1376.009	2.850372e-03
1376.491	2.900371e-03
1376.974	2.950371e-03
1377.456	3.000353e-03
1377.938	3.060294e-03
1378.420	3.110412e-03
1378.897	3.179689e-03
1379.379	3.249689e-03
1379.861	3.319689e-03
1380.344	3.399645e-03
1380.826	3.479645e-03
1381.308	3.569600e-03
1381.790	3.669402e-03
1382.277	3.770533e-03
1382.759	3.890488e-03
1383.241	4.000577e-03
1383.724	4.130576e-03
1384.206	4.260577e-03
1384.688	4.390621e-03
1385.170	4.530666e-03
1385.647	4.679117e-03
1386.129	4.848739e-03
1386.611	5.018737e-03
1387.094	5.208589e-03
1387.576	5.408514e-03
1388.058	5.638291e-03
1388.540	5.868291e-03
1389.027	6.130838e-03
1389.509	6.410927e-03
1389.991	6.720951e-03
1390.474	7.039049e-03
1390.956	7.398924e-03
1391.438	7.778863e-03
1391.920	8.188774e-03
1392.397	8.624142e-03
1392.879	9.093744e-03
1393.361	9.593344e-03
1393.844	1.009334e-02
1394.326	1.070072e-02
1394.808	1.120087e-02
1395.290	1.180087e-02
1395.777	1.240712e-02
1396.259	1.300593e-02
1396.741	1.350593e-02
1397.224	1.400593e-02
1397.706	1.450472e-02
1398.188	1.490235e-02
1398.670	1.530177e-02
1399.147	1.559867e-02
1399.629	1.579911e-02
1400.111	1.599911e-02
1400.594	1.609956e-02
1401.076	1.610000e-02
1401.558	1.610000e-02
1402.040	1.610000e-02
1402.527	1.610000e-02
1403.009	1.610000e-02
1403.491	1.620000e-02
1403.974	1.620000e-02
1404.456	1.630000e-02
1404.938	1.640000e-02
1405.420	1.650000e-02
1405.897	1.669676e-02
1406.379	1.689674e-02
1406.861	1.709674e-02
1407.344	1.739511e-02
1407.826	1.779348e-02
1408.308	1.809511e-02
1408.790	1.839511e-02
1409.277	1.879765e-02
1409.759	1.920266e-02
1410.241	1.950266e-02
1410.724	1.980266e-02
1411.206	2.010177e-02
1411.688	2.030089e-02
1412.170	2.040089e-02
1412.647	2.049986e-02
1413.129	2.050000e-02
1413.611	2.040074e-02
1414.094	2.020148e-02
1414.576	1.990223e-02
1415.058	1.950297e-02
1415.540	1.900371e-02
1416.027	1.849821e-02
1416.509	1.789791e-02
1416.991	1.719792e-02
1417.474	1.650208e-02
1417.956	1.580209e-02
1418.438	1.500239e-02
1418.920	1.430209e-02
1419.397	1.360932e-02
1419.879	1.290932e-02
1420.361	1.220932e-02
1420.844	1.150932e-02
1421.326	1.089928e-02
1421.808	1.039920e-02
1422.290	9.849291e-03
1422.777	9.354541e-03
1423.259	8.895135e-03
1423.741	8.485372e-03
1424.224	8.095847e-03
1424.706	7.746209e-03
1425.188	7.427007e-03
1425.670	7.137213e-03
1426.147	6.870000e-03
1426.629	6.630000e-03
1427.111	6.420000e-03
1427.594	6.240000e-03
1428.076	6.070000e-03
1428.558	5.930000e-03
1429.040	5.800000e-03
1429.527	5.679024e-03
1430.009	5.569112e-03
1430.491	5.469113e-03
1430.974	5.369378e-03
1431.456	5.299467e-03
1431.938	5.239556e-03
1432.420	5.189822e-03
1432.897	5.170028e-03
1433.379	5.160014e-03
1433.861	5.160000e-03
1434.344	5.179940e-03
1434.826	5.219880e-03
1435.308	5.269850e-03
1435.790	5.329821e-03
1436.277	5.410594e-03
1436.759	5.490668e-03
1437.241	5.580818e-03
1437.724	5.690816e-03
1438.206	5.800706e-03
1438.688	5.920824e-03
1439.170	6.060823e-03
1439.647	6.199379e-03
1440.129	6.349334e-03
1440.611	6.509290e-03
1441.094	6.659334e-03
1441.576	6.819290e-03
1442.058	6.979290e-03
1442.540	7.119164e-03
1443.027	7.260532e-03
1443.509	7.380444e-03
1443.991	7.480311e-03
1444.474	7.550222e-03
1444.956	7.600044e-03
1445.438	7.609956e-03
1445.920	7.599734e-03
1446.397	7.540353e-03
1446.879	7.460593e-03
1447.361	7.340891e-03
1447.844	7.191114e-03
1448.326	7.011337e-03
1448.808	6.811486e-03
1449.290	6.591634e-03
1449.777	6.359282e-03
1450.259	6.119252e-03
1450.741	5.869223e-03
1451.224	5.609638e-03
1451.706	5.359638e-03
1452.188	5.109638e-03
1452.670	4.859653e-03
1453.147	4.622130e-03
1453.629	4.392041e-03
1454.111	4.162041e-03
1454.594	3.941952e-03
1455.076	3.731864e-03
1455.558	3.541977e-03
1456.040	3.351979e-03
1456.527	3.170000e-03
1457.009	2.990000e-03
1457.491	2.820000e-03
1457.974	2.660000e-03
1458.456	2.510000e-03
1458.938	2.370000e-03
1459.420	2.230000e-03
1459.897	2.111422e-03
1460.379	1.991423e-03
1460.861	1.891186e-03
1461.344	1.791187e-03
1461.826	1.691186e-03
1462.308	1.610949e-03
1462.790	1.530949e-03
1463.277	1.460102e-03
1463.759	1.400087e-03
1464.241	1.340179e-03
1464.724	1.280180e-03
1465.206	1.230150e-03
1465.688	1.190120e-03
1466.170	1.150120e-03
1466.647	1.110532e-03
1467.129	1.090266e-03
1467.611	1.060399e-03
1468.094	1.040266e-03
1468.576	1.030149e-03
1469.058	1.010297e-03
1469.540	1.010000e-03
1470.027	1.000045e-03
1470.509	1.000000e-03
1470.991	1.009956e-03
1471.474	1.010000e-03
1471.956	1.019955e-03
1472.438	1.020000e-03
1472.920	1.030148e-03
1473.397	1.040044e-03
1473.879	1.050045e-03
1474.361	1.060089e-03
1474.844	1.080044e-03
1475.326	1.090088e-03
1475.808	1.110089e-03
1476.290	1.130044e-03
1476.777	1.140296e-03
1477.259	1.160133e-03
1477.741	1.170133e-03
1478.224	1.180266e-03
1478.706	1.200133e-03
1479.188	1.210133e-03
1479.670	1.220133e-03
1480.147	1.230030e-03
1480.629	1.240000e-03
1481.111	1.240030e-03
1481.594	1.250000e-03
1482.076	1.249985e-03
1482.558	1.240000e-03
1483.040	1.239986e-03
1483.527	1.229763e-03
1484.009	1.209882e-03
1484.491	1.199763e-03
1484.974	1.179762e-03
1485.456	1.159644e-03
1485.938	1.129793e-03
1486.420	1.109690e-03
1486.897	1.080000e-03
1487.379	1.050000e-03
1487.861	1.020000e-03
1488.344	9.829999e-04
1488.826	9.489996e-04
1489.308	9.160003e-04
1489.790	8.809999e-04
1490.277	8.455344e-04
1490.759	8.105473e-04
1491.241	7.765737e-04
1491.724	7.446136e-04
1492.206	7.156539e-04
1492.688	6.896938e-04
1493.170	6.667208e-04
1493.647	6.459463e-04
1494.129	6.279524e-04
1494.611	6.119675e-04
1495.094	6.011606e-04
1495.576	5.921334e-04
1496.058	5.841192e-04
1496.540	5.741484e-04
1497.027	5.640446e-04
1497.509	5.560355e-04
1497.991	5.510224e-04
1498.474	5.490088e-04
1498.956	5.480043e-04
1499.438	5.460093e-04
1499.920	5.450018e-04
1500.397	5.459885e-04
1500.879	5.479761e-04
1501.361	5.499763e-04
1501.844	5.529640e-04
1502.326	5.559644e-04
1502.808	5.599523e-04
1503.290	5.639528e-04
1503.777	5.689928e-04
1504.259	5.759900e-04
1504.741	5.860142e-04
1505.224	5.960118e-04
1505.706	6.040083e-04
1506.188	6.100068e-04
1506.670	6.150017e-04
1507.147	6.159915e-04
1507.629	6.160004e-04
1508.111	6.150091e-04
1508.594	6.140090e-04
1509.076	6.149914e-04
1509.558	6.159944e-04
1510.040	6.169937e-04
1510.527	6.190088e-04
1511.009	6.210135e-04
1511.491	6.240175e-04
1511.974	6.280091e-04
1512.456	6.300041e-04
1512.938	6.310131e-04
1513.420	6.340135e-04
1513.897	6.369821e-04
1514.379	6.409883e-04
1514.861	6.459852e-04
1515.344	6.509850e-04
1515.826	6.569819e-04
1516.308	6.649762e-04
1516.790	6.719792e-04
1517.277	6.790374e-04
1517.759	6.840372e-04
1518.241	6.890444e-04
1518.724	6.950520e-04
1519.206	7.021031e-04
1519.688	7.121243e-04
1520.170	7.241241e-04
1520.647	7.360002e-04
1521.129	7.459998e-04
1521.611	7.519998e-04
1522.094	7.569996e-04
1522.576	7.600000e-04
1523.058	7.639997e-04
1523.540	7.680002e-04
1524.027	7.751068e-04
1524.509	7.831061e-04
1524.991	7.911064e-04
1525.474	7.990933e-04
1525.956	8.060667e-04
1526.438	8.110665e-04
1526.920	8.160796e-04
1527.397	8.220147e-04
1527.879	8.270183e-04
1528.361	8.330123e-04
1528.844	8.370058e-04
1529.326	8.410055e-04
1529.808	8.450060e-04
1530.290	8.490072e-04
1530.777	8.540472e-04
1531.259	8.580477e-04
1531.741	8.620474e-04
1532.224	8.660590e-04
1532.706	8.710477e-04
1533.188	8.750309e-04
1533.670	8.780210e-04
1534.147	8.799998e-04
1534.629	8.799998e-04
1535.111	8.799998e-04
1535.594	8.799998e-04
1536.076	8.820001e-04
1536.558	8.840003e-04
1537.040	8.859997e-04
1537.527	8.910617e-04
1538.009	8.980795e-04
1538.491	9.070621e-04
1538.974	9.140267e-04
1539.456	9.169907e-04
1539.938	9.159826e-04
1540.420	9.140001e-04
1540.897	9.140001e-04
1541.379	9.159974e-04
1541.861	9.179938e-04
1542.344	9.189969e-04
1542.826	9.189999e-04
1543.308	9.189999e-04
1543.790	9.209942e-04
1544.277	9.250295e-04
1544.759	9.290226e-04
1545.241	9.320073e-04
1545.724	9.330075e-04
1546.206	9.340061e-04
1546.688	9.350180e-04
1547.170	9.380175e-04
1547.647	9.409869e-04
1548.129	9.459779e-04
1548.611	9.499820e-04
1549.094	9.549774e-04
1549.576	9.589824e-04
1550.058	9.629820e-04
1550.540	9.669764e-04
1551.027	9.700176e-04
1551.509	9.740182e-04
1551.991	9.780223e-04
1552.474	9.830310e-04
1552.956	9.900355e-04
1553.438	9.980534e-04
1553.920	1.010000e-03
1554.397	1.010000e-03
1554.879	1.019926e-03
1555.361	1.020000e-03
1555.844	1.020000e-03
1556.326	1.029926e-03
1556.808	1.039926e-03
1557.290	1.049926e-03
1557.777	1.060030e-03
1558.259	1.070029e-03
1558.741	1.080030e-03
1559.224	1.090000e-03
1559.706	1.090014e-03
1560.188	1.100000e-03
1560.670	1.100000e-03
1561.147	1.100000e-03
1561.629	1.100000e-03
1562.111	1.109911e-03
1562.594	1.119912e-03
1563.076	1.129911e-03
1563.558	1.130000e-03
1564.040	1.139895e-03
1564.527	1.160000e-03
1565.009	1.170000e-03
1565.491	1.180000e-03
1565.974	1.190000e-03
1566.456	1.200000e-03
1566.938	1.210000e-03
1567.420	1.220000e-03
1567.897	1.239763e-03
1568.379	1.249881e-03
1568.861	1.269763e-03
1569.344	1.279882e-03
1569.826	1.299762e-03
1570.308	1.309881e-03
1570.790	1.329763e-03
1571.277	1.339985e-03
1571.759	1.349986e-03
1572.241	1.369940e-03
1572.724	1.389940e-03
1573.206	1.409940e-03
1573.688	1.419970e-03
1574.170	1.439941e-03
1574.647	1.459734e-03
1575.129	1.489601e-03
1575.611	1.509734e-03
1576.094	1.539601e-03
1576.576	1.560059e-03
1577.058	1.570117e-03
1577.540	1.590118e-03
1578.027	1.610326e-03
1578.509	1.630326e-03
1578.991	1.650326e-03
1579.474	1.670326e-03
1579.956	1.690326e-03
1580.438	1.710325e-03
1580.920	1.730295e-03
1581.397	1.750133e-03
1581.879	1.780088e-03
1582.361	1.800089e-03
1582.844	1.820089e-03
1583.326	1.840089e-03
1583.808	1.860089e-03
1584.290	1.880089e-03
1584.777	1.900297e-03
1585.259	1.920266e-03
1585.741	1.940266e-03
1586.224	1.960266e-03
1586.706	1.980266e-03
1587.188	2.000266e-03
1587.670	2.020266e-03
1588.147	2.040060e-03
1588.629	2.060060e-03
1589.111	2.080059e-03
1589.594	2.100029e-03
1590.076	2.120014e-03
1590.558	2.130028e-03
1591.040	2.150029e-03
1591.527	2.170118e-03
1592.009	2.180238e-03
1592.491	2.200119e-03
1592.974	2.210119e-03
1593.456	2.220118e-03
1593.938	2.230103e-03
1594.420	2.240000e-03
1594.897	2.240000e-03
1595.379	2.250000e-03
1595.861	2.260000e-03
1596.344	2.270000e-03
1596.826	2.270000e-03
1597.308	2.280000e-03
1597.790	2.280000e-03
1598.277	2.290000e-03
1598.759	2.290088e-03
1599.241	2.300000e-03
1599.724	2.300000e-03
1600.206	2.300000e-03
1600.688	2.300000e-03
1601.170	2.300000e-03
1601.647	2.300000e-03
1602.129	2.300000e-03
1602.611	2.300000e-03
1603.094	2.290029e-03
1603.576	2.290000e-03
1604.058	2.290000e-03
1604.540	2.280030e-03
1605.027	2.279926e-03
1605.509	2.269926e-03
1605.991	2.260000e-03
1606.474	2.259926e-03
1606.956	2.249941e-03
1607.438	2.239941e-03
1607.920	2.229941e-03
1608.397	2.220044e-03
1608.879	2.210044e-03
1609.361	2.200045e-03
1609.844	2.190044e-03
1610.326	2.180045e-03
1610.808	2.170044e-03
1611.290	2.160060e-03
1611.777	2.149912e-03
1612.259	2.129955e-03
1612.741	2.119956e-03
1613.224	2.109912e-03
1613.706	2.089956e-03
1614.188	2.079955e-03
1614.670	2.069956e-03
1615.147	2.060059e-03
1615.629	2.050074e-03
1616.111	2.040075e-03
1616.594	2.030074e-03
1617.076	2.010148e-03
1617.558	2.000074e-03
1618.040	1.980149e-03
1618.527	1.959970e-03
1619.009	1.949940e-03
1619.491	1.929970e-03
1619.974	1.919985e-03
1620.456	1.909971e-03
1620.938	1.889985e-03
1621.420	1.879986e-03
1621.897	1.870089e-03
1622.379	1.860089e-03
1622.861	1.850088e-03
1623.344	1.830177e-03
1623.826	1.820089e-03
1624.308	1.810104e-03
1624.790	1.790209e-03
1625.277	1.780000e-03
1625.759	1.770000e-03
1626.241	1.760000e-03
1626.724	1.750000e-03
1627.206	1.740000e-03
1627.688	1.730000e-03
1628.170	1.720000e-03
1628.647	1.700237e-03
1629.129	1.690118e-03
1629.611	1.680119e-03
1630.094	1.670119e-03
1630.576	1.660119e-03
1631.058	1.650119e-03
1631.540	1.650000e-03
1632.027	1.640014e-03
1632.509	1.630015e-03
1632.991	1.619822e-03
1633.474	1.610000e-03
1633.956	1.609823e-03
1634.438	1.600000e-03
1634.920	1.600000e-03
1635.397	1.599925e-03
1635.879	1.589926e-03
1636.361	1.579926e-03
1636.844	1.569926e-03
1637.326	1.559941e-03
1637.808	1.549941e-03
1638.290	1.540000e-03
1638.777	1.539837e-03
1639.259	1.529837e-03
1639.741	1.520000e-03
1640.224	1.519837e-03
1640.706	1.509837e-03
1641.188	1.500000e-03
1641.670	1.499852e-03
1642.147	1.490000e-03
1642.629	1.489956e-03
1643.111	1.479955e-03
1643.594	1.470000e-03
1644.076	1.470000e-03
1644.558	1.469956e-03
1645.040	1.460000e-03
1645.527	1.459852e-03
1646.009	1.450000e-03
1646.491	1.449867e-03
1646.974	1.439867e-03
1647.456	1.429867e-03
1647.938	1.420000e-03
1648.420	1.419867e-03
1648.897	1.409970e-03
1649.379	1.399970e-03
1649.861	1.389970e-03
1650.344	1.380000e-03
1650.826	1.380000e-03
1651.308	1.380000e-03
1651.790	1.380000e-03
1652.277	1.380000e-03
1652.759	1.379881e-03
1653.241	1.369762e-03
1653.724	1.349882e-03
1654.206	1.339881e-03
1654.688	1.329794e-03
1655.170	1.309897e-03
1655.647	1.300000e-03
1656.129	1.290000e-03
1656.611	1.280000e-03
1657.094	1.280000e-03
1657.576	1.270000e-03
1658.058	1.260000e-03
1658.540	1.250000e-03
1659.027	1.249911e-03
1659.509	1.239911e-03
1659.991	1.230000e-03
1660.474	1.229912e-03
1660.956	1.219911e-03
1661.438	1.210000e-03
1661.920	1.209912e-03
1662.397	1.200014e-03
1662.879	1.190015e-03
1663.361	1.190000e-03
1663.844	1.180030e-03
1664.326	1.170030e-03
1664.808	1.160030e-03
1665.290	1.160000e-03
1665.777	1.149926e-03
1666.259	1.140000e-03
1666.741	1.139925e-03
1667.224	1.130000e-03
1667.706	1.129941e-03
1668.188	1.120000e-03
1668.670	1.120000e-03
1669.147	1.120000e-03
1669.629	1.110044e-03
1670.111	1.100045e-03
1670.594	1.100000e-03
1671.076	1.090044e-03
1671.558	1.080044e-03
1672.040	1.080000e-03
1672.527	1.070000e-03
1673.009	1.069955e-03
1673.491	1.060000e-03
1673.974	1.060000e-03
1674.456	1.060000e-03
1674.938	1.060000e-03
1675.420	1.059956e-03
1675.897	1.050059e-03
1676.379	1.040074e-03
1676.861	1.040000e-03
1677.344	1.030074e-03
1677.826	1.030000e-03
1678.308	1.030000e-03
1678.790	1.020074e-03
1679.277	1.020000e-03
1679.759	1.020000e-03
1680.241	1.019970e-03
1680.724	1.010000e-03
1681.206	1.010000e-03
1681.688	1.010000e-03
1682.170	1.010000e-03
1682.647	1.010000e-03
1683.129	1.010000e-03
1683.611	1.010000e-03
1684.094	1.019911e-03
1684.576	1.020000e-03
1685.058	1.010104e-03
1685.540	1.010000e-03
1686.027	9.980002e-04
1686.509	9.930004e-04
1686.991	9.910001e-04
1687.474	9.910001e-04
1687.956	9.910001e-04
1688.438	9.910001e-04
1688.920	9.910001e-04
1689.397	9.910001e-04
1689.879	9.910001e-04
1690.361	9.910001e-04
1690.844	9.919884e-04
1691.326	9.910120e-04
1691.808	9.919884e-04
1692.290	9.929885e-04
1692.777	9.949969e-04
1693.259	9.959985e-04
1693.741	9.980357e-04
1694.224	1.000178e-03
1694.706	1.010178e-03
1695.188	1.020000e-03
1695.670	1.020000e-03
1696.147	1.020000e-03
1696.629	1.020000e-03
1697.111	1.020000e-03
1697.594	1.020000e-03
1698.076	1.020059e-03
1698.558	1.030000e-03
1699.040	1.030059e-03
1699.527	1.040163e-03
1700.009	1.050000e-03
1700.491	1.050000e-03
1700.974	1.050000e-03
1701.456	1.050000e-03
1701.938	1.050000e-03
1702.420	1.050148e-03
1702.897	1.060000e-03
1703.379	1.060044e-03
1703.861	1.070000e-03
1704.344	1.070044e-03
1704.826	1.080000e-03
1705.308	1.080044e-03
1705.790	1.090000e-03
1706.277	1.090148e-03
1706.759	1.100000e-03
1707.241	1.100000e-03
1707.724	1.100133e-03
1708.206	1.110000e-03
1708.688	1.110133e-03
1709.170	1.120133e-03
1709.647	1.130000e-03
1710.129	1.130030e-03
1710.611	1.140000e-03
1711.094	1.140014e-03
1711.576	1.150000e-03
1712.058	1.150014e-03
1712.540	1.160000e-03
1713.027	1.160118e-03
1713.509	1.170119e-03
1713.991	1.180118e-03
1714.474	1.190000e-03
1714.956	1.190119e-03
1715.438	1.200000e-03
1715.920	1.200103e-03
1716.397	1.210000e-03
1716.879	1.220000e-03
1717.361	1.230000e-03
1717.844	1.230000e-03
1718.326	1.230000e-03
1718.808	1.230000e-03
1719.290	1.230000e-03
1719.777	1.230089e-03
1720.259	1.240000e-03
1720.741	1.240000e-03
1721.224	1.240000e-03
1721.706	1.240000e-03
1722.188	1.240089e-03
1722.670	1.250000e-03
1723.147	1.250000e-03
1723.629	1.250000e-03
1724.111	1.250000e-03
1724.594	1.250000e-03
1725.076	1.250000e-03
1725.558	1.250000e-03
1726.040	1.250000e-03
1726.527	1.249925e-03
1727.009	1.240000e-03
1727.491	1.240000e-03
1727.974	1.240000e-03
1728.456	1.240000e-03
1728.938	1.239941e-03
1729.420	1.230000e-03
1729.897	1.230000e-03
1730.379	1.230000e-03
1730.861	1.230000e-03
1731.344	1.220044e-03
1731.826	1.220000e-03
1732.308	1.220000e-03
1732.790	1.220000e-03
1733.277	1.220000e-03
1733.759	1.220000e-03
1734.241	1.219956e-03
1734.724	1.210000e-03
1735.206	1.209956e-03
1735.688	1.200000e-03
1736.170	1.199955e-03
1736.647	1.190059e-03
1737.129	1.190000e-03
1737.611	1.190000e-03
1738.094	1.190000e-03
1738.576	1.190000e-03
1739.058	1.190000e-03
1739.540	1.190000e-03
1740.027	1.190000e-03
1740.509	1.189970e-03
1740.991	1.180000e-03
1741.474	1.180000e-03
1741.956	1.180000e-03
1742.438	1.180000e-03
1742.920	1.180014e-03
1743.397	1.189911e-03
1743.879	1.190000e-03
1744.361	1.190000e-03
1744.844	1.190000e-03
1745.326	1.190000e-03
1745.808	1.190000e-03
1746.290	1.190000e-03
1746.777	1.190000e-03
1747.259	1.190000e-03
1747.741	1.200000e-03
1748.224	1.200000e-03
1748.706	1.200000e-03
1749.188	1.200000e-03
1749.670	1.200000e-03
1750.147	1.210000e-03
1750.629	1.210000e-03
1751.111	1.210089e-03
1751.594	1.220000e-03
1752.076	1.219911e-03
1752.558	1.210000e-03
1753.040	1.210000e-03
1753.527	1.210193e-03
1754.009	1.220000e-03
1754.491	1.220000e-03
1754.974	1.220000e-03
1755.456	1.220000e-03
1755.938	1.220177e-03
1756.420	1.230000e-03
1756.897	1.230000e-03
1757.379	1.230000e-03
1757.861	1.230000e-03
1758.344	1.230000e-03
1758.826	1.230000e-03
1759.308	1.230000e-03
1759.790	1.230000e-03
1760.277	1.230000e-03
1760.759	1.230163e-03
1761.241	1.240000e-03
1761.724	1.240000e-03
1762.206	1.240000e-03
1762.688	1.240000e-03
1763.170	1.240000e-03
1763.647	1.239956e-03
1764.129	1.230000e-03
1764.611	1.230000e-03
1765.094	1.230000e-03
1765.576	1.230000e-03
1766.058	1.230000e-03
1766.540	1.230045e-03
1767.027	1.240000e-03
1767.509	1.240000e-03
1767.991	1.240000e-03
1768.474	1.239867e-03
1768.956	1.230000e-03
1769.438	1.230000e-03
1769.920	1.230000e-03
1770.397	1.230000e-03
1770.879	1.230000e-03
1771.361	1.230000e-03
1771.844	1.230000e-03
1772.326	1.230000e-03
1772.808	1.230000e-03
1773.290	1.229986e-03
1773.777	1.220000e-03
1774.259	1.220000e-03
1774.741	1.220000e-03
1775.224	1.220000e-03
1775.706	1.219882e-03
1776.188	1.210000e-03
1776.670	1.210000e-03
1777.147	1.210000e-03
1777.629	1.210000e-03
1778.111	1.200000e-03
1778.594	1.200000e-03
1779.076	1.200000e-03
1779.558	1.190000e-03
1780.040	1.190000e-03
1780.527	1.189911e-03
1781.009	1.180000e-03
1781.491	1.179911e-03
1781.974	1.170000e-03
1782.456	1.169911e-03
1782.938	1.160000e-03
1783.420	1.159911e-03
1783.897	1.150014e-03
1784.379	1.150000e-03
1784.861	1.140029e-03
1785.344	1.130030e-03
1785.826	1.120030e-03
1786.308	1.120000e-03
1786.790	1.110030e-03
1787.277	1.099926e-03
1787.759	1.090000e-03
1788.241	1.089925e-03
1788.724	1.079926e-03
1789.206	1.069941e-03
1789.688	1.059941e-03
1790.170	1.050000e-03
1790.647	1.050000e-03
1791.129	1.040044e-03
1791.611	1.030045e-03
1792.094	1.020044e-03
1792.576	1.010044e-03
1793.058	1.000045e-03
1793.540	9.910539e-04
1794.027	9.789514e-04
1794.509	9.679552e-04
1794.991	9.579600e-04
1795.474	9.489508e-04
1795.956	9.379555e-04
1796.438	9.279514e-04
1796.920	9.169552e-04
1797.397	9.070588e-04
1797.879	8.970745e-04
1798.361	8.870742e-04
1798.844	8.770745e-04
1799.326	8.670740e-04
1799.808	8.570744e-04
1800.290	8.460821e-04
1800.777	8.349698e-04
1801.259	8.249702e-04
1801.741	8.149696e-04
1802.224	8.049353e-04
1802.706	7.939355e-04
1803.188	7.829408e-04
1803.670	7.729412e-04
1804.147	7.630448e-04
1804.629	7.530443e-04
1805.111	7.430446e-04
1805.594	7.330442e-04
1806.076	7.240402e-04
1806.558	7.140442e-04
1807.040	7.040157e-04
1807.527	6.949200e-04
1808.009	6.859205e-04
1808.491	6.769201e-04
1808.974	6.679286e-04
1809.456	6.599204e-04
1809.938	6.509289e-04
1810.420	6.429287e-04
1810.897	6.350119e-04
1811.379	6.270117e-04
1811.861	6.179882e-04
1812.344	6.099894e-04
1812.826	6.029888e-04
1813.308	5.949900e-04
1813.790	5.879899e-04
1814.277	5.809169e-04
1814.759	5.739168e-04
1815.241	5.669286e-04
1815.724	5.609168e-04
1816.206	5.539165e-04
1816.688	5.468964e-04
1817.170	5.399110e-04
1817.647	5.339686e-04
1818.129	5.269685e-04
1818.611	5.199737e-04
1819.094	5.139693e-04
1819.576	5.069781e-04
1820.058	5.019686e-04
1820.540	4.949774e-04
1821.027	4.899253e-04
1821.509	4.849112e-04
1821.991	4.799114e-04
1822.474	4.749293e-04
1822.956	4.709110e-04
1823.438	4.659467e-04
1823.920	4.629294e-04
1824.397	4.589776e-04
1824.879	4.559780e-04
1825.361	4.529702e-04
1825.844	4.489704e-04
1826.326	4.449584e-04
1826.808	4.409691e-04
1827.290	4.379790e-04
1827.767	4.360002e-04
1828.249	4.339999e-04
1828.731	4.329998e-04
1829.214	4.319997e-04
1829.696	4.319997e-04
1830.178	4.300003e-04
1830.660	4.290001e-04
1831.147	4.270145e-04
1831.629	4.250145e-04
1832.111	4.240077e-04
1832.594	4.240003e-04
1833.076	4.240003e-04
1833.558	4.240003e-04
1834.040	4.230076e-04
1834.517	4.239826e-04
1834.999	4.240003e-04
1835.481	4.249819e-04
1835.964	4.259848e-04
1836.446	4.269850e-04
1836.928	4.279851e-04
1837.410	4.299706e-04
1837.897	4.309960e-04
1838.379	4.319952e-04
1838.861	4.339911e-04
1839.344	4.359913e-04
1839.826	4.379908e-04
1840.308	4.399910e-04
1840.790	4.429957e-04
1841.267	4.459643e-04
1841.749	4.489646e-04
1842.231	4.519642e-04
1842.714	4.549646e-04
1843.196	4.579641e-04
1843.678	4.609645e-04
1844.160	4.639641e-04
1844.647	4.669957e-04
1845.129	4.699953e-04
1845.611	4.730044e-04
1846.094	4.760039e-04
1846.576	4.790043e-04
1847.058	4.820047e-04
1847.540	4.850043e-04
1848.017	4.879737e-04
1848.499	4.909733e-04
1848.981	4.949641e-04
1849.464	4.979733e-04
1849.946	5.019641e-04
1850.428	5.059762e-04
1850.910	5.099759e-04
1851.397	5.140181e-04
1851.879	5.180134e-04
1852.361	5.210174e-04
1852.844	5.250179e-04
1853.326	5.290220e-04
1853.808	5.340174e-04
1854.290	5.380179e-04
1854.767	5.419763e-04
1855.249	5.459884e-04
1855.731	5.509853e-04
1856.214	5.549879e-04
1856.696	5.589885e-04
1857.178	5.629882e-04
1857.660	5.679850e-04
1858.147	5.720293e-04
1858.629	5.760373e-04
1859.111	5.810297e-04
1859.594	5.850220e-04
1860.076	5.880310e-04
1860.558	5.910314e-04
1861.040	5.940310e-04
1861.517	5.970004e-04
1861.999	5.999999e-04
1862.481	6.030003e-04
1862.964	6.059999e-04
1863.446	6.090003e-04
1863.928	6.119998e-04
1864.410	6.150002e-04
1864.897	6.179779e-04
1865.379	6.209779e-04
1865.861	6.239774e-04
1866.344	6.279705e-04
1866.826	6.309775e-04
1867.308	6.349706e-04
1867.790	6.379776e-04
1868.267	6.419286e-04
1868.749	6.459291e-04
1869.231	6.489464e-04
1869.714	6.519554e-04
1870.196	6.539706e-04
1870.678	6.569553e-04
1871.160	6.589704e-04
1871.647	6.629821e-04
1872.129	6.659869e-04
1872.611	6.689865e-04
1873.094	6.719869e-04
1873.576	6.759821e-04
1874.058	6.789869e-04
1874.540	6.819951e-04
1875.017	6.849646e-04
1875.499	6.879642e-04
1875.981	6.909645e-04
1876.464	6.949524e-04
1876.946	6.979646e-04
1877.428	7.009642e-04
1877.910	7.039646e-04
1878.397	7.069954e-04
1878.879	7.099958e-04
1879.361	7.130040e-04
1879.844	7.160044e-04
1880.326	7.190040e-04
1880.808	7.220058e-04
1881.290	7.260026e-04
1881.767	7.279822e-04
1882.249	7.309737e-04
1882.731	7.339733e-04
1883.214	7.369737e-04
1883.696	7.389820e-04
1884.178	7.419821e-04
1884.660	7.449817e-04
1885.147	7.480090e-04
1885.629	7.500137e-04
1886.111	7.530132e-04
1886.594	7.560136e-04
1887.076	7.590087e-04
1887.558	7.610134e-04
1888.040	7.640174e-04
1888.517	7.679767e-04
1888.999	7.709907e-04
1889.481	7.739912e-04
1889.964	7.759936e-04
1890.446	7.779938e-04
1890.928	7.809912e-04
1891.410	7.829937e-04
1891.897	7.860223e-04
1892.379	7.890227e-04
1892.861	7.920223e-04
1893.344	7.950153e-04
1893.826	7.970308e-04
1894.308	8.000312e-04
1894.790	8.030204e-04
1895.267	8.050000e-04
1895.749	8.070003e-04
1896.231	8.089997e-04
1896.714	8.120001e-04
1897.196	8.140004e-04
1897.678	8.159998e-04
1898.160	8.190002e-04
1898.647	8.209858e-04
1899.129	8.229850e-04
1899.611	8.249853e-04
1900.094	8.279774e-04
1900.576	8.309778e-04
1901.058	8.339773e-04
1901.540	8.369777e-04
1902.017	8.409287e-04
1902.499	8.449292e-04
1902.981	8.489289e-04
1903.464	8.539034e-04
1903.946	8.589039e-04
1904.428	8.648846e-04
1904.910	8.708845e-04
1905.397	8.779383e-04
1905.879	8.849375e-04
1906.361	8.929288e-04
1906.844	9.019203e-04
1907.326	9.109198e-04
1907.808	9.211137e-04
1908.290	9.321238e-04
1908.767	9.439998e-04
1909.249	9.569998e-04
1909.731	9.720001e-04
1910.214	9.869996e-04
1910.696	1.000000e-03
1911.178	1.020000e-03
1911.660	1.040000e-03
1912.147	1.060177e-03
1912.629	1.080178e-03
1913.111	1.100178e-03
1913.594	1.120178e-03
1914.076	1.140177e-03
1914.558	1.160177e-03
1915.040	1.180177e-03
1915.517	1.199971e-03
1915.999	1.219971e-03
1916.481	1.239940e-03
1916.964	1.259940e-03
1917.446	1.279941e-03
1917.928	1.289970e-03
1918.410	1.309940e-03
1918.897	1.320074e-03
1919.379	1.330074e-03
1919.861	1.340074e-03
1920.344	1.350074e-03
1920.826	1.360118e-03
1921.308	1.380059e-03
1921.790	1.390058e-03
1922.267	1.399956e-03
1922.749	1.409955e-03
1923.231	1.419956e-03
1923.714	1.429956e-03
1924.196	1.439956e-03
1924.678	1.449956e-03
1925.160	1.459941e-03
1925.647	1.470044e-03
1926.129	1.480044e-03
1926.611	1.490089e-03
1927.094	1.510045e-03
1927.576	1.520089e-03
1928.058	1.540044e-03
1928.540	1.550088e-03
1929.017	1.569882e-03
1929.499	1.589852e-03
1929.981	1.609851e-03
1930.464	1.629852e-03
1930.946	1.649852e-03
1931.428	1.669852e-03
1931.910	1.699777e-03
1932.397	1.730060e-03
1932.879	1.750090e-03
1933.361	1.780089e-03
1933.844	1.810058e-03
1934.326	1.850043e-03
1934.808	1.880058e-03
1935.290	1.920043e-03
1935.767	1.949734e-03
1936.249	1.989645e-03
1936.731	2.029645e-03
1937.214	2.059734e-03
1937.696	2.099645e-03
1938.178	2.139584e-03
1938.660	2.169687e-03
1939.147	2.210000e-03
1939.629	2.240000e-03
1940.111	2.270000e-03
1940.594	2.300000e-03
1941.076	2.330000e-03
1941.558	2.350000e-03
1942.040	2.370000e-03
1942.517	2.389763e-03
1942.999	2.399881e-03
1943.481	2.409882e-03
1943.964	2.410000e-03
1944.446	2.410000e-03
1944.928	2.410000e-03
1945.410	2.410000e-03
1945.897	2.400014e-03
1946.379	2.390015e-03
1946.861	2.380029e-03
1947.344	2.370030e-03
1947.826	2.350060e-03
1948.308	2.340030e-03
1948.790	2.320060e-03
1949.267	2.310133e-03
1949.749	2.290266e-03
1950.231	2.270267e-03
1950.714	2.250266e-03
1951.196	2.230297e-03
1951.678	2.210297e-03
1952.160	2.190297e-03
1952.647	2.170088e-03
1953.129	2.150089e-03
1953.611	2.130088e-03
1954.094	2.120044e-03
1954.576	2.100089e-03
1955.058	2.090045e-03
1955.540	2.070119e-03
1956.017	2.060163e-03
1956.499	2.050163e-03
1956.981	2.040163e-03
1957.464	2.040000e-03
1957.946	2.040000e-03
1958.428	2.040000e-03
1958.910	2.030163e-03
1959.397	2.000177e-03
1959.879	1.980148e-03
1960.361	1.950223e-03
1960.844	1.930149e-03
1961.326	1.920074e-03
1961.808	1.900149e-03
1962.290	1.890074e-03
1962.767	1.870355e-03
1963.249	1.860178e-03
1963.731	1.840355e-03
1964.214	1.829971e-03
1964.696	1.809971e-03
1965.178	1.789971e-03
1965.660	1.769971e-03
1966.147	1.749763e-03
1966.629	1.729763e-03
1967.111	1.709762e-03
1967.594	1.689762e-03
1968.076	1.669763e-03
1968.558	1.649691e-03
1969.040	1.619793e-03
1969.517	1.600000e-03
1969.999	1.580000e-03
1970.481	1.560000e-03
1970.964	1.530000e-03
1971.446	1.510000e-03
1971.928	1.490000e-03
1972.410	1.460000e-03
1972.897	1.439823e-03
1973.379	1.419823e-03
1973.861	1.399823e-03
1974.344	1.379823e-03
1974.826	1.359822e-03
1975.308	1.339822e-03
1975.790	1.319822e-03
1976.267	1.300029e-03
1976.749	1.290014e-03
1977.231	1.270060e-03
1977.714	1.250060e-03
1978.196	1.240030e-03
1978.678	1.220060e-03
1979.160	1.210030e-03
1979.647	1.189926e-03
1980.129	1.179925e-03
1980.611	1.169926e-03
1981.094	1.159925e-03
1981.576	1.149941e-03
1982.058	1.139941e-03
1982.540	1.129941e-03
1983.017	1.120045e-03
1983.499	1.110044e-03
1983.981	1.100045e-03
1984.464	1.090044e-03
1984.946	1.080044e-03
1985.428	1.080000e-03
1985.910	1.070059e-03
1986.397	1.060000e-03
1986.879	1.059956e-03
1987.361	1.050000e-03
1987.844	1.049956e-03
1988.326	1.040000e-03
1988.808	1.040000e-03
1989.290	1.040000e-03
1989.767	1.040000e-03
1990.249	1.040000e-03
1990.731	1.040000e-03
1991.214	1.040000e-03
1991.696	1.040000e-03
1992.178	1.040000e-03
1992.660	1.040000e-03
1993.147	1.040000e-03
1993.629	1.040030e-03
1994.111	1.050000e-03
1994.594	1.050000e-03
1995.076	1.050000e-03
1995.558	1.050000e-03
1996.040	1.050000e-03
1996.517	1.050000e-03
1996.999	1.050000e-03
1997.481	1.050000e-03
1997.964	1.040089e-03
1998.446	1.040000e-03
1998.928	1.030104e-03
1999.410	1.020104e-03
1999.897	1.010000e-03
2000.379	1.000000e-03
2000.861	9.900000e-04
2001.344	9.780001e-04
2001.826	9.660002e-04
2002.308	9.530002e-04
2002.790	9.400001e-04
2003.267	9.261658e-04
2003.749	9.131542e-04
2004.231	8.991659e-04
2004.714	8.861540e-04
2005.196	8.731540e-04
2005.678	8.601539e-04
2006.160	8.471539e-04
2006.647	8.350171e-04
2007.129	8.230172e-04
2007.611	8.109840e-04
2008.094	7.999843e-04
2008.576	7.889845e-04
2009.058	7.779854e-04
2009.540	7.679857e-04
2010.017	7.580885e-04
2010.499	7.490801e-04
2010.981	7.410710e-04
2011.464	7.330708e-04
2011.946	7.250706e-04
2012.428	7.180423e-04
2012.910	7.110421e-04
2013.397	7.049737e-04
2013.879	6.989737e-04
2014.361	6.929774e-04
2014.844	6.879776e-04
2015.326	6.829822e-04
2015.808	6.789825e-04
2016.290	6.749864e-04
2016.767	6.720178e-04
2017.249	6.680116e-04
2017.731	6.650091e-04
2018.214	6.630058e-04
2018.696	6.610064e-04
2019.178	6.590061e-04
2019.660	6.570059e-04
2020.147	6.549922e-04
2020.629	6.539929e-04
2021.111	6.530002e-04
2021.594	6.530002e-04
2022.076	6.530002e-04
2022.558	6.530105e-04
2023.040	6.540106e-04
2023.517	6.549996e-04
2023.999	6.559997e-04
2024.481	6.580000e-04
2024.964	6.600003e-04
2025.446	6.629998e-04
2025.928	6.660002e-04
2026.410	6.689998e-04
2026.897	6.719783e-04
2027.379	6.769628e-04
2027.861	6.829554e-04
2028.344	6.899480e-04
2028.826	6.959554e-04
2029.308	6.999699e-04
2029.790	7.029778e-04
2030.267	7.059472e-04
2030.749	7.109115e-04
2031.231	7.178761e-04
2031.714	7.248953e-04
2032.196	7.338662e-04
2032.678	7.428666e-04
2033.160	7.528513e-04
2033.647	7.639508e-04
2034.129	7.749515e-04
2034.611	7.879426e-04
2035.094	8.009426e-04
2035.576	8.159332e-04
2036.058	8.309335e-04
2036.540	8.469041e-04
2037.017	8.647069e-04
2037.499	8.827067e-04
2037.981	9.016904e-04
2038.464	9.216742e-04
2038.946	9.416743e-04
2039.428	9.636413e-04
2039.910	9.866246e-04
2040.397	1.009865e-03
2040.879	1.030400e-03
2041.361	1.060266e-03
2041.844	1.080399e-03
2042.326	1.110266e-03
2042.808	1.130266e-03
2043.290	1.150399e-03
2043.767	1.180060e-03
2044.249	1.200060e-03
2044.731	1.220060e-03
2045.214	1.240043e-03
2045.696	1.270014e-03
2046.178	1.280029e-03
2046.660	1.300029e-03
2047.147	1.320118e-03
2047.629	1.330237e-03
2048.111	1.350119e-03
2048.594	1.360119e-03
2049.076	1.370000e-03
2049.558	1.370103e-03
2050.040	1.380000e-03
2050.517	1.380000e-03
2050.999	1.390000e-03
2051.481	1.390000e-03
2051.964	1.390000e-03
2052.446	1.390000e-03
2052.928	1.390000e-03
2053.410	1.390000e-03
2053.897	1.380000e-03
2054.379	1.379911e-03
2054.861	1.370000e-03
2055.344	1.369911e-03
2055.826	1.359911e-03
2056.308	1.350000e-03
2056.790	1.349912e-03
2057.267	1.340014e-03
2057.749	1.330015e-03
2058.231	1.330000e-03
2058.714	1.320030e-03
2059.196	1.310030e-03
2059.678	1.300029e-03
2060.160	1.300000e-03
2060.647	1.289926e-03
2061.129	1.279926e-03
2061.611	1.270000e-03
2062.094	1.269926e-03
2062.576	1.259941e-03
2063.058	1.249941e-03
2063.540	1.240000e-03
2064.017	1.240000e-03
2064.499	1.230045e-03
2064.981	1.220044e-03
2065.464	1.220000e-03
2065.946	1.210045e-03
2066.428	1.200044e-03
2066.910	1.200000e-03
2067.397	1.189956e-03
2067.879	1.180000e-03
2068.361	1.179955e-03
2068.844	1.170000e-03
2069.326	1.169956e-03
2069.808	1.159955e-03
2070.290	1.150000e-03
2070.767	1.150000e-03
2071.249	1.140074e-03
2071.731	1.140000e-03
2072.214	1.130074e-03
2072.696	1.130000e-03
2073.178	1.120075e-03
2073.660	1.120000e-03
2074.147	1.110000e-03
2074.629	1.109970e-03
2075.111	1.100000e-03
2075.594	1.099986e-03
2076.076	1.090000e-03
2076.558	1.090000e-03
2077.040	1.089985e-03
2077.517	1.080089e-03
2077.999	1.080000e-03
2078.481	1.070088e-03
2078.964	1.070000e-03
2079.446	1.070000e-03
2079.928	1.060104e-03
2080.410	1.060000e-03
2080.897	1.050000e-03
2081.379	1.050000e-03
2081.861	1.040000e-03
2082.344	1.040000e-03
2082.826	1.040000e-03
2083.308	1.030000e-03
2083.790	1.030000e-03
2084.267	1.020118e-03
2084.749	1.020000e-03
2085.231	1.010119e-03
2085.714	1.010000e-03
2086.196	1.000119e-03
2086.678	9.970357e-04
2087.160	9.910713e-04
2087.647	9.860075e-04
2088.129	9.810069e-04
2088.611	9.750176e-04
2089.094	9.700148e-04
2089.576	9.650150e-04
2090.058	9.600152e-04
2090.540	9.540182e-04
2091.017	9.490662e-04
2091.499	9.450532e-04
2091.981	9.400667e-04
2092.464	9.350669e-04
2092.946	9.310591e-04
2093.428	9.260742e-04
2093.910	9.220597e-04
2094.397	9.180175e-04
2094.879	9.140178e-04
2095.361	9.100181e-04
2095.844	9.060176e-04
2096.326	9.030136e-04
2096.808	8.990175e-04
2097.290	8.960181e-04
2097.767	8.920649e-04
2098.249	8.890490e-04
2098.731	8.850648e-04
2099.214	8.820490e-04
2099.696	8.790486e-04
2100.178	8.760490e-04
2100.660	8.720648e-04
2101.147	8.690177e-04
2101.629	8.659597e-04
2102.111	8.629601e-04
2102.594	8.599597e-04
2103.076	8.569602e-04
2103.558	8.539598e-04
2104.040	8.509602e-04
2104.517	8.479908e-04
2104.999	8.449913e-04
2105.481	8.419910e-04
2105.964	8.390441e-04
2106.446	8.370297e-04
2106.928	8.340442e-04
2107.410	8.320299e-04
2107.897	8.300088e-04
2108.379	8.280085e-04
2108.861	8.260091e-04
2109.344	8.240089e-04
2109.826	8.230043e-04
2110.308	8.210093e-04
2110.790	8.200019e-04
2111.267	8.190120e-04
2111.749	8.190002e-04
2112.231	8.180119e-04
2112.714	8.180000e-04
2113.196	8.170118e-04
2113.678	8.169999e-04
2114.160	8.179882e-04
2114.647	8.180000e-04
2115.129	8.189987e-04
2115.611	8.190016e-04
2116.094	8.200018e-04
2116.576	8.210019e-04
2117.058	8.220026e-04
2117.540	8.240014e-04
2118.017	8.249912e-04
2118.499	8.259914e-04
2118.981	8.269915e-04
2119.464	8.279908e-04
2119.946	8.289909e-04
2120.428	8.299939e-04
2120.910	8.299999e-04
2121.397	8.299999e-04
2121.879	8.299999e-04
2122.361	8.299999e-04
2122.844	8.299999e-04
2123.326	8.299955e-04
2123.808	8.289954e-04
2124.290	8.279908e-04
2124.767	8.260120e-04
2125.249	8.250031e-04
2125.731	8.230058e-04
2126.214	8.210064e-04
2126.696	8.190062e-04
2127.178	8.170059e-04
2127.660	8.140093e-04
2128.147	8.119778e-04
2128.629	8.089774e-04
2129.111	8.059853e-04
2129.594	8.039775e-04
2130.076	8.009694e-04
2130.558	7.979690e-04
2131.040	7.949797e-04
2131.517	7.930001e-04
2131.999	7.899997e-04
2132.481	7.870002e-04
2132.964	7.839998e-04
2133.446	7.810002e-04
2133.928	7.779998e-04
2134.410	7.750003e-04
2134.897	7.709598e-04
2135.379	7.679602e-04
2135.861	7.649465e-04
2136.344	7.609469e-04
2136.826	7.569463e-04
2137.308	7.529466e-04
2137.790	7.489470e-04
2138.267	7.449847e-04
2138.749	7.399879e-04
2139.231	7.359855e-04
2139.714	7.310733e-04
2140.196	7.260740e-04
2140.678	7.210742e-04
2141.160	7.160744e-04
2141.647	7.110224e-04
2142.129	7.060226e-04
2142.611	7.010220e-04
2143.094	6.960221e-04
2143.576	6.910223e-04
2144.058	6.860225e-04
2144.540	6.810074e-04
2145.017	6.760592e-04
2145.499	6.720476e-04
2145.981	6.670597e-04
2146.464	6.630473e-04
2146.946	6.590476e-04
2147.428	6.550471e-04
2147.910	6.510474e-04
2148.397	6.470060e-04
2148.879	6.440042e-04
2149.361	6.399958e-04
2149.844	6.369954e-04
2150.326	6.339973e-04
2150.808	6.319956e-04
2151.290	6.289975e-04
2151.767	6.270179e-04
2152.249	6.240264e-04
2152.731	6.220181e-04
2153.214	6.200178e-04
2153.696	6.190088e-04
2154.178	6.170116e-04
2154.660	6.150122e-04
2155.147	6.139957e-04
2155.629	6.129911e-04
2156.111	6.109997e-04
2156.594	6.109953e-04
2157.076	6.099951e-04
2157.558	6.089958e-04
2158.040	6.079957e-04
2158.517	6.070059e-04
2158.999	6.060029e-04
2159.481	6.059999e-04
2159.964	6.050027e-04
2160.446	6.049997e-04
2160.928	6.049997e-04
2161.410	6.040026e-04
2161.897	6.039996e-04
2162.379	6.039996e-04
2162.861	6.039996e-04
2163.344	6.039922e-04
2163.826	6.030003e-04
2164.308	6.030003e-04
2164.790	6.030003e-04
2165.267	6.030003e-04
2165.749	6.020002e-04
2166.231	6.020002e-04
2166.714	6.020002e-04
2167.196	6.020002e-04
2167.678	6.020002e-04
2168.160	6.020002e-04
2168.647	6.020002e-04
2169.129	6.019869e-04
2169.611	6.010001e-04
2170.094	6.010001e-04
2170.576	6.010134e-04
2171.058	6.019869e-04
2171.540	6.010134e-04
2172.017	6.019972e-04
2172.499	6.010001e-04
2172.981	6.010001e-04
2173.464	6.010001e-04
2173.946	6.010001e-04
2174.428	6.010001e-04
2174.910	6.010001e-04
2175.397	6.010001e-04
2175.879	6.010001e-04
2176.361	6.010001e-04
2176.844	6.010001e-04
2177.326	6.000044e-04
2177.808	5.999999e-04
2178.290	5.990014e-04
2178.767	5.989998e-04
2179.249	5.980115e-04
2179.731	5.979997e-04
2180.214	5.970122e-04
2180.696	5.970004e-04
2181.178	5.970004e-04
2181.660	5.960121e-04
2182.147	5.960003e-04
2182.629	5.960003e-04
2183.111	5.959988e-04
2183.594	5.950001e-04
2184.076	5.950001e-04
2184.558	5.950001e-04
2185.040	5.950001e-04
2185.517	5.950001e-04
2185.999	5.950001e-04
2186.481	5.950001e-04
2186.964	5.950001e-04
2187.446	5.950001e-04
2187.928	5.950001e-04
2188.410	5.950001e-04
2188.897	5.950001e-04
2189.379	5.950001e-04
2189.861	5.950001e-04
2190.344	5.950001e-04
2190.826	5.950001e-04
2191.308	5.950001e-04
2191.790	5.950001e-04
2192.267	5.950001e-04
2192.749	5.950001e-04
2193.231	5.950001e-04
2193.714	5.950001e-04
2194.196	5.940030e-04
2194.678	5.940000e-04
2195.160	5.940000e-04
2195.647	5.939926e-04
2196.129	5.929999e-04
2196.611	5.929999e-04
2197.094	5.929924e-04
2197.576	5.919997e-04
2198.058	5.919894e-04
2198.540	5.910004e-04
2199.017	5.910004e-04
2199.499	5.910004e-04
2199.981	5.900003e-04
2200.464	5.890002e-04
2200.946	5.890002e-04
2201.428	5.880000e-04
2201.910	5.880000e-04
2202.397	5.869866e-04
2202.879	5.859998e-04
2203.361	5.859865e-04
2203.844	5.849863e-04
2204.326	5.840004e-04
2204.808	5.839870e-04
2205.290	5.829869e-04
2205.767	5.820001e-04
2206.249	5.819971e-04
2206.731	5.810000e-04
2207.214	5.810000e-04
2207.696	5.810000e-04
2208.178	5.800147e-04
2208.660	5.790145e-04
2209.147	5.789997e-04
2209.629	5.780040e-04
2210.111	5.779996e-04
2210.594	5.779996e-04
2211.076	5.779996e-04
2211.558	5.770047e-04
2212.040	5.770003e-04
2212.517	5.770003e-04
2212.999	5.770003e-04
2213.481	5.760120e-04
2213.964	5.760001e-04
2214.446	5.760001e-04
2214.928	5.750119e-04
2215.410	5.750000e-04
2215.897	5.750000e-04
2216.379	5.750000e-04
2216.861	5.750000e-04
2217.344	5.749986e-04
2217.826	5.739999e-04
2218.308	5.739984e-04
2218.790	5.729997e-04
2219.267	5.729997e-04
2219.749	5.720085e-04
2220.231	5.719996e-04
2220.714	5.710092e-04
2221.196	5.700091e-04
2221.678	5.690061e-04
2222.160	5.680059e-04
2222.647	5.669909e-04
2223.129	5.649959e-04
2223.611	5.639914e-04
2224.094	5.619955e-04
2224.576	5.609910e-04
2225.058	5.589916e-04
2225.540	5.569913e-04
2226.017	5.550117e-04
2226.499	5.540028e-04
2226.981	5.520063e-04
2227.464	5.500061e-04
2227.946	5.480058e-04
2228.428	5.460064e-04
2228.910	5.440061e-04
2229.397	5.419850e-04
2229.879	5.399847e-04
2230.361	5.379853e-04
2230.844	5.359850e-04
2231.326	5.339790e-04
2231.808	5.319796e-04
2232.290	5.299793e-04
2232.767	5.279997e-04
2233.249	5.260003e-04
2233.731	5.240000e-04
2234.214	5.219998e-04
2234.696	5.200003e-04
2235.178	5.180001e-04
2235.660	5.159998e-04
2236.147	5.139738e-04
2236.629	5.119735e-04
2237.111	5.099732e-04
2237.594	5.079738e-04
2238.076	5.059736e-04
2238.558	5.039733e-04
2239.040	5.019730e-04
2239.517	4.999942e-04
2239.999	4.979940e-04
2240.481	4.959937e-04
2240.964	4.939944e-04
2241.446	4.929884e-04
2241.928	4.909881e-04
2242.410	4.889878e-04
2242.897	4.869839e-04
2243.379	4.859675e-04
2243.861	4.839672e-04
2244.344	4.819678e-04
2244.826	4.799675e-04
2245.308	4.779838e-04
2245.790	4.770012e-04
2246.267	4.750240e-04
2246.749	4.740120e-04
2247.231	4.720236e-04
2247.714	4.710116e-04
2248.196	4.690241e-04
2248.678	4.680121e-04
2249.160	4.660237e-04
2249.647	4.650013e-04
2250.129	4.630033e-04
2250.611	4.619988e-04
2251.094	4.609987e-04
2251.576	4.599971e-04
2252.058	4.579983e-04
2252.540	4.569982e-04
2253.017	4.560092e-04
2253.499	4.550091e-04
2253.981	4.540089e-04
2254.464	4.530088e-04
2254.946	4.520087e-04
2255.428	4.510057e-04
2255.910	4.500064e-04
2256.397	4.490002e-04
2256.879	4.489958e-04
2257.361	4.480001e-04
2257.844	4.479957e-04
2258.326	4.469955e-04
2258.808	4.459998e-04
2259.290	4.459954e-04
2259.767	4.450056e-04
2260.249	4.440034e-04
2260.731	4.440004e-04
2261.214	4.440004e-04
2261.696	4.430033e-04
2262.178	4.430003e-04
2262.660	4.430003e-04
2263.147	4.430003e-04
2263.629	4.430003e-04
2264.111	4.430003e-04
2264.594	4.430003e-04
2265.076	4.430003e-04
2265.558	4.430003e-04
2266.040	4.430003e-04
2266.517	4.430003e-04
2266.999	4.430003e-04
2267.481	4.430003e-04
2267.964	4.440004e-04
2268.446	4.440004e-04
2268.928	4.449997e-04
2269.410	4.449997e-04
2269.897	4.450130e-04
2270.379	4.460132e-04
2270.861	4.470000e-04
2271.344	4.470133e-04
2271.826	4.480001e-04
2272.308	4.480134e-04
2272.790	4.490002e-04
2273.267	4.490032e-04
2273.749	4.500004e-04
2274.231	4.500034e-04
2274.714	4.509997e-04
2275.196	4.510055e-04
2275.678	4.520057e-04
2276.160	4.529999e-04
2276.647	4.530162e-04
2277.129	4.540164e-04
2277.611	4.550002e-04
2278.094	4.550002e-04
2278.576	4.550165e-04
2279.058	4.560003e-04
2279.540	4.560003e-04
2280.017	4.560003e-04
2280.499	4.560003e-04
2280.981	4.569877e-04
2281.464	4.569996e-04
2281.946	4.579879e-04
2282.428	4.579997e-04
2282.910	4.579997e-04
2283.397	4.579997e-04
2283.879	4.579997e-04
2284.361	4.580012e-04
2284.844	4.589999e-04
2285.326	4.589999e-04
2285.808	4.589999e-04
2286.290	4.589999e-04
2286.767	4.589999e-04
2287.249	4.589999e-04
2287.731	4.589999e-04
2288.214	4.589999e-04
2288.696	4.589999e-04
2289.178	4.580057e-04
2289.660	4.579997e-04
2290.147	4.579997e-04
2290.629	4.579997e-04
2291.111	4.579997e-04
2291.594	4.579953e-04
2292.076	4.569996e-04
2292.558	4.569996e-04
2293.040	4.569996e-04
2293.517	4.569996e-04
2293.999	4.569996e-04
2294.481	4.560033e-04
2294.964	4.560003e-04
2295.446	4.560003e-04
2295.928	4.550032e-04
2296.410	4.550002e-04
2296.897	4.540001e-04
2297.379	4.539926e-04
2297.861	4.529999e-04
2298.344	4.529925e-04
2298.826	4.519895e-04
2299.308	4.509997e-04
2299.790	4.509893e-04
2300.267	4.500004e-04
2300.749	4.490002e-04
2301.231	4.490002e-04
2301.714	4.480001e-04
2302.196	4.470000e-04
2302.678	4.459998e-04
2303.160	4.449997e-04
2303.647	4.439871e-04
2304.129	4.429870e-04
2304.611	4.419868e-04
2305.094	4.409734e-04
2305.576	4.389864e-04
2306.058	4.379863e-04
2306.540	4.369870e-04
2307.017	4.359972e-04
2307.499	4.349971e-04
2307.981	4.339939e-04
2308.464	4.319938e-04
2308.946	4.309945e-04
2309.428	4.299885e-04
2309.910	4.279941e-04
2310.397	4.269673e-04
2310.879	4.249833e-04
2311.361	4.239840e-04
2311.844	4.229676e-04
2312.326	4.209836e-04
2312.808	4.199678e-04
2313.290	4.180034e-04
2313.767	4.160238e-04
2314.249	4.150118e-04
2314.731	4.130234e-04
2315.214	4.120114e-04
2315.696	4.100239e-04
2316.178	4.090119e-04
2316.660	4.070235e-04
2317.147	4.050032e-04
2317.629	4.040017e-04
2318.111	4.019985e-04
2318.594	4.009969e-04
2319.076	3.989975e-04
2319.558	3.969987e-04
2320.040	3.959971e-04
2320.517	3.940175e-04
2320.999	3.930085e-04
2321.481	3.910179e-04
2321.964	3.900089e-04
2322.446	3.890088e-04
2322.928	3.870116e-04
2323.410	3.860063e-04
2323.897	3.839957e-04
2324.379	3.829911e-04
2324.861	3.809953e-04
2325.344	3.799960e-04
2325.826	3.789958e-04
2326.308	3.779957e-04
2326.790	3.769956e-04
2327.267	3.760058e-04
2327.749	3.750027e-04
2328.231	3.730063e-04
2328.714	3.720032e-04
2329.196	3.710031e-04
2329.678	3.700029e-04
2330.160	3.690028e-04
2330.647	3.679997e-04
2331.129	3.679922e-04
2331.611	3.669930e-04
2332.094	3.659928e-04
2332.576	3.649898e-04
2333.058	3.640000e-04
2333.540	3.639897e-04
2334.017	3.629998e-04
2334.499	3.629998e-04
2334.981	3.619997e-04
2335.464	3.619997e-04
2335.946	3.619997e-04
2336.428	3.610004e-04
2336.910	3.610004e-04
2337.397	3.610004e-04
2337.879	3.609871e-04
2338.361	3.600003e-04
2338.844	3.599870e-04
2339.326	3.589869e-04
2339.808	3.580000e-04
2340.290	3.579867e-04
2340.767	3.569999e-04
2341.249	3.569969e-04
2341.731	3.559998e-04
2342.214	3.559998e-04
2342.696	3.559939e-04
2343.178	3.549996e-04
2343.660	3.549996e-04
2344.147	3.549833e-04
2344.629	3.540004e-04
2345.111	3.540004e-04
2345.594	3.540004e-04
2346.076	3.540004e-04
2346.558	3.539843e-04
2347.040	3.530017e-04
2347.517	3.530002e-04
2347.999	3.530002e-04
2348.481	3.530002e-04
2348.964	3.530002e-04
2349.446	3.520120e-04
2349.928	3.520001e-04
2350.410	3.520001e-04
2350.897	3.520001e-04
2351.379	3.520001e-04
2351.861	3.519986e-04
2352.344	3.510000e-04
2352.826	3.510000e-04
2353.308	3.510000e-04
2353.790	3.509985e-04
2354.267	3.500087e-04
2354.749	3.499998e-04
2355.231	3.499998e-04
2355.714	3.490086e-04
2356.196	3.489997e-04
2356.678	3.489997e-04
2357.160	3.480064e-04
2357.647	3.480004e-04
2358.129	3.479960e-04
2358.611	3.470003e-04
2359.094	3.469958e-04
2359.576	3.460001e-04
2360.058	3.459957e-04
2360.540	3.450000e-04
2361.017	3.450000e-04
2361.499	3.440029e-04
2361.981	3.430027e-04
2362.464	3.420026e-04
2362.946	3.419996e-04
2363.428	3.410033e-04
2363.910	3.400032e-04
2364.397	3.399928e-04
2364.879	3.389926e-04
2365.361	3.379925e-04
2365.844	3.369923e-04
2366.326	3.359893e-04
2366.808	3.349901e-04
2367.290	3.339899e-04
2367.767	3.330001e-04
2368.249	3.320000e-04
2368.731	3.309998e-04
2369.214	3.309998e-04
2369.696	3.299997e-04
2370.178	3.289996e-04
2370.660	3.280003e-04
2371.147	3.269868e-04
2371.629	3.259867e-04
2372.111	3.249866e-04
2372.594	3.239864e-04
2373.076	3.229863e-04
2373.558	3.219870e-04
2374.040	3.209869e-04
2374.517	3.199971e-04
2374.999	3.189970e-04
2375.481	3.179968e-04
2375.964	3.169938e-04
2376.446	3.159945e-04
2376.928	3.149944e-04
2377.410	3.139942e-04
2377.897	3.130000e-04
2378.379	3.129837e-04
2378.861	3.119836e-04
2379.344	3.109834e-04
2379.826	3.099833e-04
2380.308	3.090003e-04
2380.790	3.090003e-04
2381.267	3.080121e-04
2381.749	3.080002e-04
2382.231	3.070119e-04
2382.714	3.070000e-04
2383.196	3.060118e-04
2383.678	3.059999e-04
2384.160	3.059999e-04
2384.647	3.050012e-04
2385.129	3.049998e-04
2385.611	3.049983e-04
2386.094	3.039996e-04
2386.576	3.039996e-04
2387.058	3.039996e-04
2387.540	3.039996e-04
2388.017	3.039996e-04
2388.499	3.039996e-04
2388.981	3.039996e-04
2389.464	3.039996e-04
2389.946	3.039996e-04
2390.428	3.049938e-04
2390.910	3.049998e-04
2391.397	3.050042e-04
2391.879	3.059999e-04
2392.361	3.060044e-04
2392.844	3.070000e-04
2393.326	3.070045e-04
2393.808	3.080002e-04
2394.290	3.080046e-04
2394.767	3.089944e-04
2395.249	3.090003e-04
2395.731	3.099966e-04
2396.214	3.109967e-04
2396.696	3.119969e-04
2397.178	3.129970e-04
2397.660	3.139971e-04
2398.147	3.140076e-04
2398.629	3.150077e-04
2399.111	3.160078e-04
2399.594	3.170071e-04
2400.076	3.180101e-04
2400.558	3.190103e-04
2401.040	3.200104e-04
2401.517	3.210002e-04
2401.999	3.220003e-04
2402.481	3.229996e-04
2402.964	3.249999e-04
2403.446	3.260000e-04
2403.928	3.270002e-04
2404.410	3.280003e-04
2404.897	3.290129e-04
2405.379	3.300130e-04
2405.861	3.310132e-04
2406.344	3.320266e-04
2406.826	3.340136e-04
2407.308	3.350137e-04
2407.790	3.360130e-04
2408.267	3.370028e-04
2408.749	3.380029e-04
2409.231	3.390031e-04
2409.714	3.400061e-04
2410.196	3.410062e-04
2410.678	3.420055e-04
2411.160	3.430056e-04
2411.647	3.440162e-04
2412.129	3.450163e-04
2412.611	3.460164e-04
2413.094	3.470166e-04
2413.576	3.480004e-04
2414.058	3.480164e-04
2414.540	3.489982e-04
2415.017	3.499880e-04
2415.499	3.509881e-04
2415.981	3.510000e-04
2416.464	3.519882e-04
2416.946	3.529884e-04
2417.428	3.530002e-04
2417.910	3.539885e-04
2418.397	3.540004e-04
2418.879	3.540004e-04
2419.361	3.549996e-04
2419.844	3.549996e-04
2420.326	3.549996e-04
2420.808	3.550011e-04
2421.290	3.559998e-04
2421.767	3.559998e-04
2422.249	3.559998e-04
2422.731	3.559998e-04
2423.214	3.559998e-04
2423.696	3.559998e-04
2424.178	3.559998e-04
2424.660	3.559998e-04
2425.147	3.559998e-04
2425.629	3.559953e-04
2426.111	3.549996e-04
2426.594	3.549996e-04
2427.076	3.549952e-04
2427.558	3.540004e-04
2428.040	3.539959e-04
2428.517	3.530061e-04
2428.999	3.520031e-04
2429.481	3.510029e-04
2429.964	3.510000e-04
2430.446	3.500028e-04
2430.928	3.490027e-04
2431.410	3.489997e-04
2431.897	3.479930e-04
2432.379	3.469928e-04
2432.861	3.459927e-04
2433.344	3.449926e-04
2433.826	3.439895e-04
2434.308	3.429894e-04
2434.790	3.419893e-04
2435.267	3.410003e-04
2435.749	3.400002e-04
2436.231	3.390001e-04
2436.714	3.379999e-04
2437.196	3.369998e-04
2437.678	3.359997e-04
2438.160	3.350004e-04
2438.647	3.339869e-04
2439.129	3.329868e-04
2439.611	3.319867e-04
2440.094	3.309865e-04
2440.576	3.299731e-04
2441.058	3.279870e-04
2441.540	3.269868e-04
2442.017	3.259970e-04
2442.499	3.249969e-04
2442.981	3.239968e-04
2443.464	3.229937e-04
2443.946	3.219945e-04
2444.428	3.209943e-04
2444.910	3.199942e-04
2445.397	3.189836e-04
2445.879	3.179998e-04
2446.361	3.179835e-04
2446.844	3.169834e-04
2447.326	3.159841e-04
2447.808	3.150003e-04
2448.290	3.149811e-04
2448.767	3.139913e-04
2449.249	3.130000e-04
2449.731	3.129911e-04
2450.214	3.119910e-04
2450.696	3.109997e-04
2451.178	3.109909e-04
2451.660	3.099996e-04
2452.147	3.099996e-04
2452.629	3.099996e-04
2453.111	3.099996e-04
2453.594	3.099981e-04
2454.076	3.090003e-04
2454.558	3.090003e-04
2455.040	3.090003e-04
2455.517	3.090003e-04
2455.999	3.090003e-04
2456.481	3.090003e-04
2456.964	3.090003e-04
2457.446	3.099907e-04
2457.928	3.099996e-04
2458.410	3.099996e-04
2458.897	3.100040e-04
2459.379	3.109997e-04
2459.861	3.109997e-04
2460.344	3.110042e-04
2460.826	3.120043e-04
2461.308	3.130000e-04
2461.790	3.130044e-04
2462.267	3.139942e-04
2462.749	3.149973e-04
2463.231	3.159974e-04
2463.714	3.169967e-04
2464.196	3.179968e-04
2464.678	3.189970e-04
2465.160	3.189999e-04
2465.647	3.200075e-04
2466.129	3.210151e-04
2466.611	3.230071e-04
2467.094	3.240072e-04
2467.576	3.250102e-04
2468.058	3.260104e-04
2468.540	3.270208e-04
2469.017	3.289996e-04
2469.499	3.299997e-04
2469.981	3.309998e-04
2470.464	3.330001e-04
2470.946	3.350004e-04
2471.428	3.369998e-04
2471.910	3.379999e-04
2472.397	3.400268e-04
2472.879	3.420262e-04
2473.361	3.440265e-04
2473.844	3.460268e-04
2474.326	3.480270e-04
2474.808	3.500398e-04
2475.290	3.530268e-04
2475.767	3.550056e-04
2476.249	3.570089e-04
2476.731	3.600093e-04
2477.214	3.630175e-04
2477.696	3.660120e-04
2478.178	3.680173e-04
2478.660	3.710177e-04
2479.147	3.740648e-04
2479.629	3.780491e-04
2480.111	3.810649e-04
2480.594	3.850491e-04
2481.076	3.880650e-04
2481.558	3.920657e-04
2482.040	3.960960e-04
2482.517	4.010353e-04
2482.999	4.050447e-04
2483.481	4.100445e-04
2483.964	4.150443e-04
2484.446	4.200530e-04
2484.928	4.260530e-04
2485.410	4.320529e-04
2485.897	4.381347e-04
2486.379	4.451514e-04
2486.861	4.530115e-04
2487.344	4.610117e-04
2487.826	4.690134e-04
2488.308	4.780129e-04
2488.790	4.870147e-04
2489.267	4.969111e-04
2489.749	5.079028e-04
2490.231	5.198938e-04
2490.714	5.318937e-04
2491.196	5.448849e-04
2491.678	5.599097e-04
2492.160	5.749103e-04
2492.647	5.910759e-04
2493.129	6.080800e-04
2493.611	6.260843e-04
2494.094	6.450887e-04
2494.576	6.650888e-04
2495.058	6.850934e-04
2495.540	7.060892e-04
2496.017	7.258820e-04
2496.499	7.459398e-04
2496.981	7.639458e-04
2497.464	7.809494e-04
2497.946	7.949585e-04
2498.428	8.049701e-04
2498.910	8.129763e-04
2499.397	8.159923e-04
2499.879	8.149625e-04
2500.361	8.099330e-04
2500.844	8.009035e-04
2501.326	7.878352e-04
2501.808	7.718038e-04
2502.290	7.527831e-04
2502.767	7.319996e-04
2503.249	7.090000e-04
2503.731	6.860003e-04
2504.214	6.629998e-04
2504.696	6.400002e-04
2505.178	6.169996e-04
2505.660	5.960003e-04
2506.147	5.757472e-04
2506.629	5.567605e-04
2507.111	5.387873e-04
2507.594	5.227869e-04
2508.076	5.068139e-04
2508.558	4.928271e-04
2509.040	4.798537e-04
2509.517	4.689675e-04
2509.999	4.579728e-04
2510.481	4.489732e-04
2510.964	4.399528e-04
2511.446	4.319585e-04
2511.928	4.249584e-04
2512.410	4.179651e-04
2512.897	4.119181e-04
2513.379	4.069182e-04
2513.861	4.019347e-04
2514.344	3.979187e-04
2514.826	3.929507e-04
2515.308	3.899346e-04
2515.790	3.859428e-04
2516.267	3.829822e-04
2516.749	3.809731e-04
2517.231	3.779735e-04
2517.714	3.749820e-04
2518.196	3.729826e-04
2518.678	3.709823e-04
2519.160	3.689821e-04
2519.647	3.669618e-04
2520.129	3.649812e-04
2520.611	3.639971e-04
2521.094	3.619968e-04
2521.576	3.599989e-04
2522.058	3.589987e-04
2522.540	3.579986e-04
2523.017	3.570088e-04
2523.499	3.560086e-04
2523.981	3.550085e-04
2524.464	3.530180e-04
2524.946	3.520090e-04
2525.428	3.510060e-04
2525.910	3.500058e-04
2526.397	3.499954e-04
2526.879	3.489953e-04
2527.361	3.479960e-04
2527.844	3.469958e-04
2528.326	3.460001e-04
2528.808	3.459957e-04
2529.290	3.449956e-04
2529.767	3.440058e-04
2530.249	3.439999e-04
2530.731	3.430027e-04
2531.214	3.429997e-04
2531.696	3.429997e-04
2532.178	3.420026e-04
2532.660	3.419996e-04
2533.147	3.419996e-04
2533.629	3.419922e-04
2534.111	3.410003e-04
2534.594	3.410003e-04
2535.076	3.410003e-04
2535.558	3.410003e-04
2536.040	3.410003e-04
2536.517	3.410003e-04
2536.999	3.410003e-04
2537.481	3.410003e-04
2537.964	3.410003e-04
2538.446	3.410003e-04
2538.928	3.410003e-04
2539.410	3.410003e-04
2539.897	3.400002e-04
2540.379	3.400002e-04
2540.861	3.400002e-04
2541.344	3.400002e-04
2541.826	3.400002e-04
2542.308	3.400002e-04
2542.790	3.400002e-04
2543.267	3.400002e-04
2543.749	3.400002e-04
2544.231	3.400002e-04
2544.714	3.399943e-04
2545.196	3.390001e-04
2545.678	3.390001e-04
2546.160	3.389942e-04
2546.637	3.380044e-04
2547.119	3.379999e-04
2547.601	3.379999e-04
2548.084	3.370042e-04
2548.566	3.369998e-04
2549.048	3.360041e-04
2549.530	3.359997e-04
2550.017	3.350004e-04
2550.499	3.349915e-04
2550.981	3.339914e-04
2551.464	3.330001e-04
2551.946	3.329912e-04
2552.428	3.319911e-04
2552.910	3.309998e-04
2553.387	3.309998e-04
2553.869	3.300012e-04
2554.351	3.290185e-04
2554.834	3.280196e-04
2555.316	3.270195e-04
2555.798	3.260193e-04
2556.280	3.250192e-04
2556.767	3.240086e-04
2557.249	3.230085e-04
2557.731	3.220092e-04
2558.214	3.200178e-04
2558.696	3.190088e-04
2559.178	3.180058e-04
2559.660	3.170057e-04
2560.137	3.160167e-04
2560.619	3.150166e-04
2561.101	3.140164e-04
2561.584	3.130163e-04
2562.066	3.120162e-04
2562.548	3.110160e-04
2563.030	3.100159e-04
2563.517	3.090062e-04
2563.999	3.070060e-04
2564.481	3.060029e-04
2564.964	3.050028e-04
2565.446	3.040026e-04
2565.928	3.030034e-04
2566.410	3.020032e-04
2566.887	3.010134e-04
2567.369	3.000133e-04
2567.851	2.990131e-04
2568.334	2.980130e-04
2568.816	2.970100e-04
2569.298	2.960107e-04
2569.780	2.950106e-04
2570.267	2.940000e-04
2570.749	2.929999e-04
2571.231	2.919998e-04
2571.714	2.909996e-04
2572.196	2.900003e-04
2572.678	2.890002e-04
2573.160	2.880001e-04
2573.637	2.880001e-04
2574.119	2.870074e-04
2574.601	2.860072e-04
2575.084	2.859998e-04
2575.566	2.850071e-04
2576.048	2.849997e-04
2576.530	2.849997e-04
2577.017	2.840004e-04
2577.499	2.840004e-04
2577.981	2.840004e-04
2578.464	2.839945e-04
2578.946	2.830003e-04
2579.428	2.830003e-04
2579.910	2.830003e-04
2580.387	2.830003e-04
2580.869	2.830003e-04
2581.351	2.830003e-04
2581.834	2.830003e-04
2582.316	2.830003e-04
2582.798	2.830003e-04
2583.280	2.839988e-04
2583.767	2.840004e-04
2584.249	2.840093e-04
2584.731	2.849997e-04
2585.214	2.849997e-04
2585.696	2.850085e-04
2586.178	2.860087e-04
2586.660	2.870088e-04
2587.137	2.879986e-04
2587.619	2.880001e-04
2588.101	2.889812e-04
2588.584	2.890002e-04
2589.066	2.899810e-04
2589.548	2.909803e-04
2590.030	2.919805e-04
2590.517	2.929910e-04
2590.999	2.939911e-04
2591.481	2.949913e-04
2591.964	2.959914e-04
2592.446	2.969907e-04
2592.928	2.979937e-04
2593.410	2.989939e-04
2593.887	2.999837e-04
2594.369	3.009838e-04
2594.851	3.019839e-04
2595.334	3.029841e-04
2595.816	3.049672e-04
2596.298	3.059836e-04
2596.780	3.069837e-04
2597.267	3.089885e-04
2597.749	3.099966e-04
2598.231	3.109967e-04
2598.714	3.119969e-04
2599.196	3.129970e-04
2599.678	3.149943e-04
2600.160	3.159974e-04
2600.637	3.169864e-04
2601.119	3.179865e-04
2601.601	3.199735e-04
2602.084	3.209869e-04
2602.566	3.219899e-04
2603.048	3.239789e-04
2603.530	3.249895e-04
2604.017	3.260000e-04
2604.499	3.270002e-04
2604.981	3.289996e-04
2605.464	3.299997e-04
2605.946	3.320000e-04
2606.428	3.330001e-04
2606.910	3.340002e-04
2607.387	3.349929e-04
2607.869	3.369849e-04
2608.351	3.379925e-04
2608.834	3.389926e-04
2609.316	3.409855e-04
2609.798	3.419922e-04
2610.280	3.429923e-04
2610.767	3.440059e-04
2611.249	3.460031e-04
2611.731	3.470033e-04
2612.214	3.480063e-04
2612.696	3.490056e-04
2613.178	3.500116e-04
2613.660	3.520060e-04
2614.137	3.529958e-04
2614.619	3.549908e-04
2615.101	3.559953e-04
2615.584	3.569955e-04
2616.066	3.579956e-04
2616.548	3.599914e-04
2617.030	3.609989e-04
2617.517	3.620175e-04
2617.999	3.640089e-04
2618.481	3.650090e-04
2618.964	3.660091e-04
2619.446	3.670181e-04
2619.928	3.690087e-04
2620.410	3.700088e-04
2620.887	3.709986e-04
2621.369	3.729974e-04
2621.851	3.739807e-04
2622.334	3.759613e-04
2622.816	3.769807e-04
2623.298	3.789617e-04
2623.780	3.799811e-04
2624.267	3.819821e-04
2624.749	3.829911e-04
2625.231	3.849825e-04
2625.714	3.869819e-04
2626.196	3.889822e-04
2626.678	3.909882e-04
2627.160	3.929876e-04
2627.637	3.949672e-04
2628.119	3.969675e-04
2628.601	3.989678e-04
2629.084	4.009672e-04
2629.566	4.029675e-04
2630.048	4.059507e-04
2630.530	4.079673e-04
2631.017	4.109826e-04
2631.499	4.129937e-04
2631.981	4.159911e-04
2632.464	4.189907e-04
2632.946	4.219911e-04
2633.428	4.249906e-04
2633.910	4.279910e-04
2634.387	4.309605e-04
2634.869	4.339600e-04
2635.351	4.369604e-04
2635.834	4.409468e-04
2636.316	4.449579e-04
2636.798	4.489586e-04
2637.280	4.529583e-04
2637.767	4.569996e-04
2638.249	4.610001e-04
2638.731	4.660000e-04
2639.214	4.709998e-04
2639.696	4.759996e-04
2640.178	4.810003e-04
2640.660	4.860001e-04
2641.137	4.919553e-04
2641.619	4.979554e-04
2642.101	5.039553e-04
2642.584	5.099553e-04
2643.066	5.159552e-04
2643.548	5.229479e-04
2644.030	5.289553e-04
2644.517	5.360238e-04
2644.999	5.440211e-04
2645.481	5.510242e-04
2645.964	5.590475e-04
2646.446	5.670469e-04
2646.928	5.750471e-04
2647.410	5.830532e-04
2647.887	5.919598e-04
2648.369	5.999644e-04
2648.851	6.089603e-04
2649.334	6.179598e-04
2649.816	6.269602e-04
2650.298	6.349648e-04
2650.780	6.439859e-04
2651.267	6.530801e-04
2651.749	6.620707e-04
2652.231	6.700798e-04
2652.714	6.790712e-04
2653.196	6.870795e-04
2653.678	6.960710e-04
2654.160	7.040623e-04
2654.637	7.109901e-04
2655.119	7.189880e-04
2655.601	7.260084e-04
2656.084	7.320083e-04
2656.566	7.380083e-04
2657.048	7.440076e-04
2657.530	7.490074e-04
2658.017	7.540594e-04
2658.499	7.590354e-04
2658.981	7.620477e-04
2659.464	7.660237e-04
2659.946	7.680352e-04
2660.428	7.709821e-04
2660.910	7.729880e-04
2661.387	7.739838e-04
2661.869	7.749840e-04
2662.351	7.750003e-04
2662.834	7.740164e-04
2663.316	7.730163e-04
2663.798	7.710323e-04
2664.280	7.690329e-04
2664.767	7.660176e-04
2665.249	7.630094e-04
2665.731	7.590118e-04
2666.214	7.550121e-04
2666.696	7.500153e-04
2667.178	7.450146e-04
2667.660	7.400148e-04
2668.137	7.340798e-04
2668.619	7.280798e-04
2669.101	7.220799e-04
2669.584	7.160799e-04
2670.066	7.090731e-04
2670.548	7.020728e-04
2671.030	6.960625e-04
2671.517	6.879997e-04
2671.999	6.819998e-04
2672.481	6.749997e-04
2672.964	6.679996e-04
2673.446	6.610004e-04
2673.928	6.540003e-04
2674.410	6.470002e-04
2674.887	6.400523e-04
2675.369	6.340448e-04
2675.851	6.270521e-04
2676.334	6.210448e-04
2676.816	6.150448e-04
2677.298	6.080522e-04
2677.780	6.020448e-04
2678.267	5.959823e-04
2678.749	5.899824e-04
2679.231	5.839854e-04
2679.714	5.789703e-04
2680.196	5.739705e-04
2680.678	5.689706e-04
2681.160	5.639708e-04
2681.637	5.590226e-04
2682.119	5.540220e-04
2682.601	5.500178e-04
2683.084	5.450225e-04
2683.566	5.410175e-04
2684.048	5.370178e-04
2684.530	5.330066e-04
2685.017	5.289732e-04
2685.499	5.259737e-04
2685.981	5.229733e-04
2686.464	5.199737e-04
2686.946	5.169733e-04
2687.428	5.139738e-04
2687.910	5.109822e-04
2688.387	5.090026e-04
2688.869	5.070032e-04
2689.351	5.049972e-04
2689.834	5.029969e-04
2690.316	5.009975e-04
2690.798	4.989987e-04
2691.280	4.979985e-04
2691.767	4.969880e-04
2692.249	4.959878e-04
2692.731	4.949877e-04
2693.214	4.939884e-04
2693.696	4.930001e-04
2694.178	4.930001e-04
2694.660	4.920060e-04
2695.137	4.920000e-04
2695.619	4.920000e-04
2696.101	4.920000e-04
2696.584	4.920000e-04
2697.066	4.929838e-04
2697.548	4.930001e-04
2698.030	4.939840e-04
2698.517	4.940003e-04
2698.999	4.949966e-04
2699.481	4.959967e-04
2699.964	4.969968e-04
2700.446	4.979970e-04
2700.928	4.989971e-04
2701.410	5.009944e-04
2701.887	5.019863e-04
2702.369	5.029865e-04
2702.851	5.039866e-04
2703.334	5.049867e-04
2703.816	5.059897e-04
2704.298	5.069899e-04
2704.780	5.079900e-04
2705.267	5.080004e-04
2705.749	5.089997e-04
2706.231	5.089997e-04
2706.714	5.099999e-04
2707.196	5.099999e-04
2707.678	5.099999e-04
2708.160	5.110000e-04
2708.637	5.100073e-04
2709.119	5.099999e-04
2709.601	5.099999e-04
2710.084	5.099999e-04
2710.566	5.099999e-04
2711.048	5.090072e-04
2711.530	5.089997e-04
2712.017	5.079975e-04
2712.499	5.070003e-04
2712.981	5.069973e-04
2713.464	5.060002e-04
2713.946	5.060002e-04
2714.428	5.059943e-04
2714.910	5.050000e-04
2715.387	5.050000e-04
2715.869	5.050000e-04
2716.351	5.040043e-04
2716.834	5.049956e-04
2717.316	5.050000e-04
2717.798	5.050000e-04
2718.280	5.050000e-04
2718.767	5.060002e-04
2719.249	5.060091e-04
2719.731	5.070003e-04
2720.214	5.070092e-04
2720.696	5.080093e-04
2721.178	5.090086e-04
2721.660	5.100087e-04
2722.137	5.109985e-04
2722.619	5.119987e-04
2723.101	5.130017e-04
2723.584	5.140033e-04
2724.066	5.160013e-04
2724.548	5.170014e-04
2725.030	5.180030e-04
2725.517	5.200241e-04
2725.999	5.220235e-04
2726.481	5.240119e-04
2726.964	5.250239e-04
2727.446	5.270229e-04
2727.928	5.289881e-04
2728.410	5.309881e-04
2728.887	5.329678e-04
2729.369	5.359510e-04
2729.851	5.379676e-04
2730.334	5.399670e-04
2730.816	5.419673e-04
2731.298	5.439675e-04
2731.780	5.469508e-04
2732.267	5.489882e-04
2732.749	5.509942e-04
2733.231	5.539908e-04
2733.714	5.559940e-04
2734.196	5.589915e-04
2734.678	5.619910e-04
2735.160	5.649914e-04
2735.637	5.669732e-04
2736.119	5.699603e-04
2736.601	5.719730e-04
2737.084	5.749601e-04
2737.566	5.779682e-04
2738.048	5.809687e-04
2738.530	5.839691e-04
2739.017	5.869999e-04
2739.499	5.890002e-04
2739.981	5.919997e-04
2740.464	5.950001e-04
2740.946	5.979997e-04
2741.428	6.010001e-04
2741.910	6.039996e-04
2742.387	6.069777e-04
2742.869	6.099773e-04
2743.351	6.129777e-04
2743.834	6.159781e-04
2744.316	6.189776e-04
2744.798	6.219780e-04
2745.280	6.249776e-04
2745.767	6.280062e-04
2746.249	6.300086e-04
2746.731	6.330091e-04
2747.214	6.360173e-04
2747.696	6.390177e-04
2748.178	6.420172e-04
2748.660	6.450117e-04
2749.137	6.469914e-04
2749.619	6.499865e-04
2750.101	6.529869e-04
2750.584	6.559864e-04
2751.066	6.589868e-04
2751.548	6.619864e-04
2752.030	6.649954e-04
2752.517	6.680263e-04
2752.999	6.710355e-04
2753.481	6.750263e-04
2753.964	6.780356e-04
2754.446	6.820264e-04
2754.928	6.850357e-04
2755.410	6.890265e-04
2755.887	6.919959e-04
2756.369	6.959942e-04
2756.851	7.010056e-04
2757.334	7.050061e-04
2757.816	7.090058e-04
2758.298	7.130069e-04
2758.780	7.180076e-04
2759.267	7.230595e-04
2759.749	7.280593e-04
2760.231	7.330710e-04
2760.714	7.390591e-04
2761.196	7.440703e-04
2761.678	7.499651e-04
2762.160	7.559644e-04
2762.637	7.619024e-04
2763.119	7.688862e-04
2763.601	7.749025e-04
2764.084	7.818862e-04
2764.566	7.888863e-04
2765.048	7.968694e-04
2765.530	8.048696e-04
2766.017	8.129532e-04
2766.499	8.211069e-04
2766.981	8.291196e-04
2767.464	8.381333e-04
2767.946	8.481196e-04
2768.428	8.571333e-04
2768.910	8.671329e-04
2769.387	8.770302e-04
2769.869	8.870358e-04
2770.351	8.990326e-04
2770.834	9.100177e-04
2771.316	9.220176e-04
2771.798	9.340175e-04
2772.280	9.460189e-04
2772.767	9.591662e-04
2773.249	9.731664e-04
2773.731	9.871538e-04
2774.214	1.000238e-03
2774.696	1.020118e-03
2775.178	1.030207e-03
2775.660	1.050207e-03
2776.137	1.070000e-03
2776.619	1.080000e-03
2777.101	1.100000e-03
2777.584	1.120000e-03
2778.066	1.140000e-03
2778.548	1.160000e-03
2779.030	1.180000e-03
2779.517	1.200177e-03
2779.999	1.220266e-03
2780.481	1.250177e-03
2780.964	1.270266e-03
2781.446	1.300177e-03
2781.928	1.320266e-03
2782.410	1.350267e-03
2782.887	1.379957e-03
2783.369	1.399971e-03
2783.851	1.429910e-03
2784.334	1.459911e-03
2784.816	1.489910e-03
2785.298	1.519910e-03
2785.780	1.539940e-03
2786.267	1.570223e-03
2786.749	1.600222e-03
2787.231	1.630223e-03
2787.714	1.660148e-03
2788.196	1.680177e-03
2788.678	1.710117e-03
2789.160	1.730118e-03
2789.637	1.749911e-03
2790.119	1.769911e-03
2790.601	1.789911e-03
2791.084	1.809912e-03
2791.566	1.829911e-03
2792.048	1.839956e-03
2792.530	1.849940e-03
2793.017	1.870044e-03
2793.499	1.880000e-03
2793.981	1.880045e-03
2794.464	1.890044e-03
2794.946	1.900000e-03
2795.428	1.900045e-03
2795.910	1.910000e-03
2796.387	1.910000e-03
2796.869	1.919925e-03
2797.351	1.920000e-03
2797.834	1.920000e-03
2798.316	1.920000e-03
2798.798	1.920000e-03
2799.280	1.929926e-03
2799.767	1.930000e-03
2800.249	1.930000e-03
2800.731	1.930000e-03
2801.214	1.930000e-03
2801.696	1.930000e-03
2802.178	1.930000e-03
2802.660	1.930015e-03
2803.137	1.939911e-03
2803.619	1.940000e-03
2804.101	1.940000e-03
2804.584	1.940000e-03
2805.066	1.940000e-03
2805.548	1.940000e-03
2806.030	1.940000e-03
2806.517	1.940000e-03
2806.999	1.940000e-03
2807.481	1.940000e-03
2807.964	1.940000e-03
2808.446	1.940000e-03
2808.928	1.950000e-03
2809.410	1.940000e-03
2809.887	1.940000e-03
2810.369	1.940000e-03
2810.851	1.940000e-03
2811.334	1.940000e-03
2811.816	1.940000e-03
2812.298	1.940000e-03
2812.780	1.940000e-03
2813.267	1.930015e-03
2813.749	1.930000e-03
2814.231	1.930000e-03
2814.714	1.920030e-03
2815.196	1.920000e-03
2815.678	1.910030e-03
2816.160	1.910000e-03
2816.637	1.900133e-03
2817.119	1.900000e-03
2817.601	1.890133e-03
2818.084	1.890000e-03
2818.566	1.880149e-03
2819.048	1.880000e-03
2819.530	1.870148e-03
2820.017	1.870000e-03
2820.499	1.870000e-03
2820.981	1.860045e-03
2821.464	1.860000e-03
2821.946	1.860000e-03
2822.428	1.850044e-03
2822.910	1.850000e-03
2823.387	1.850000e-03
2823.869	1.850000e-03
2824.351	1.840163e-03
2824.834	1.840000e-03
2825.316	1.840000e-03
2825.798	1.840000e-03
2826.280	1.840000e-03
2826.767	1.849941e-03
2827.249	1.850000e-03
2827.731	1.850000e-03
2828.214	1.850133e-03
2828.696	1.860000e-03
2829.178	1.860000e-03
2829.660	1.860133e-03
2830.137	1.870000e-03
2830.619	1.870030e-03
2831.101	1.880030e-03
2831.584	1.890000e-03
2832.066	1.890014e-03
2832.548	1.900000e-03
2833.030	1.900015e-03
2833.517	1.910119e-03
2833.999	1.920000e-03
2834.481	1.920118e-03
2834.964	1.930000e-03
2835.446	1.930119e-03
2835.928	1.940103e-03
2836.410	1.950000e-03
2836.887	1.950000e-03
2837.369	1.960000e-03
2837.851	1.960000e-03
2838.334	1.970000e-03
2838.816	1.970000e-03
2839.298	1.980000e-03
2839.780	1.980000e-03
2840.267	1.990000e-03
2840.749	1.990000e-03
2841.231	1.990088e-03
2841.714	2.000000e-03
2842.196	2.000000e-03
2842.678	2.000089e-03
2843.160	2.010000e-03
2843.637	2.010000e-03
2844.119	2.010000e-03
2844.601	2.010000e-03
2845.084	2.019970e-03
2845.566	2.020000e-03
2846.048	2.020000e-03
2846.530	2.020000e-03
2847.017	2.030000e-03
2847.499	2.030000e-03
2847.981	2.030074e-03
2848.464	2.040000e-03
2848.946	2.040000e-03
2849.428	2.040059e-03
2849.910	2.050000e-03
2850.387	2.050000e-03
2850.869	2.050000e-03
2851.351	2.059956e-03
2851.834	2.060000e-03
2852.316	2.069956e-03
2852.798	2.070000e-03
2853.280	2.070000e-03
2853.767	2.080000e-03
2854.249	2.080044e-03
2854.731	2.090000e-03
2855.214	2.090045e-03
2855.696	2.100000e-03
2856.178	2.100044e-03
2856.660	2.110045e-03
2857.137	2.119941e-03
2857.619	2.120000e-03
2858.101	2.129925e-03
2858.584	2.139926e-03
2859.066	2.140000e-03
2859.548	2.149926e-03
2860.030	2.159926e-03
2860.517	2.170030e-03
2860.999	2.180030e-03
2861.481	2.190030e-03
2861.964	2.200015e-03
2862.446	2.210014e-03
2862.928	2.220029e-03
2863.410	2.240014e-03
2863.887	2.249911e-03
2864.369	2.259911e-03
2864.851	2.279822e-03
2865.334	2.289911e-03
2865.816	2.309822e-03
2866.298	2.329792e-03
2866.780	2.339896e-03
2867.267	2.360000e-03
2867.749	2.380000e-03
2868.231	2.400000e-03
2868.714	2.420000e-03
2869.196	2.440000e-03
2869.678	2.460000e-03
2870.160	2.490000e-03
2870.637	2.509763e-03
2871.119	2.539644e-03
2871.601	2.559762e-03
2872.084	2.589644e-03
2872.566	2.609763e-03
2873.048	2.639644e-03
2873.530	2.669644e-03
2874.017	2.699956e-03
2874.499	2.729957e-03
2874.981	2.759910e-03
2875.464	2.789910e-03
2875.946	2.819911e-03
2876.428	2.849910e-03
2876.910	2.879910e-03
2877.387	2.919468e-03
2877.869	2.949600e-03
2878.351	2.989468e-03
2878.834	3.029468e-03
2879.316	3.059555e-03
2879.798	3.099406e-03
2880.280	3.139405e-03
2880.767	3.179822e-03
2881.249	3.229778e-03
2881.731	3.269822e-03
2882.214	3.319778e-03
2882.696	3.359822e-03
2883.178	3.409778e-03
2883.660	3.460885e-03
2884.137	3.520222e-03
2884.619	3.570266e-03
2885.101	3.630266e-03
2885.584	3.690266e-03
2886.066	3.750266e-03
2886.548	3.810310e-03
2887.030	3.880311e-03
2887.517	3.951038e-03
2887.999	4.021065e-03
2888.481	4.101065e-03
2888.964	4.181198e-03
2889.446	4.271198e-03
2889.928	4.361199e-03
2890.410	4.451331e-03
2890.887	4.550329e-03
2891.369	4.660329e-03
2891.851	4.770328e-03
2892.334	4.880188e-03
2892.816	5.010188e-03
2893.298	5.140202e-03
2893.780	5.280203e-03
2894.267	5.421779e-03
2894.749	5.572017e-03
2895.231	5.742017e-03
2895.714	5.912136e-03
2896.196	6.092132e-03
2896.678	6.272064e-03
2897.160	6.472167e-03
2897.637	6.680000e-03
2898.119	6.890000e-03
2898.601	7.110000e-03
2899.084	7.340000e-03
2899.566	7.570000e-03
2900.048	7.800000e-03
2900.530	8.030000e-03
2901.017	8.261020e-03
2901.499	8.490932e-03
2901.981	8.700843e-03
2902.464	8.890799e-03
2902.946	9.070665e-03
2903.428	9.220533e-03
2903.910	9.340399e-03
2904.387	9.429470e-03
2904.869	9.479409e-03
2905.351	9.499762e-03
2905.834	9.470355e-03
2906.316	9.410712e-03
2906.798	9.311186e-03
2907.280	9.181543e-03
2907.767	9.020231e-03
2908.249	8.840260e-03
2908.731	8.627071e-03
2909.214	8.407072e-03
2909.696	8.186805e-03
2910.178	7.946805e-03
2910.660	7.706938e-03
2911.137	7.479312e-03
2911.619	7.249312e-03
2912.101	7.019373e-03
2912.584	6.809696e-03
2913.066	6.599725e-03
2913.548	6.409725e-03
2914.030	6.219768e-03
2914.517	6.058101e-03
2914.999	5.898221e-03
2915.481	5.748458e-03
2915.964	5.618576e-03
2916.446	5.498697e-03
2916.928	5.388968e-03
2917.410	5.289071e-03
2917.887	5.200000e-03
2918.369	5.120000e-03
2918.851	5.050000e-03
2919.334	4.990000e-03
2919.816	4.940000e-03
2920.298	4.890000e-03
2920.780	4.850000e-03
2921.267	4.819822e-03
2921.749	4.799823e-03
2922.231	4.779823e-03
2922.714	4.760000e-03
2923.196	4.760000e-03
2923.678	4.760000e-03
2924.160	4.760089e-03
2924.637	4.769985e-03
2925.119	4.789971e-03
2925.601	4.799970e-03
2926.084	4.829910e-03
2926.566	4.859910e-03
2927.048	4.889910e-03
2927.530	4.929880e-03
2928.017	4.970371e-03
2928.499	5.020371e-03
2928.981	5.070445e-03
2929.464	5.130445e-03
2929.946	5.190411e-03
2930.428	5.260412e-03
2930.910	5.330471e-03
2931.387	5.409645e-03
2931.869	5.489644e-03
2932.351	5.579601e-03
2932.834	5.669600e-03
2933.316	5.769556e-03
2933.798	5.879512e-03
2934.280	5.989343e-03
2934.767	6.110576e-03
2935.249	6.240577e-03
2935.731	6.370621e-03
2936.214	6.510666e-03
2936.696	6.660710e-03
2937.178	6.820754e-03
2937.660	6.990799e-03
2938.137	7.168941e-03
2938.619	7.347877e-03
2939.101	7.547627e-03
2939.584	7.767390e-03
2940.066	7.987389e-03
2940.548	8.227152e-03
2941.030	8.477034e-03
2941.517	8.749609e-03
2941.999	9.039581e-03
2942.481	9.344393e-03
2942.964	9.674393e-03
2943.446	1.000532e-02
2943.928	1.040533e-02
2944.410	1.080533e-02
2944.887	1.120149e-02
2945.369	1.170150e-02
2945.851	1.220149e-02
2946.334	1.269851e-02
2946.816	1.329821e-02
2947.298	1.389821e-02
2947.780	1.449821e-02
2948.267	1.520594e-02
2948.749	1.600669e-02
2949.231	1.690669e-02
2949.714	1.780665e-02
2950.196	1.870159e-02
2950.678	1.980174e-02
2951.160	2.100188e-02
2951.637	2.228846e-02
2952.119	2.368758e-02
2952.601	2.528580e-02
2953.084	2.658846e-02
2953.566	2.828491e-02
2954.048	3.027046e-02
2954.530	3.236880e-02
2955.017	3.468979e-02
2955.499	3.698979e-02
2955.981	3.928979e-02
2956.464	4.188846e-02
2956.946	4.448846e-02
2957.428	4.718802e-02
2957.910	5.002993e-02
2958.387	5.290000e-02
2958.869	5.570000e-02
2959.351	5.840000e-02
2959.834	6.100000e-02
2960.316	6.340000e-02
2960.798	6.550000e-02
2961.280	6.730000e-02
2961.767	6.870444e-02
2962.249	6.970266e-02
2962.731	7.030044e-02
2963.214	7.039867e-02
2963.696	7.009645e-02
2964.178	6.929512e-02
2964.660	6.819334e-02
2965.137	6.670882e-02
2965.619	6.492123e-02
2966.101	6.292373e-02
2966.584	6.072610e-02
2967.066	5.832848e-02
2967.548	5.582966e-02
2968.030	5.332967e-02
2968.517	5.070376e-02
2968.999	4.820362e-02
2969.481	4.556805e-02
2969.964	4.316805e-02
2970.446	4.076938e-02
2970.928	3.847071e-02
2971.410	3.626805e-02
2971.887	3.389342e-02
2972.369	3.169402e-02
2972.851	2.969435e-02
2973.334	2.780565e-02
2973.816	2.610509e-02
2974.298	2.480389e-02
2974.780	2.320479e-02
2975.267	2.179034e-02
2975.749	2.049109e-02
2976.231	1.929183e-02
2976.714	1.819188e-02
2977.196	1.709870e-02
2977.678	1.619870e-02
2978.160	1.529884e-02
2978.637	1.450710e-02
2979.119	1.380621e-02
2979.601	1.310621e-02
2980.084	1.240621e-02
2980.566	1.180533e-02
2981.048	1.119706e-02
2981.530	1.069706e-02
2982.017	1.019266e-02
2982.499	9.742827e-03
2982.981	9.303315e-03
2983.464	8.893642e-03
2983.946	8.504131e-03
2984.428	8.144628e-03
2984.910	7.815425e-03
2985.387	7.508713e-03
2985.869	7.218935e-03
2986.351	6.978802e-03
2986.834	6.708934e-03
2987.316	6.468935e-03
2987.798	6.229068e-03
2988.280	6.019068e-03
2988.767	5.807181e-03
2989.249	5.617604e-03
2989.731	5.437737e-03
2990.214	5.267870e-03
2990.696	5.107870e-03
2991.178	4.948136e-03
2991.660	4.808136e-03
2992.137	4.669611e-03
2992.619	4.539611e-03
2993.101	4.409672e-03
2993.584	4.299827e-03
2994.066	4.179856e-03
2994.548	4.079855e-03
2995.030	3.979855e-03
2995.517	3.878932e-03
2995.999	3.788932e-03
2996.481	3.699051e-03
2996.964	3.619050e-03
2997.446	3.539052e-03
2997.928	3.459277e-03
2998.410	3.389277e-03
2998.887	3.320000e-03
2999.369	3.250000e-03
2999.851	3.190000e-03
3000.334	3.120000e-03
3000.816	3.070000e-03
3001.298	3.010000e-03
3001.780	2.950000e-03
3002.267	2.899556e-03
3002.749	2.849556e-03
3003.231	2.799645e-03
3003.714	2.759556e-03
3004.196	2.709645e-03
3004.678	2.669645e-03
3005.160	2.629645e-03
3005.637	2.590057e-03
3006.119	2.550058e-03
3006.601	2.510119e-03
3007.084	2.480090e-03
3007.566	2.440120e-03
3008.048	2.410090e-03
3008.530	2.380089e-03
3009.017	2.349777e-03
3009.499	2.319777e-03
3009.981	2.289777e-03
3010.464	2.259777e-03
3010.946	2.229882e-03
3011.428	2.209823e-03
3011.910	2.179883e-03
3012.387	2.160089e-03
3012.869	2.130133e-03
3013.351	2.110089e-03
3013.834	2.090089e-03
3014.316	2.070089e-03
3014.798	2.050089e-03
3015.280	2.030119e-03
3015.767	2.009911e-03
3016.249	1.989955e-03
3016.731	1.979911e-03
3017.214	1.959911e-03
3017.696	1.939955e-03
3018.178	1.929911e-03
3018.660	1.909956e-03
3019.137	1.900059e-03
3019.619	1.890074e-03
3020.101	1.870148e-03
3020.584	1.860074e-03
3021.066	1.850074e-03
3021.548	1.840074e-03
3022.030	1.830074e-03
3022.517	1.819970e-03
3022.999	1.809970e-03
3023.481	1.799970e-03
3023.964	1.789986e-03
3024.446	1.779985e-03
3024.928	1.769986e-03
3025.410	1.760000e-03
3025.887	1.760000e-03
3026.369	1.750089e-03
3026.851	1.740089e-03
3027.334	1.740000e-03
3027.816	1.730089e-03
3028.298	1.720104e-03
3028.780	1.720000e-03
3029.267	1.710000e-03
3029.749	1.710000e-03
3030.231	1.700000e-03
3030.714	1.700000e-03
3031.196	1.690000e-03
3031.678	1.690000e-03
3032.160	1.690000e-03
3032.637	1.680118e-03
3033.119	1.680000e-03
3033.601	1.670119e-03
3034.084	1.670000e-03
3034.566	1.670000e-03
3035.048	1.660119e-03
3035.530	1.660000e-03
3036.017	1.660000e-03
3036.499	1.660000e-03
3036.981	1.650030e-03
3037.464	1.650000e-03
3037.946	1.650000e-03
3038.428	1.650000e-03
3038.910	1.640030e-03
3039.387	1.640000e-03
3039.869	1.640000e-03
3040.351	1.640000e-03
3040.834	1.640000e-03
3041.316	1.639941e-03
3041.798	1.630000e-03
3042.280	1.630000e-03
3042.767	1.630000e-03
3043.249	1.630000e-03
3043.731	1.630000e-03
3044.214	1.630000e-03
3044.696	1.630000e-03
3045.178	1.629837e-03
3045.660	1.620000e-03
3046.137	1.620000e-03
3046.619	1.620000e-03
3047.101	1.620000e-03
3047.584	1.620000e-03
3048.066	1.620000e-03
3048.548	1.620000e-03
3049.030	1.619955e-03
3049.517	1.610000e-03
3049.999	1.610000e-03
3050.481	1.610000e-03
3050.964	1.610000e-03
3051.446	1.610000e-03
3051.928	1.609867e-03
3052.410	1.600000e-03
3052.887	1.600000e-03
3053.369	1.600000e-03
3053.851	1.599970e-03
3054.334	1.590000e-03
3054.816	1.590000e-03
3055.298	1.590000e-03
3055.780	1.589985e-03
3056.267	1.580000e-03
3056.749	1.580000e-03
3057.231	1.580000e-03
3057.714	1.579882e-03
3058.196	1.570000e-03
3058.678	1.570000e-03
3059.160	1.569897e-03
3059.637	1.560000e-03
3060.119	1.560000e-03
3060.601	1.560000e-03
3061.084	1.550000e-03
3061.566	1.550000e-03
3062.048	1.540000e-03
3062.530	1.540000e-03
3063.017	1.539911e-03
3063.499	1.530000e-03
3063.981	1.529911e-03
3064.464	1.520000e-03
3064.946	1.520000e-03
3065.428	1.519911e-03
3065.910	1.510000e-03
3066.387	1.510000e-03
3066.869	1.500014e-03
3067.351	1.500000e-03
3067.834	1.490030e-03
3068.316	1.490000e-03
3068.798	1.490000e-03
3069.280	1.480030e-03
3069.767	1.479925e-03
3070.249	1.470000e-03
3070.731	1.469926e-03
3071.214	1.460000e-03
3071.696	1.460000e-03
3072.178	1.459942e-03
3072.660	1.450000e-03
3073.137	1.450000e-03
3073.619	1.440045e-03
3074.101	1.440000e-03
3074.584	1.430044e-03
3075.066	1.430000e-03
3075.548	1.430000e-03
3076.030	1.420060e-03
3076.517	1.420000e-03
3076.999	1.419956e-03
3077.481	1.410000e-03
3077.964	1.410000e-03
3078.446	1.409955e-03
3078.928	1.400000e-03
3079.410	1.400000e-03
3079.887	1.400000e-03
3080.369	1.390074e-03
3080.851	1.390000e-03
3081.334	1.390000e-03
3081.816	1.380074e-03
3082.298	1.380000e-03
3082.780	1.380000e-03
3083.267	1.379970e-03
3083.749	1.370000e-03
3084.231	1.370000e-03
3084.714	1.370000e-03
3085.196	1.370000e-03
3085.678	1.369985e-03
3086.160	1.360000e-03
3086.637	1.360000e-03
3087.119	1.360000e-03
3087.601	1.360000e-03
3088.084	1.360000e-03
3088.566	1.360000e-03
3089.048	1.360000e-03
3089.530	1.360000e-03
3090.017	1.350000e-03
3090.499	1.350000e-03
3090.981	1.350000e-03
3091.464	1.350000e-03
3091.946	1.350000e-03
3092.428	1.350000e-03
3092.910	1.350000e-03
3093.387	1.350000e-03
3093.869	1.350000e-03
3094.351	1.350000e-03
3094.834	1.350000e-03
3095.316	1.350000e-03
3095.798	1.350000e-03
3096.280	1.350000e-03
3096.767	1.350000e-03
3097.249	1.350000e-03
3097.731	1.350000e-03
3098.214	1.350000e-03
3098.696	1.350000e-03
3099.178	1.350000e-03
3099.660	1.350000e-03
3100.137	1.350000e-03
3100.619	1.350000e-03
3101.101	1.350000e-03
3101.584	1.350000e-03
3102.066	1.350000e-03
3102.548	1.349941e-03
3103.030	1.340000e-03
3103.517	1.340000e-03
3103.999	1.340000e-03
3104.481	1.340000e-03
3104.964	1.340000e-03
3105.446	1.340000e-03
3105.928	1.340000e-03
3106.410	1.339852e-03
3106.887	1.330000e-03
3107.369	1.330000e-03
3107.851	1.330000e-03
3108.334	1.330000e-03
3108.816	1.329956e-03
3109.298	1.320000e-03
3109.780	1.320000e-03
3110.267	1.320000e-03
3110.749	1.319867e-03
3111.231	1.310000e-03
3111.714	1.310000e-03
3112.196	1.309867e-03
3112.678	1.300000e-03
3113.160	1.300000e-03
3113.637	1.299970e-03
3114.119	1.290000e-03
3114.601	1.289970e-03
3115.084	1.280000e-03
3115.566	1.279986e-03
3116.048	1.270000e-03
3116.530	1.269985e-03
3117.017	1.260000e-03
3117.499	1.259882e-03
3117.981	1.249881e-03
3118.464	1.240000e-03
3118.946	1.239882e-03
3119.428	1.229897e-03
3119.910	1.220000e-03
3120.387	1.220000e-03
3120.869	1.210000e-03
3121.351	1.200000e-03
3121.834	1.190000e-03
3122.316	1.190000e-03
3122.798	1.180000e-03
3123.280	1.170000e-03
3123.767	1.159911e-03
3124.249	1.150000e-03
3124.731	1.149911e-03
3125.214	1.139911e-03
3125.696	1.129911e-03
3126.178	1.119912e-03
3126.660	1.109911e-03
3127.137	1.100015e-03
3127.619	1.100000e-03
3128.101	1.090030e-03
3128.584	1.080030e-03
3129.066	1.070029e-03
3129.548	1.060030e-03
3130.030	1.050030e-03
3130.517	1.039926e-03
3130.999	1.030000e-03
3131.481	1.029926e-03
3131.964	1.019926e-03
3132.446	1.009941e-03
3132.928	9.999534e-04
3133.410	9.919473e-04
3133.887	9.830398e-04
3134.369	9.750352e-04
3134.851	9.660401e-04
3135.334	9.580355e-04
3135.816	9.500353e-04
3136.298	9.420359e-04
3136.780	9.340480e-04
3137.267	9.249643e-04
3137.749	9.169641e-04
3138.231	9.089692e-04
3138.714	9.019647e-04
3139.196	8.939645e-04
3139.678	8.859687e-04
3140.160	8.789642e-04
3140.637	8.710474e-04
3141.119	8.640212e-04
3141.601	8.570211e-04
3142.084	8.500210e-04
3142.566	8.430209e-04
3143.048	8.370180e-04
3143.530	8.300209e-04
3144.017	8.229553e-04
3144.499	8.169553e-04
3144.981	8.109554e-04
3145.464	8.049553e-04
3145.946	7.989381e-04
3146.428	7.929485e-04
3146.910	7.879384e-04
3147.387	7.820004e-04
3147.869	7.769997e-04
3148.351	7.709997e-04
3148.834	7.659999e-04
3149.316	7.610001e-04
3149.798	7.560003e-04
3150.280	7.509996e-04
3150.767	7.459333e-04
3151.249	7.409334e-04
3151.731	7.359336e-04
3152.214	7.309338e-04
3152.696	7.259465e-04
3153.178	7.219335e-04
3153.660	7.169336e-04
3154.137	7.119884e-04
3154.619	7.079849e-04
3155.101	7.029880e-04
3155.584	6.989709e-04
3156.066	6.939762e-04
3156.548	6.899706e-04
3157.030	6.849767e-04
3157.517	6.809181e-04
3157.999	6.759346e-04
3158.481	6.719349e-04
3158.964	6.679344e-04
3159.446	6.639347e-04
3159.928	6.599185e-04
3160.410	6.549228e-04
3160.887	6.509644e-04
3161.369	6.469647e-04
3161.851	6.429731e-04
3162.334	6.399647e-04
3162.816	6.359641e-04
3163.298	6.319644e-04
3163.780	6.279648e-04
3164.267	6.239419e-04
3164.749	6.209243e-04
3165.231	6.169939e-04
3165.714	6.129956e-04
3166.196	6.099938e-04
3166.678	6.059955e-04
3167.160	6.029946e-04
3167.637	5.990353e-04
3168.119	5.950356e-04
3168.601	5.920263e-04
3169.084	5.880355e-04
3169.566	5.850263e-04
3170.048	5.810240e-04
3170.530	5.770242e-04
3171.017	5.739821e-04
3171.499	5.699869e-04
3171.981	5.669820e-04
3172.464	5.629868e-04
3172.946	5.599820e-04
3173.428	5.559867e-04
3173.910	5.529819e-04
3174.387	5.490235e-04
3174.869	5.460094e-04
3175.351	5.430090e-04
3175.834	5.390123e-04
3176.316	5.360089e-04
3176.798	5.330093e-04
3177.280	5.300089e-04
3177.767	5.269847e-04
3178.249	5.249779e-04
3178.731	5.219775e-04
3179.214	5.189853e-04
3179.696	5.169793e-04
3180.178	5.149687e-04
3180.660	5.119795e-04
3181.137	5.099999e-04
3181.619	5.080004e-04
3182.101	5.060002e-04
3182.584	5.039999e-04
3183.066	5.019996e-04
3183.548	5.000002e-04
3184.030	4.980000e-04
3184.517	4.969732e-04
3184.999	4.949729e-04
3185.481	4.929735e-04
3185.964	4.909733e-04
3186.446	4.889863e-04
3186.928	4.879737e-04
3187.410	4.859734e-04
3187.887	4.839938e-04
3188.369	4.819944e-04
3188.851	4.799941e-04
3189.334	4.779940e-04
3189.816	4.769880e-04
3190.298	4.749885e-04
3190.780	4.729883e-04
3191.267	4.709672e-04
3191.749	4.689677e-04
3192.231	4.669675e-04
3192.714	4.649672e-04
3193.196	4.629841e-04
3193.678	4.619676e-04
3194.160	4.599616e-04
3194.637	4.579909e-04
3195.119	4.569819e-04
3195.601	4.549824e-04
3196.084	4.529910e-04
3196.566	4.519820e-04
3197.048	4.499826e-04
3197.530	4.479912e-04
3198.017	4.469614e-04
3198.499	4.449808e-04
3198.981	4.439975e-04
3199.464	4.419987e-04
3199.946	4.409971e-04
3200.428	4.389983e-04
3200.910	4.379967e-04
3201.387	4.360180e-04
3201.869	4.350090e-04
3202.351	4.330176e-04
3202.834	4.320086e-04
3203.316	4.300180e-04
3203.798	4.290061e-04
3204.280	4.270118e-04
3204.767	4.249907e-04
3205.249	4.229957e-04
3205.731	4.219912e-04
3206.214	4.199909e-04
3206.696	4.179915e-04
3207.178	4.159912e-04
3207.660	4.139954e-04
3208.137	4.130056e-04
3208.619	4.110063e-04
3209.101	4.090060e-04
3209.584	4.070057e-04
3210.066	4.050063e-04
3210.548	4.040032e-04
3211.030	4.020059e-04
3211.517	4.009850e-04
3211.999	3.989930e-04
3212.481	3.979854e-04
3212.964	3.959925e-04
3213.446	3.949895e-04
3213.928	3.939791e-04
3214.410	3.919900e-04
3214.887	3.910002e-04
3215.369	3.900000e-04
3215.851	3.889999e-04
3216.334	3.879998e-04
3216.816	3.869996e-04
3217.298	3.860004e-04
3217.780	3.840001e-04
3218.267	3.829866e-04
3218.749	3.819865e-04
3219.231	3.809731e-04
3219.714	3.789870e-04
3220.196	3.779868e-04
3220.678	3.769734e-04
3221.160	3.749864e-04
3221.637	3.739936e-04
3222.119	3.719972e-04
3222.601	3.709971e-04
3223.084	3.699882e-04
3223.566	3.679938e-04
3224.048	3.669886e-04
3224.530	3.649883e-04
3225.017	3.629835e-04
3225.499	3.619671e-04
3225.981	3.599677e-04
3226.464	3.579837e-04
3226.946	3.569673e-04
3227.428	3.549669e-04
3227.910	3.529618e-04
3228.387	3.509822e-04
3228.869	3.489908e-04
3229.351	3.479827e-04
3229.834	3.459824e-04
3230.316	3.439821e-04
3230.798	3.419907e-04
3231.280	3.409826e-04
3231.767	3.389615e-04
3232.249	3.369619e-04
3232.731	3.349975e-04
3233.214	3.329987e-04
3233.696	3.319971e-04
3234.178	3.299968e-04
3234.660	3.279974e-04
3235.137	3.260178e-04
3235.619	3.250088e-04
3236.101	3.230174e-04
3236.584	3.210180e-04
3237.066	3.200090e-04
3237.548	3.180118e-04
3238.030	3.170057e-04
3238.517	3.149958e-04
3238.999	3.139913e-04
3239.481	3.119954e-04
3239.964	3.109909e-04
3240.446	3.089959e-04
3240.928	3.079913e-04
3241.410	3.059955e-04
3241.887	3.050057e-04
3242.369	3.040026e-04
3242.851	3.020062e-04
3243.334	3.010031e-04
3243.816	3.000030e-04
3244.298	2.990028e-04
3244.780	2.970055e-04
3245.267	2.959929e-04
3245.749	2.949927e-04
3246.231	2.939852e-04
3246.714	2.919923e-04
3247.196	2.909893e-04
3247.678	2.899900e-04
3248.160	2.889899e-04
3248.637	2.880001e-04
3249.119	2.859998e-04
3249.601	2.849997e-04
3250.084	2.840004e-04
3250.566	2.830003e-04
3251.048	2.820001e-04
3251.530	2.810000e-04
3252.017	2.799865e-04
3252.499	2.789864e-04
3252.981	2.779863e-04
3253.464	2.769870e-04
3253.946	2.759735e-04
3254.428	2.739866e-04
3254.910	2.729865e-04
3255.387	2.719967e-04
3255.869	2.709974e-04
3256.351	2.699972e-04
3256.834	2.689942e-04
3257.316	2.679941e-04
3257.798	2.669998e-04
3258.280	2.669939e-04
3258.767	2.659834e-04
3259.249	2.649841e-04
3259.731	2.639840e-04
3260.214	2.629838e-04
3260.696	2.619837e-04
3261.178	2.609835e-04
3261.660	2.599805e-04
3262.137	2.589907e-04
3262.619	2.579915e-04
3263.101	2.569913e-04
3263.584	2.560001e-04
3264.066	2.559912e-04
3264.548	2.549911e-04
3265.030	2.539909e-04
3265.507	2.530011e-04
3265.989	2.520018e-04
3266.471	2.520004e-04
3266.954	2.510195e-04
3267.436	2.500194e-04
3267.918	2.490193e-04
3268.400	2.480191e-04
3268.887	2.479998e-04
3269.369	2.470086e-04
3269.851	2.460093e-04
3270.334	2.450092e-04
3270.816	2.450003e-04
3271.298	2.440062e-04
3271.780	2.430060e-04
3272.257	2.430000e-04
3272.739	2.420162e-04
3273.221	2.410161e-04
3273.704	2.409998e-04
3274.186	2.400159e-04
3274.668	2.390166e-04
3275.150	2.390004e-04
3275.637	2.380061e-04
3276.119	2.370031e-04
3276.601	2.370001e-04
3277.084	2.360029e-04
3277.566	2.350028e-04
3278.048	2.349998e-04
3278.530	2.340027e-04
3279.007	2.339997e-04
3279.489	2.330137e-04
3279.971	2.320136e-04
3280.454	2.320003e-04
3280.936	2.310106e-04
3281.418	2.310001e-04
3281.900	2.300104e-04
3282.387	2.289999e-04
3282.869	2.289999e-04
3283.351	2.279997e-04
3283.834	2.279997e-04
3284.316	2.269996e-04
3284.798	2.269996e-04
3285.280	2.260003e-04
3285.757	2.260003e-04
3286.239	2.250076e-04
3286.721	2.240075e-04
3287.204	2.240001e-04
3287.686	2.230074e-04
3288.168	2.229999e-04
3288.650	2.220072e-04
3289.137	2.219968e-04
3289.619	2.209997e-04
3290.101	2.209967e-04
3290.584	2.200004e-04
3291.066	2.199945e-04
3291.548	2.190002e-04
3292.030	2.189944e-04
3292.507	2.180045e-04
3292.989	2.180001e-04
3293.471	2.170044e-04
3293.954	2.170000e-04
3294.436	2.160043e-04
3294.918	2.159998e-04
3295.400	2.150013e-04
3295.887	2.149908e-04
3296.369	2.139996e-04
3296.851	2.139907e-04
3297.334	2.130003e-04
3297.816	2.130003e-04
3298.298	2.129914e-04
3298.780	2.120002e-04
3299.257	2.120002e-04
3299.739	2.110015e-04
3300.221	2.110000e-04
3300.704	2.100192e-04
3301.186	2.099999e-04
3301.668	2.090191e-04
3302.150	2.089998e-04
3302.637	2.080085e-04
3303.119	2.079996e-04
3303.601	2.079996e-04
3304.084	2.070092e-04
3304.566	2.070003e-04
3305.048	2.060062e-04
3305.530	2.060002e-04
3306.007	2.060002e-04
3306.489	2.050164e-04
3306.971	2.050001e-04
3307.454	2.040162e-04
3307.936	2.039999e-04
3308.418	2.039999e-04
3308.900	2.030161e-04
3309.387	2.029998e-04
3309.869	2.020027e-04
3310.351	2.019997e-04
3310.834	2.019997e-04
3311.316	2.010034e-04
3311.798	2.010004e-04
3312.280	2.010004e-04
3312.757	2.000136e-04
3313.239	2.000003e-04
3313.721	2.000003e-04
3314.204	1.990134e-04
3314.686	1.990001e-04
3315.168	1.990001e-04
3315.650	1.980104e-04
3316.137	1.980000e-04
3316.619	1.980000e-04
3317.101	1.969999e-04
3317.584	1.969999e-04
3318.066	1.969999e-04
3318.548	1.959997e-04
3319.030	1.959997e-04
3319.507	1.959997e-04
3319.989	1.950070e-04
3320.471	1.949996e-04
3320.954	1.949996e-04
3321.436	1.940077e-04
3321.918	1.940003e-04
3322.400	1.940003e-04
3322.887	1.930002e-04
3323.369	1.930002e-04
3323.851	1.930002e-04
3324.334	1.929943e-04
3324.816	1.920000e-04
3325.298	1.920000e-04
3325.780	1.920000e-04
3326.257	1.920000e-04
3326.739	1.910044e-04
3327.221	1.909999e-04
3327.704	1.909999e-04
3328.186	1.900042e-04
3328.668	1.899998e-04
3329.150	1.899998e-04
3329.637	1.899909e-04
3330.119	1.889996e-04
3330.601	1.889996e-04
3331.084	1.889996e-04
3331.566	1.889908e-04
3332.048	1.880004e-04
3332.530	1.880004e-04
3333.007	1.880004e-04
3333.489	1.870017e-04
3333.971	1.870002e-04
3334.454	1.870002e-04
3334.936	1.860194e-04
3335.418	1.860001e-04
3335.900	1.860001e-04
3336.387	1.850088e-04
3336.869	1.850000e-04
3337.351	1.840087e-04
3337.834	1.839998e-04
3338.316	1.839998e-04
3338.798	1.830057e-04
3339.280	1.829997e-04
3339.757	1.829997e-04
3340.239	1.820167e-04
3340.721	1.820004e-04
3341.204	1.810166e-04
3341.686	1.810003e-04
3342.168	1.800165e-04
3342.650	1.790163e-04
3343.137	1.790000e-04
3343.619	1.780029e-04
3344.101	1.779999e-04
3344.584	1.770027e-04
3345.066	1.769997e-04
3345.548	1.760026e-04
3346.030	1.750033e-04
3346.507	1.750003e-04
3346.989	1.740135e-04
3347.471	1.730134e-04
3347.954	1.720133e-04
3348.436	1.719999e-04
3348.918	1.710102e-04
3349.400	1.700101e-04
3349.887	1.690004e-04
3350.369	1.680003e-04
3350.851	1.680003e-04
3351.334	1.670001e-04
3351.816	1.660000e-04
3352.298	1.649999e-04
3352.780	1.639997e-04
3353.257	1.630070e-04
3353.739	1.620077e-04
3354.221	1.610076e-04
3354.704	1.600075e-04
3355.186	1.590073e-04
3355.668	1.580072e-04
3356.150	1.570071e-04
3356.637	1.559974e-04
3357.119	1.549972e-04
3357.601	1.539971e-04
3358.084	1.529941e-04
3358.566	1.519939e-04
3359.048	1.509938e-04
3359.530	1.499945e-04
3360.007	1.490047e-04
3360.489	1.480046e-04
3360.971	1.470044e-04
3361.454	1.460043e-04
3361.936	1.450042e-04
3362.418	1.440040e-04
3362.900	1.420033e-04
3363.387	1.409912e-04
3363.869	1.399911e-04
3364.351	1.389909e-04
3364.834	1.379908e-04
3365.316	1.369915e-04
3365.798	1.359914e-04
3366.280	1.349912e-04
3366.757	1.340014e-04
3367.239	1.330013e-04
3367.721	1.319983e-04
3368.204	1.309981e-04
3368.686	1.299989e-04
3369.168	1.289987e-04
3369.650	1.279986e-04
3370.137	1.269880e-04
3370.619	1.259879e-04
3371.101	1.249878e-04
3371.584	1.239885e-04
3372.066	1.229886e-04
3372.548	1.220060e-04
3373.030	1.210059e-04
3373.507	1.200161e-04
3373.989	1.190160e-04
3374.471	1.180167e-04
3374.954	1.170166e-04
3375.436	1.160164e-04
3375.918	1.150163e-04
3376.400	1.140162e-04
3376.887	1.139999e-04
3377.369	1.130027e-04
3377.851	1.120026e-04
3378.334	1.110033e-04
3378.816	1.100032e-04
3379.298	1.100002e-04
3379.780	1.090030e-04
3380.257	1.080132e-04
3380.739	1.070131e-04
3381.221	1.069998e-04
3381.704	1.060130e-04
3382.186	1.050108e-04
3382.668	1.040107e-04
3383.150	1.040002e-04
3383.637	1.030001e-04
3384.119	1.030001e-04
3384.601	1.020000e-04
3385.084	1.020000e-04
3385.566	1.009998e-04
3386.048	9.999970e-05
3386.530	9.990020e-05
3387.007	9.940386e-05
3387.489	9.880417e-05
3387.971	9.830336e-05
3388.454	9.770453e-05
3388.936	9.720373e-05
3389.418	9.670366e-05
3389.900	9.630321e-05
3390.387	9.579897e-05
3390.869	9.539840e-05
3391.351	9.499899e-05
3391.834	9.469733e-05
3392.316	9.429762e-05
3392.798	9.389731e-05
3393.280	9.339783e-05
3393.757	9.300140e-05
3394.239	9.260168e-05
3394.721	9.220197e-05
3395.204	9.170235e-05
3395.686	9.130220e-05
3396.168	9.090163e-05
3396.650	9.060011e-05
3397.137	9.019727e-05
3397.619	8.989706e-05
3398.101	8.959858e-05
3398.584	8.939610e-05
3399.066	8.899728e-05
3399.548	8.869707e-05
3400.030	8.839682e-05
3400.507	8.800039e-05
3400.989	8.770003e-05
3401.471	8.739966e-05
3401.954	8.699924e-05
3402.436	8.669988e-05
3402.918	8.639967e-05
3403.400	8.609946e-05
3403.887	8.579731e-05
3404.369	8.559746e-05
3404.851	8.539760e-05
3405.334	8.519775e-05
3405.816	8.499673e-05
3406.298	8.469947e-05
3406.780	8.449933e-05
3407.257	8.420221e-05
3407.739	8.400161e-05
3408.221	8.370215e-05
3408.704	8.350155e-05
3409.186	8.330169e-05
3409.668	8.300222e-05
3410.150	8.290038e-05
3410.637	8.269948e-05
3411.119	8.259998e-05
3411.601	8.249963e-05
3412.084	8.240102e-05
3412.566	8.220092e-05
3413.048	8.210081e-05
3413.530	8.200046e-05
3414.007	8.180326e-05
3414.489	8.160341e-05
3414.971	8.150143e-05
3415.454	8.130320e-05
3415.936	8.120122e-05
3416.418	8.110170e-05
3416.900	8.110008e-05
3417.387	8.100032e-05
3417.869	8.099973e-05
3418.351	8.099973e-05
3418.834	8.099973e-05
3419.316	8.099973e-05
3419.798	8.099914e-05
3420.280	8.090023e-05
3420.757	8.090023e-05
3421.239	8.080032e-05
3421.721	8.079987e-05
3422.204	8.079987e-05
3422.686	8.079987e-05
3423.168	8.079987e-05
3423.650	8.089889e-05
3424.137	8.099943e-05
3424.619	8.109978e-05
3425.101	8.119928e-05
3425.584	8.129964e-05
3426.066	8.149919e-05
3426.548	8.159985e-05
3427.030	8.169935e-05
3427.507	8.179867e-05
3427.989	8.189902e-05
3428.471	8.199854e-05
3428.954	8.209888e-05
3429.436	8.229976e-05
3429.918	8.249962e-05
3430.400	8.269947e-05
3430.887	8.290230e-05
3431.369	8.320251e-05
3431.851	8.350273e-05
3432.334	8.380293e-05
3432.816	8.410141e-05
3433.298	8.430300e-05
3433.780	8.460236e-05
3434.257	8.489947e-05
3434.739	8.519968e-05
3435.221	8.540041e-05
3435.704	8.570076e-05
3436.186	8.610047e-05
3436.668	8.650019e-05
3437.150	8.690075e-05
3437.637	8.730463e-05
3438.119	8.770553e-05
3438.601	8.820442e-05
3439.084	8.860616e-05
3439.566	8.910613e-05
3440.048	8.959743e-05
3440.530	8.999769e-05
3441.007	9.039327e-05
3441.489	9.089170e-05
3441.971	9.129389e-05
3442.454	9.179149e-05
3442.936	9.229155e-05
3443.418	9.279161e-05
3443.900	9.329168e-05
3444.387	9.389672e-05
3444.869	9.439882e-05
3445.351	9.499810e-05
3445.834	9.559852e-05
3446.316	9.609888e-05
3446.798	9.659810e-05
3447.280	9.719822e-05
3447.757	9.769342e-05
3448.239	9.819349e-05
3448.721	9.859454e-05
3449.204	9.909327e-05
3449.686	9.959477e-05
3450.168	9.999554e-05
3450.650	1.009894e-04
3451.137	1.009998e-04
3451.619	1.020000e-04
3452.101	1.020000e-04
3452.584	1.030001e-04
3453.066	1.030001e-04
3453.548	1.040002e-04
3454.030	1.040002e-04
3454.507	1.040002e-04
3454.989	1.049929e-04
3455.471	1.050004e-04
3455.954	1.059922e-04
3456.436	1.059997e-04
3456.918	1.059997e-04
3457.400	1.069924e-04
3457.887	1.070028e-04
3458.369	1.079999e-04
3458.851	1.079999e-04
3459.334	1.080058e-04
3459.816	1.090001e-04
3460.298	1.090001e-04
3460.780	1.090001e-04
3461.257	1.090001e-04
3461.739	1.099958e-04
3462.221	1.100002e-04
3462.704	1.100002e-04
3463.186	1.100002e-04
3463.668	1.109959e-04
3464.150	1.110003e-04
3464.637	1.110003e-04
3465.119	1.110092e-04
3465.601	1.119996e-04
3466.084	1.119996e-04
3466.566	1.119996e-04
3467.048	1.120085e-04
3467.530	1.129997e-04
3468.007	1.129997e-04
3468.489	1.129997e-04
3468.971	1.129997e-04
3469.454	1.129997e-04
3469.936	1.130012e-04
3470.418	1.139999e-04
3470.900	1.139999e-04
3471.387	1.139999e-04
3471.869	1.140117e-04
3472.351	1.150000e-04
3472.834	1.150000e-04
3473.316	1.150000e-04
3473.798	1.150000e-04
3474.280	1.150000e-04
3474.757	1.150000e-04
3475.239	1.159838e-04
3475.721	1.160001e-04
3476.204	1.160001e-04
3476.686	1.160001e-04
3477.168	1.160001e-04
3477.650	1.169840e-04
3478.137	1.170003e-04
3478.619	1.170003e-04
3479.101	1.170003e-04
3479.584	1.179974e-04
3480.066	1.180004e-04
3480.548	1.180004e-04
3481.030	1.180004e-04
3481.507	1.189864e-04
3481.989	1.189997e-04
3482.471	1.189997e-04
3482.954	1.189997e-04
3483.436	1.189997e-04
3483.918	1.199894e-04
3484.400	1.199998e-04
3484.887	1.199998e-04
3485.369	1.209999e-04
3485.851	1.209999e-04
3486.334	1.209999e-04
3486.816	1.220001e-04
3487.298	1.220001e-04
3487.780	1.220001e-04
3488.257	1.220001e-04
3488.739	1.229928e-04
3489.221	1.230002e-04
3489.704	1.230002e-04
3490.186	1.230002e-04
3490.668	1.239929e-04
3491.150	1.240004e-04
3491.637	1.240033e-04
3492.119	1.249996e-04
3492.601	1.250026e-04
3493.084	1.259998e-04
3493.566	1.259998e-04
3494.048	1.260056e-04
3494.530	1.269999e-04
3495.007	1.269999e-04
3495.489	1.269999e-04
3495.971	1.269999e-04
3496.454	1.279956e-04
3496.936	1.280000e-04
3497.418	1.289957e-04
3497.900	1.290002e-04
3498.387	1.290090e-04
3498.869	1.300003e-04
3499.351	1.300092e-04
3499.834	1.309996e-04
3500.316	1.310085e-04
3500.798	1.319997e-04
3501.280	1.320086e-04
3501.757	1.329984e-04
3502.239	1.329998e-04
3502.721	1.340000e-04
3503.204	1.340014e-04
3503.686	1.350001e-04
3504.168	1.350016e-04
3504.650	1.360002e-04
3505.137	1.360121e-04
3505.619	1.370122e-04
3506.101	1.379997e-04
3506.584	1.380115e-04
3507.066	1.390115e-04
3507.548	1.399941e-04
3508.030	1.409941e-04
3508.507	1.410001e-04
3508.989	1.419839e-04
3509.471	1.429840e-04
3509.954	1.430003e-04
3510.436	1.439833e-04
3510.918	1.449834e-04
3511.400	1.459836e-04
3511.887	1.469941e-04
3512.369	1.479971e-04
3512.851	1.489973e-04
3513.334	1.490003e-04
3513.816	1.499974e-04
3514.298	1.509967e-04
3514.780	1.519968e-04
3515.257	1.529866e-04
3515.739	1.530000e-04
3516.221	1.539868e-04
3516.704	1.549869e-04
3517.186	1.559899e-04
3517.668	1.569892e-04
3518.150	1.569996e-04
3518.637	1.579998e-04
3519.119	1.589999e-04
3519.601	1.600000e-04
3520.084	1.600000e-04
3520.566	1.610002e-04
3521.048	1.620003e-04
3521.530	1.620003e-04
3522.007	1.629921e-04
3522.489	1.639923e-04
3522.971	1.639997e-04
3523.454	1.649924e-04
3523.936	1.649999e-04
3524.418	1.659926e-04
3524.900	1.669927e-04
3525.387	1.670031e-04
3525.869	1.680003e-04
3526.351	1.680033e-04
3526.834	1.690063e-04
3527.316	1.699997e-04
3527.798	1.700056e-04
3528.280	1.709998e-04
3528.757	1.709998e-04
3529.239	1.719955e-04
3529.721	1.719999e-04
3530.204	1.729956e-04
3530.686	1.730001e-04
3531.168	1.739958e-04
3531.650	1.740002e-04
3532.137	1.750003e-04
3532.619	1.750092e-04
3533.101	1.759996e-04
3533.584	1.760085e-04
3534.066	1.769997e-04
3534.548	1.770086e-04
3535.030	1.779999e-04
3535.507	1.779999e-04
3535.989	1.789986e-04
3536.471	1.790015e-04
3536.954	1.800002e-04
3537.436	1.800016e-04
3537.918	1.810003e-04
3538.400	1.810017e-04
3538.887	1.820123e-04
3539.369	1.829997e-04
3539.851	1.830116e-04
3540.334	1.839998e-04
3540.816	1.840115e-04
3541.298	1.849941e-04
3541.780	1.859941e-04
3542.257	1.860001e-04
3542.739	1.869839e-04
3543.221	1.879841e-04
3543.704	1.880004e-04
3544.186	1.889834e-04
3544.668	1.899835e-04
3545.150	1.909836e-04
3545.637	1.919942e-04
3546.119	1.929972e-04
3546.601	1.939973e-04
3547.084	1.949966e-04
3547.566	1.959967e-04
3548.048	1.969969e-04
3548.530	1.979970e-04
3549.007	1.989868e-04
3549.489	1.999870e-04
3549.971	2.019731e-04
3550.454	2.029865e-04
3550.936	2.039895e-04
3551.418	2.059794e-04
3551.900	2.069899e-04
3552.387	2.089998e-04
3552.869	2.110000e-04
3553.351	2.120002e-04
3553.834	2.139996e-04
3554.316	2.159998e-04
3554.798	2.180001e-04
3555.280	2.190002e-04
3555.757	2.209848e-04
3556.239	2.229851e-04
3556.721	2.249853e-04
3557.204	2.279775e-04
3557.686	2.299851e-04
3558.168	2.319854e-04
3558.650	2.349775e-04
3559.137	2.380062e-04
3559.619	2.400086e-04
3560.101	2.430090e-04
3560.584	2.460122e-04
3561.066	2.480175e-04
3561.548	2.510179e-04
3562.030	2.540175e-04
3562.507	2.569869e-04
3562.989	2.599864e-04
3563.471	2.629868e-04
3563.954	2.659864e-04
3564.436	2.689868e-04
3564.918	2.719863e-04
3565.400	2.759940e-04
3565.887	2.790352e-04
3566.369	2.830269e-04
3566.851	2.860353e-04
3567.334	2.900270e-04
3567.816	2.930265e-04
3568.298	2.960358e-04
3568.780	3.000266e-04
3569.257	3.029960e-04
3569.739	3.069943e-04
3570.221	3.100054e-04
3570.704	3.140059e-04
3571.186	3.180056e-04
3571.668	3.220047e-04
3572.150	3.250057e-04
3572.637	3.290470e-04
3573.119	3.330476e-04
3573.601	3.370473e-04
3574.084	3.410478e-04
3574.566	3.450476e-04
3575.048	3.490587e-04
3575.530	3.530593e-04
3576.007	3.570177e-04
3576.489	3.610182e-04
3576.971	3.650179e-04
3577.454	3.690175e-04
3577.936	3.730181e-04
3578.418	3.770178e-04
3578.900	3.810174e-04
3579.387	3.850586e-04
3579.869	3.889882e-04
3580.351	3.929876e-04
3580.834	3.969882e-04
3581.316	4.009878e-04
3581.798	4.039912e-04
3582.280	4.079879e-04
3582.757	4.109603e-04
3583.239	4.149467e-04
3583.721	4.179604e-04
3584.204	4.209600e-04
3584.686	4.249578e-04
3585.168	4.279687e-04
3585.650	4.309691e-04
3586.137	4.339999e-04
3586.619	4.370004e-04
3587.101	4.389998e-04
3587.584	4.420002e-04
3588.066	4.440004e-04
3588.548	4.459998e-04
3589.030	4.480001e-04
3589.507	4.499855e-04
3589.989	4.509922e-04
3590.471	4.529851e-04
3590.954	4.539926e-04
3591.436	4.559855e-04
3591.918	4.569922e-04
3592.400	4.579923e-04
3592.887	4.589999e-04
3593.369	4.590029e-04
3593.851	4.600000e-04
3594.334	4.600059e-04
3594.816	4.610001e-04
3595.298	4.610001e-04
3595.780	4.609943e-04
3596.257	4.600044e-04
3596.739	4.600000e-04
3597.221	4.600000e-04
3597.704	4.600000e-04
3598.186	4.590043e-04
3598.668	4.589999e-04
3599.150	4.580013e-04
3599.637	4.579909e-04
3600.119	4.569907e-04
3600.601	4.560003e-04
3601.084	4.559915e-04
3601.566	4.549913e-04
3602.048	4.539912e-04
3602.530	4.529910e-04
3603.007	4.520012e-04
3603.489	4.510011e-04
3603.971	4.509982e-04
3604.454	4.499989e-04
3604.936	4.490002e-04
3605.418	4.489988e-04
3605.900	4.479987e-04
3606.387	4.470000e-04
3606.869	4.469881e-04
3607.351	4.459998e-04
3607.834	4.459880e-04
3608.316	4.449997e-04
3608.798	4.449850e-04
3609.280	4.439857e-04
3609.757	4.430003e-04
3610.239	4.429959e-04
3610.721	4.420002e-04
3611.204	4.420002e-04
3611.686	4.420002e-04
3612.168	4.419957e-04
3612.650	4.410000e-04
3613.137	4.410000e-04
3613.619	4.410000e-04
3614.101	4.410000e-04
3614.584	4.419972e-04
3615.066	4.420002e-04
3615.548	4.420002e-04
3616.030	4.420002e-04
3616.507	4.429870e-04
3616.989	4.430003e-04
3617.471	4.439871e-04
3617.954	4.449864e-04
3618.436	4.469791e-04
3618.918	4.479897e-04
3619.400	4.499795e-04
3619.887	4.509997e-04
3620.369	4.529999e-04
3620.851	4.550002e-04
3621.334	4.579997e-04
3621.816	4.600000e-04
3622.298	4.630004e-04
3622.780	4.660000e-04
3623.257	4.689780e-04
3623.739	4.719776e-04
3624.221	4.759699e-04
3624.704	4.789777e-04
3625.186	4.829700e-04
3625.668	4.879632e-04
3626.150	4.919703e-04
3626.637	4.970148e-04
3627.119	5.020146e-04
3627.601	5.070153e-04
3628.084	5.120354e-04
3628.566	5.180354e-04
3629.048	5.240294e-04
3629.530	5.290351e-04
3630.007	5.349732e-04
3630.489	5.409731e-04
3630.971	5.469731e-04
3631.454	5.539687e-04
3631.936	5.599731e-04
3632.418	5.669687e-04
3632.900	5.739890e-04
3633.387	5.810532e-04
3633.869	5.870620e-04
3634.351	5.940621e-04
3634.834	6.010533e-04
3635.316	6.070533e-04
3635.798	6.130621e-04
3636.280	6.200444e-04
3636.757	6.249926e-04
3637.239	6.309911e-04
3637.721	6.360069e-04
3638.204	6.410075e-04
3638.686	6.460059e-04
3639.168	6.500056e-04
3639.650	6.540061e-04
3640.137	6.580356e-04
3640.619	6.610360e-04
3641.101	6.640237e-04
3641.584	6.660121e-04
3642.066	6.670241e-04
3642.548	6.689998e-04
3643.030	6.689998e-04
3643.507	6.689998e-04
3643.989	6.689953e-04
3644.471	6.679952e-04
3644.954	6.669959e-04
3645.436	6.659913e-04
3645.918	6.639866e-04
3646.400	6.609915e-04
3646.887	6.589417e-04
3647.369	6.550114e-04
3647.851	6.520090e-04
3648.334	6.480123e-04
3648.816	6.430147e-04
3649.298	6.380148e-04
3649.780	6.330150e-04
3650.257	6.280668e-04
3650.739	6.220802e-04
3651.221	6.160802e-04
3651.704	6.100794e-04
3652.186	6.040623e-04
3652.668	5.980622e-04
3653.150	5.920622e-04
3653.637	5.859998e-04
3654.119	5.799998e-04
3654.601	5.739999e-04
3655.084	5.679999e-04
3655.566	5.630001e-04
3656.048	5.570002e-04
3656.530	5.510002e-04
3657.007	5.460377e-04
3657.489	5.410369e-04
3657.971	5.350444e-04
3658.454	5.310298e-04
3658.936	5.260374e-04
3659.418	5.220295e-04
3659.900	5.180298e-04
3660.387	5.139884e-04
3660.869	5.099909e-04
3661.351	5.069913e-04
3661.834	5.039823e-04
3662.316	5.009827e-04
3662.798	4.979882e-04
3663.280	4.959879e-04
3663.757	4.940092e-04
3664.239	4.920089e-04
3664.721	4.900086e-04
3665.204	4.880092e-04
3665.686	4.870046e-04
3666.168	4.860045e-04
3666.650	4.850015e-04
3667.137	4.849911e-04
3667.619	4.839998e-04
3668.101	4.839998e-04
3668.584	4.840087e-04
3669.066	4.849999e-04
3669.548	4.850088e-04
3670.030	4.860089e-04
3670.507	4.869988e-04
3670.989	4.879989e-04
3671.471	4.890011e-04
3671.954	4.900026e-04
3672.436	4.920029e-04
3672.918	4.940046e-04
3673.400	4.970027e-04
3673.887	4.990357e-04
3674.369	5.020471e-04
3674.851	5.060358e-04
3675.334	5.090472e-04
3675.816	5.130479e-04
3676.298	5.170737e-04
3676.780	5.220588e-04
3677.257	5.260225e-04
3677.739	5.310267e-04
3678.221	5.370267e-04
3678.704	5.430266e-04
3679.186	5.490310e-04
3679.668	5.560311e-04
3680.150	5.630356e-04
3680.637	5.711171e-04
3681.119	5.789762e-04
3681.601	5.869760e-04
3682.084	5.959733e-04
3682.566	6.049728e-04
3683.048	6.139732e-04
3683.530	6.239698e-04
3684.007	6.338671e-04
3684.489	6.438667e-04
3684.971	6.548532e-04
3685.454	6.658538e-04
3685.936	6.768850e-04
3686.418	6.888748e-04
3686.900	7.008747e-04
3687.387	7.129997e-04
3687.869	7.249996e-04
3688.351	7.379996e-04
3688.834	7.500003e-04
3689.316	7.620002e-04
3689.798	7.750003e-04
3690.280	7.870002e-04
3690.757	7.988579e-04
3691.239	8.118458e-04
3691.721	8.238576e-04
3692.204	8.358575e-04
3692.686	8.468691e-04
3693.168	8.588580e-04
3693.650	8.698696e-04
3694.137	8.799853e-04
3694.619	8.899858e-04
3695.101	8.999700e-04
3695.584	9.089733e-04
3696.066	9.179728e-04
3696.548	9.259760e-04
3697.030	9.329791e-04
3697.507	9.399069e-04
3697.989	9.459202e-04
3698.471	9.509333e-04
3698.954	9.549463e-04
3699.436	9.590119e-04
3699.918	9.610121e-04
3700.400	9.630057e-04
3700.887	9.640162e-04
3701.369	9.649837e-04
3701.851	9.639836e-04
3702.334	9.629672e-04
3702.816	9.609678e-04
3703.298	9.589350e-04
3703.780	9.549553e-04
3704.257	9.519778e-04
3704.739	9.469825e-04
3705.221	9.429775e-04
3705.704	9.379777e-04
3706.186	9.329734e-04
3706.668	9.269779e-04
3707.150	9.219737e-04
3707.637	9.159262e-04
3708.119	9.109331e-04
3708.601	9.059200e-04
3709.084	8.999333e-04
3709.566	8.949335e-04
3710.048	8.899470e-04
3710.530	8.859332e-04
3711.007	8.809880e-04
3711.489	8.769913e-04
3711.971	8.739879e-04
3712.454	8.699958e-04
3712.936	8.669940e-04
3713.418	8.629972e-04
3713.900	8.609955e-04
3714.387	8.579765e-04
3714.869	8.559644e-04
3715.351	8.529759e-04
3715.834	8.509765e-04
3716.316	8.489761e-04
3716.798	8.469554e-04
3717.280	8.439706e-04
3717.757	8.419865e-04
3718.239	8.389870e-04
3718.721	8.359866e-04
3719.204	8.329826e-04
3719.686	8.289821e-04
3720.168	8.249824e-04
3720.650	8.209783e-04
3721.137	8.159268e-04
3721.619	8.110147e-04
3722.101	8.050180e-04
3722.584	7.990180e-04
3723.066	7.920209e-04
3723.548	7.850208e-04
3724.030	7.780208e-04
3724.507	7.701061e-04
3724.989	7.621067e-04
3725.471	7.541065e-04
3725.954	7.461063e-04
3726.436	7.370944e-04
3726.918	7.290835e-04
3727.400	7.200935e-04
3727.887	7.120004e-04
3728.369	7.030000e-04
3728.851	6.949998e-04
3729.334	6.879997e-04
3729.816	6.800004e-04
3730.298	6.730003e-04
3730.780	6.660002e-04
3731.257	6.600450e-04
3731.739	6.530522e-04
3732.221	6.480375e-04
3732.704	6.420441e-04
3733.186	6.380296e-04
3733.668	6.330372e-04
3734.150	6.300220e-04
3734.637	6.269912e-04
3735.119	6.239937e-04
3735.601	6.219973e-04
3736.084	6.209943e-04
3736.566	6.199942e-04
3737.048	6.189999e-04
3737.530	6.190058e-04
3738.007	6.199956e-04
3738.489	6.209957e-04
3738.971	6.219959e-04
3739.454	6.249866e-04
3739.936	6.269913e-04
3740.418	6.309821e-04
3740.900	6.339956e-04
3741.387	6.380443e-04
3741.869	6.430441e-04
3742.351	6.480447e-04
3742.834	6.530534e-04
3743.316	6.590534e-04
3743.798	6.650622e-04
3744.280	6.720534e-04
3744.757	6.779914e-04
3745.239	6.839914e-04
3745.721	6.910088e-04
3746.204	6.970102e-04
3746.686	7.040103e-04
3747.168	7.110089e-04
3747.650	7.170103e-04
3748.137	7.240834e-04
3748.619	7.310716e-04
3749.101	7.370834e-04
3749.584	7.440716e-04
3750.066	7.500717e-04
3750.548	7.560741e-04
3751.030	7.610887e-04
3751.507	7.670222e-04
3751.989	7.720221e-04
3752.471	7.770174e-04
3752.954	7.810180e-04
3753.436	7.850177e-04
3753.918	7.890182e-04
3754.400	7.930179e-04
3754.887	7.970436e-04
3755.369	7.999914e-04
3755.851	8.039879e-04
3756.334	8.059942e-04
3756.816	8.089907e-04
3757.298	8.119911e-04
3757.780	8.139944e-04
3758.257	8.159732e-04
3758.739	8.179734e-04
3759.221	8.189869e-04
3759.704	8.209738e-04
3760.186	8.219893e-04
3760.668	8.229894e-04
3761.150	8.239896e-04
3761.637	8.250001e-04
3762.119	8.250001e-04
3762.601	8.260003e-04
3763.084	8.260003e-04
3763.566	8.260003e-04
3764.048	8.260003e-04
3764.530	8.250001e-04
3765.007	8.250001e-04
3765.489	8.240074e-04
3765.971	8.230073e-04
3766.454	8.210153e-04
3766.936	8.200077e-04
3767.418	8.180149e-04
3767.900	8.160146e-04
3768.387	8.139944e-04
3768.869	8.119911e-04
3769.351	8.089937e-04
3769.834	8.069826e-04
3770.316	8.039822e-04
3770.798	8.009768e-04
3771.280	7.969821e-04
3771.757	7.940136e-04
3772.239	7.900175e-04
3772.721	7.860178e-04
3773.204	7.820181e-04
3773.686	7.780176e-04
3774.168	7.730222e-04
3774.650	7.680079e-04
3775.137	7.639553e-04
3775.619	7.589466e-04
3776.101	7.529555e-04
3776.584	7.479468e-04
3777.066	7.419558e-04
3777.548	7.369471e-04
3778.030	7.309382e-04
3778.507	7.240104e-04
3778.989	7.180090e-04
3779.471	7.109901e-04
3779.954	7.039900e-04
3780.436	6.969900e-04
3780.918	6.899884e-04
3781.400	6.819882e-04
3781.887	6.739055e-04
3782.369	6.659053e-04
3782.851	6.578932e-04
3783.334	6.489047e-04
3783.816	6.408932e-04
3784.298	6.318671e-04
3784.780	6.228676e-04
3785.257	6.139602e-04
3785.739	6.049598e-04
3786.221	5.959559e-04
3786.704	5.859598e-04
3787.186	5.769559e-04
3787.668	5.669599e-04
3788.150	5.579559e-04
3788.637	5.478508e-04
3789.119	5.378404e-04
3789.601	5.288401e-04
3790.084	5.198228e-04
3790.566	5.098401e-04
3791.048	5.008406e-04
3791.530	4.918403e-04
3792.007	4.829402e-04
3792.489	4.749334e-04
3792.971	4.659405e-04
3793.454	4.579341e-04
3793.936	4.490924e-04
3794.418	4.410834e-04
3794.900	4.330832e-04
3795.387	4.249996e-04
3795.869	4.180004e-04
3796.351	4.110003e-04
3796.834	4.040002e-04
3797.316	3.970001e-04
3797.798	3.900000e-04
3798.280	3.840001e-04
3798.757	3.780448e-04
3799.239	3.720448e-04
3799.721	3.660448e-04
3800.204	3.600449e-04
3800.686	3.550368e-04
3801.168	3.500370e-04
3801.650	3.440444e-04
3802.137	3.389881e-04
3802.619	3.349854e-04
3803.101	3.299877e-04
3803.584	3.259765e-04
3804.066	3.219768e-04
3804.548	3.179763e-04
3805.030	3.139825e-04
3805.507	3.110130e-04
3805.989	3.070178e-04
3806.471	3.040130e-04
3806.954	3.010134e-04
3807.436	2.980130e-04
3807.918	2.950135e-04
3808.400	2.930030e-04
3808.887	2.899826e-04
3809.369	2.879823e-04
3809.851	2.859821e-04
3810.334	2.839915e-04
3810.816	2.829825e-04
3811.298	2.809911e-04
3811.780	2.799910e-04
3812.257	2.790012e-04
3812.739	2.780010e-04
3813.221	2.769989e-04
3813.704	2.760002e-04
3814.186	2.759987e-04
3814.668	2.750000e-04
3815.150	2.750000e-04
3815.637	2.750000e-04
3816.119	2.750119e-04
3816.601	2.760002e-04
3817.084	2.760002e-04
3817.566	2.760121e-04
3818.048	2.770151e-04
3818.530	2.779996e-04
3819.007	2.780040e-04
3819.489	2.790042e-04
3819.971	2.799999e-04
3820.454	2.800043e-04
3820.936	2.810044e-04
3821.418	2.820046e-04
3821.900	2.830047e-04
3822.387	2.840004e-04
3822.869	2.840181e-04
3823.351	2.850174e-04
3823.834	2.860176e-04
3824.316	2.869999e-04
3824.798	2.870177e-04
3825.280	2.880178e-04
3825.757	2.890002e-04
3826.239	2.890002e-04
3826.721	2.890002e-04
3827.204	2.890002e-04
3827.686	2.890002e-04
3828.168	2.890002e-04
3828.650	2.890002e-04
3829.137	2.890002e-04
3829.619	2.890002e-04
3830.101	2.880001e-04
3830.584	2.880001e-04
3831.066	2.869999e-04
3831.548	2.869999e-04
3832.030	2.859998e-04
3832.507	2.850071e-04
3832.989	2.840078e-04
3833.471	2.830077e-04
3833.954	2.810148e-04
3834.436	2.800073e-04
3834.918	2.780144e-04
3835.400	2.770077e-04
3835.887	2.749941e-04
3836.369	2.729938e-04
3836.851	2.709974e-04
3837.334	2.699885e-04
3837.816	2.679823e-04
3838.298	2.649886e-04
3838.780	2.629884e-04
3839.257	2.610088e-04
3839.739	2.580136e-04
3840.221	2.560089e-04
3840.704	2.530130e-04
3841.186	2.500134e-04
3841.668	2.470130e-04
3842.150	2.440048e-04
3842.637	2.409731e-04
3843.119	2.379736e-04
3843.601	2.349732e-04
3844.084	2.319736e-04
3844.566	2.289732e-04
3845.048	2.259737e-04
3845.530	2.229733e-04
3846.007	2.200047e-04
3846.489	2.170043e-04
3846.971	2.129960e-04
3847.454	2.099956e-04
3847.936	2.069946e-04
3848.418	2.029955e-04
3848.900	1.999959e-04
3849.387	1.969643e-04
3849.869	1.939647e-04
3850.351	1.909762e-04
3850.834	1.889641e-04
3851.316	1.859644e-04
3851.798	1.829702e-04
3852.280	1.809560e-04
3852.757	1.779866e-04
3853.239	1.749915e-04
3853.721	1.729868e-04
3854.204	1.699908e-04
3854.686	1.679869e-04
3855.168	1.649910e-04
3855.650	1.629863e-04
3856.137	1.599702e-04
3856.619	1.579643e-04
3857.101	1.559649e-04
3857.584	1.539823e-04
3858.066	1.529645e-04
3858.548	1.509642e-04
3859.030	1.489648e-04
3859.507	1.469926e-04
3859.989	1.459850e-04
3860.471	1.439848e-04
3860.954	1.419929e-04
3861.436	1.410103e-04
3861.918	1.390206e-04
3862.400	1.380101e-04
3862.887	1.370004e-04
3863.369	1.360002e-04
3863.851	1.340000e-04
3864.334	1.329998e-04
3864.816	1.319997e-04
3865.298	1.309996e-04
3865.780	1.300003e-04
3866.257	1.290076e-04
3866.739	1.280075e-04
3867.221	1.270073e-04
3867.704	1.260072e-04
3868.186	1.250071e-04
3868.668	1.249996e-04
3869.150	1.240078e-04
3869.637	1.230002e-04
3870.119	1.229972e-04
3870.601	1.219971e-04
3871.084	1.209999e-04
3871.566	1.209941e-04
3872.048	1.199998e-04
3872.530	1.199939e-04
3873.007	1.190041e-04
3873.489	1.189997e-04
3873.971	1.180048e-04
3874.454	1.180004e-04
3874.936	1.170047e-04
3875.418	1.170003e-04
3875.900	1.170003e-04
3876.387	1.160001e-04
3876.869	1.160001e-04
3877.351	1.160001e-04
3877.834	1.160001e-04
3878.316	1.159913e-04
3878.798	1.150000e-04
3879.280	1.150000e-04
3879.757	1.150000e-04
3880.239	1.150000e-04
3880.721	1.149986e-04
3881.204	1.139999e-04
3881.686	1.139999e-04
3882.168	1.139999e-04
3882.650	1.139999e-04
3883.137	1.139999e-04
3883.619	1.139999e-04
3884.101	1.139999e-04
3884.584	1.139999e-04
3885.066	1.139999e-04
3885.548	1.139999e-04
3886.030	1.139999e-04
3886.507	1.139999e-04
3886.989	1.139954e-04
3887.471	1.129997e-04
3887.954	1.129997e-04
3888.436	1.129997e-04
3888.918	1.129997e-04
3889.400	1.129997e-04
3889.887	1.129997e-04
3890.369	1.129997e-04
3890.851	1.129997e-04
3891.334	1.129997e-04
3891.816	1.129997e-04
3892.298	1.129997e-04
3892.780	1.129997e-04
3893.257	1.129923e-04
3893.739	1.119996e-04
3894.221	1.119996e-04
3894.704	1.119996e-04
3895.186	1.119996e-04
3895.668	1.119996e-04
3896.150	1.110107e-04
3896.637	1.110003e-04
3897.119	1.110003e-04
3897.601	1.110003e-04
3898.084	1.110003e-04
3898.566	1.100002e-04
3899.048	1.100002e-04
3899.530	1.100002e-04
3900.007	1.100002e-04
3900.489	1.090075e-04
3900.971	1.090001e-04
3901.454	1.090001e-04
3901.936	1.080073e-04
3902.418	1.079999e-04
3902.900	1.079999e-04
3903.387	1.069998e-04
3903.869	1.069998e-04
3904.351	1.069998e-04
3904.834	1.069939e-04
3905.316	1.059997e-04
3905.798	1.059997e-04
3906.280	1.059938e-04
3906.757	1.050048e-04
3907.239	1.050004e-04
3907.721	1.050004e-04
3908.204	1.040047e-04
3908.686	1.040002e-04
3909.168	1.040002e-04
3909.650	1.030017e-04
3910.137	1.030001e-04
3910.619	1.030001e-04
3911.101	1.030001e-04
3911.584	1.029912e-04
3912.066	1.020000e-04
3912.548	1.020000e-04
3913.030	1.020000e-04
3913.507	1.020000e-04
3913.989	1.010013e-04
3914.471	1.009998e-04
3914.954	1.009998e-04
3915.436	1.009998e-04
3915.918	1.009998e-04
3916.400	1.009984e-04
3916.887	9.999970e-05
3917.369	9.999970e-05
3917.851	9.999970e-05
3918.334	9.999970e-05
3918.816	9.999970e-05
3919.298	9.999970e-05
3919.780	9.999823e-05
3920.257	9.989976e-05
3920.739	9.979941e-05
3921.221	9.969990e-05
3921.704	9.959955e-05
3922.186	9.949964e-05
3922.668	9.949964e-05
3923.150	9.949964e-05
3923.637	9.949964e-05
3924.119	9.950142e-05
3924.601	9.959999e-05
3925.084	9.959999e-05
3925.566	9.960177e-05
3926.048	9.970035e-05
3926.530	9.970035e-05
3927.007	9.970109e-05
3927.489	9.979985e-05
3927.971	9.979985e-05
3928.454	9.979985e-05
3928.936	9.979985e-05
3929.418	9.989916e-05
3929.900	9.999867e-05
3930.387	9.999970e-05
3930.869	9.999970e-05
3931.351	9.999970e-05
3931.834	1.009998e-04
3932.316	1.009998e-04
3932.798	1.009998e-04
3933.280	1.009998e-04
3933.757	1.009998e-04
3934.239	1.009998e-04
3934.721	1.009998e-04
3935.204	1.009998e-04
3935.686	1.019925e-04
3936.168	1.020000e-04
3936.650	1.020000e-04
3937.137	1.020000e-04
3937.619	1.020000e-04
3938.101	1.020030e-04
3938.584	1.030001e-04
3939.066	1.030001e-04
3939.548	1.030001e-04
3940.030	1.030001e-04
3940.507	1.030001e-04
3940.989	1.039958e-04
3941.471	1.040002e-04
3941.954	1.040002e-04
3942.436	1.040002e-04
3942.918	1.040002e-04
3943.400	1.040002e-04
3943.887	1.050004e-04
3944.369	1.050004e-04
3944.851	1.050004e-04
3945.334	1.050092e-04
3945.816	1.059997e-04
3946.298	1.059997e-04
3946.780	1.059997e-04
3947.257	1.059997e-04
3947.739	1.059997e-04
3948.221	1.069998e-04
3948.704	1.069998e-04
3949.186	1.069998e-04
3949.668	1.070012e-04
3950.150	1.079999e-04
3950.637	1.079999e-04
3951.119	1.079999e-04
3951.601	1.080118e-04
3952.084	1.090001e-04
3952.566	1.090001e-04
3953.048	1.090148e-04
3953.530	1.100002e-04
3954.007	1.100002e-04
3954.489	1.100002e-04
3954.971	1.100046e-04
3955.454	1.110003e-04
3955.936	1.110003e-04
3956.418	1.110048e-04
3956.900	1.119996e-04
3957.387	1.119996e-04
3957.869	1.120174e-04
3958.351	1.129997e-04
3958.834	1.130175e-04
3959.316	1.139999e-04
3959.798	1.139999e-04
3960.280	1.140176e-04
3960.757	1.150000e-04
3961.239	1.150074e-04
3961.721	1.160001e-04
3962.204	1.160074e-04
3962.686	1.169900e-04
3963.168	1.170003e-04
3963.650	1.170003e-04
3964.137	1.180004e-04
3964.619	1.189997e-04
3965.101	1.189997e-04
3965.584	1.199998e-04
3966.066	1.199998e-04
3966.548	1.209999e-04
3967.030	1.209999e-04
3967.507	1.219926e-04
3967.989	1.220001e-04
3968.471	1.229928e-04
3968.954	1.230002e-04
3969.436	1.239929e-04
3969.918	1.240004e-04
3970.400	1.249922e-04
3970.887	1.259998e-04
3971.369	1.260028e-04
3971.851	1.270029e-04
3972.334	1.280000e-04
3972.816	1.280059e-04
3973.298	1.290061e-04
3973.780	1.300003e-04
3974.257	1.300003e-04
3974.739	1.309951e-04
3975.221	1.309996e-04
3975.704	1.319953e-04
3976.186	1.329954e-04
3976.668	1.329998e-04
3977.150	1.339984e-04
3977.637	1.350001e-04
3978.119	1.350090e-04
3978.601	1.360091e-04
3979.084	1.370093e-04
3979.566	1.379997e-04
3980.048	1.380085e-04
3980.530	1.390087e-04
3981.007	1.399985e-04
3981.489	1.399999e-04
3981.971	1.410015e-04
3982.454	1.420002e-04
3982.936	1.420016e-04
3983.418	1.430018e-04
3983.900	1.439996e-04
3984.377	1.439996e-04
3984.859	1.449909e-04
3985.341	1.459910e-04
3985.824	1.469911e-04
3986.306	1.470000e-04
3986.788	1.479941e-04
3987.270	1.489943e-04
3987.757	1.490047e-04
3988.239	1.500048e-04
3988.721	1.509997e-04
3989.204	1.510041e-04
3989.686	1.520043e-04
3990.168	1.530000e-04
3990.650	1.530044e-04
3991.127	1.539942e-04
3991.609	1.549972e-04
3992.091	1.550002e-04
3992.574	1.559974e-04
3993.056	1.560004e-04
3993.538	1.569966e-04
3994.020	1.579968e-04
3994.507	1.580072e-04
3994.989	1.589999e-04
3995.471	1.590073e-04
3995.954	1.600000e-04
3996.436	1.600104e-04
3996.918	1.610002e-04
3997.400	1.610105e-04
3997.877	1.620003e-04
3998.359	1.620003e-04
3998.841	1.629996e-04
3999.324	1.629996e-04
3999.806	1.639997e-04
4000.288	1.639997e-04
4000.770	1.649999e-04
4001.257	1.649999e-04
4001.739	1.659926e-04
4002.221	1.660000e-04
4002.704	1.660000e-04
4003.186	1.669927e-04
4003.668	1.670001e-04
4004.150	1.679928e-04
4004.627	1.680003e-04
4005.109	1.689826e-04
4005.591	1.690004e-04
4006.074	1.690004e-04
4006.556	1.699848e-04
4007.038	1.699997e-04
4007.520	1.709849e-04
4008.007	1.709998e-04
4008.489	1.709998e-04
4008.971	1.719955e-04
4009.454	1.719999e-04
4009.936	1.729956e-04
4010.418	1.730001e-04
4010.900	1.730001e-04
4011.377	1.739883e-04
4011.859	1.740002e-04
4012.341	1.749885e-04
4012.824	1.750003e-04
4013.306	1.759878e-04
4013.788	1.759996e-04
4014.270	1.769879e-04
4014.757	1.769997e-04
4015.239	1.779984e-04
4015.721	1.790000e-04
4016.204	1.790015e-04
4016.686	1.800016e-04
4017.168	1.810017e-04
4017.650	1.820004e-04
4018.127	1.820004e-04
4018.609	1.829908e-04
4019.091	1.839910e-04
4019.574	1.849911e-04
4020.056	1.859912e-04
4020.538	1.869942e-04
4021.020	1.879944e-04
4021.507	1.890041e-04
4021.989	1.900042e-04
4022.471	1.910044e-04
4022.954	1.920089e-04
4023.436	1.940048e-04
4023.918	1.950040e-04
4024.400	1.960086e-04
4024.877	1.979882e-04
4025.359	1.999943e-04
4025.841	2.009974e-04
4026.324	2.029938e-04
4026.806	2.049941e-04
4027.288	2.059972e-04
4027.770	2.079936e-04
4028.257	2.100148e-04
4028.739	2.120150e-04
4029.221	2.140144e-04
4029.704	2.160147e-04
4030.186	2.180208e-04
4030.668	2.200210e-04
4031.150	2.220204e-04
4031.627	2.240001e-04
4032.109	2.260003e-04
4032.591	2.289999e-04
4033.074	2.310001e-04
4033.556	2.330004e-04
4034.038	2.360000e-04
4034.520	2.380002e-04
4035.007	2.399850e-04
4035.489	2.419850e-04
4035.971	2.439853e-04
4036.454	2.469774e-04
4036.936	2.489851e-04
4037.418	2.509854e-04
4037.900	2.529848e-04
4038.377	2.549644e-04
4038.859	2.569647e-04
4039.341	2.589641e-04
4039.824	2.609701e-04
4040.306	2.629704e-04
4040.788	2.649707e-04
4041.270	2.669701e-04
4041.757	2.679955e-04
4042.239	2.699914e-04
4042.721	2.709959e-04
4043.204	2.719952e-04
4043.686	2.729953e-04
4044.168	2.749912e-04
4044.650	2.759986e-04
4045.127	2.769884e-04
4045.609	2.779877e-04
4046.091	2.789879e-04
4046.574	2.799880e-04
4047.056	2.799999e-04
4047.538	2.809881e-04
4048.020	2.810000e-04
4048.507	2.819987e-04
4048.989	2.820001e-04
4049.471	2.820001e-04
4049.954	2.820001e-04
4050.436	2.820001e-04
4050.918	2.820001e-04
4051.400	2.820001e-04
4051.877	2.820001e-04
4052.359	2.820001e-04
4052.841	2.820001e-04
4053.324	2.820001e-04
4053.806	2.810089e-04
4054.288	2.810000e-04
4054.770	2.800058e-04
4055.257	2.799954e-04
4055.739	2.789953e-04
4056.221	2.779952e-04
4056.704	2.769959e-04
4057.186	2.759957e-04
4057.668	2.749956e-04
4058.150	2.739955e-04
4058.627	2.730057e-04
4059.109	2.720026e-04
4059.591	2.710034e-04
4060.074	2.700032e-04
4060.556	2.690031e-04
4061.038	2.680030e-04
4061.520	2.660057e-04
4062.007	2.649856e-04
4062.489	2.629927e-04
4062.971	2.619852e-04
4063.454	2.599848e-04
4063.936	2.579900e-04
4064.418	2.569796e-04
4064.900	2.549793e-04
4065.377	2.529997e-04
4065.859	2.520004e-04
4066.341	2.500001e-04
4066.824	2.479998e-04
4067.306	2.460004e-04
4067.788	2.440002e-04
4068.270	2.419999e-04
4068.757	2.400142e-04
4069.239	2.380151e-04
4069.721	2.360148e-04
4070.204	2.340145e-04
4070.686	2.320151e-04
4071.168	2.300149e-04
4071.650	2.280146e-04
4072.127	2.260358e-04
4072.609	2.240356e-04
4073.091	2.220353e-04
4073.574	2.200302e-04
4074.056	2.180298e-04
4074.538	2.160296e-04
4075.020	2.140293e-04
4075.507	2.110133e-04
4075.989	2.090086e-04
4076.471	2.070092e-04
4076.954	2.050090e-04
4077.436	2.030087e-04
4077.918	2.010093e-04
4078.400	1.990032e-04
4078.877	1.970236e-04
4079.359	1.950233e-04
4079.841	1.930239e-04
4080.324	1.910236e-04
4080.806	1.890234e-04
4081.288	1.870240e-04
4081.770	1.850237e-04
4082.257	1.830026e-04
4082.739	1.820019e-04
4083.221	1.799973e-04
4083.704	1.779970e-04
4084.186	1.759967e-04
4084.668	1.739988e-04
4085.150	1.729972e-04
4085.627	1.710176e-04
4086.109	1.690181e-04
4086.591	1.680091e-04
4087.074	1.660177e-04
4087.556	1.650087e-04
4088.038	1.630116e-04
4088.520	1.620063e-04
4089.007	1.599956e-04
4089.489	1.589910e-04
4089.971	1.569908e-04
4090.454	1.549958e-04
4090.936	1.539957e-04
4091.418	1.529911e-04
4091.900	1.509953e-04
4092.377	1.500063e-04
4092.859	1.490033e-04
4093.341	1.470060e-04
4093.824	1.460029e-04
4094.306	1.450027e-04
4094.788	1.440026e-04
4095.270	1.420062e-04
4095.757	1.409926e-04
4096.239	1.399851e-04
4096.721	1.379922e-04
4097.204	1.369929e-04
4097.686	1.359899e-04
4098.168	1.349898e-04
4098.650	1.339897e-04
4099.127	1.329998e-04
4099.609	1.319997e-04
4100.091	1.309996e-04
4100.574	1.300003e-04
4101.056	1.290002e-04
4101.538	1.280000e-04
4102.020	1.269999e-04
4102.507	1.260071e-04
4102.989	1.250071e-04
4103.471	1.240078e-04
4103.954	1.230076e-04
4104.436	1.220075e-04
4104.918	1.210074e-04
4105.400	1.209999e-04
4105.877	1.200176e-04
4106.359	1.190174e-04
4106.841	1.189997e-04
4107.324	1.180153e-04
4107.806	1.170151e-04
4108.288	1.170003e-04
4108.770	1.160150e-04
4109.257	1.150044e-04
4109.739	1.150000e-04
4110.221	1.140043e-04
4110.704	1.139999e-04
4111.186	1.130042e-04
4111.668	1.129997e-04
4112.150	1.120011e-04
4112.627	1.119996e-04
4113.109	1.119996e-04
4113.591	1.110122e-04
4114.074	1.110003e-04
4114.556	1.110003e-04
4115.038	1.110003e-04
4115.520	1.110003e-04
4116.007	1.100016e-04
4116.489	1.100002e-04
4116.971	1.100002e-04
4117.454	1.100002e-04
4117.936	1.100002e-04
4118.418	1.100002e-04
4118.900	1.100002e-04
4119.377	1.100002e-04
4119.859	1.100002e-04
4120.341	1.100002e-04
4120.824	1.100002e-04
4121.306	1.100002e-04
4121.788	1.109943e-04
4122.270	1.110003e-04
4122.757	1.110003e-04
4123.239	1.110003e-04
4123.721	1.110048e-04
4124.204	1.119996e-04
4124.686	1.119996e-04
4125.168	1.120040e-04
4125.650	1.129997e-04
4126.127	1.129997e-04
4126.609	1.139969e-04
4127.091	1.139999e-04
4127.574	1.149970e-04
4128.056	1.150000e-04
4128.538	1.159971e-04
4129.020	1.169973e-04
4129.507	1.170077e-04
4129.989	1.180004e-04
4130.471	1.180078e-04
4130.954	1.190071e-04
4131.436	1.199998e-04
4131.918	1.200101e-04
4132.400	1.210103e-04
4132.877	1.220001e-04
4133.359	1.230002e-04
4133.841	1.240004e-04
4134.324	1.249996e-04
4134.806	1.259998e-04
4135.288	1.259998e-04
4135.770	1.269999e-04
4136.257	1.279927e-04
4136.739	1.289927e-04
4137.221	1.299929e-04
4137.704	1.309922e-04
4138.186	1.319923e-04
4138.668	1.329924e-04
4139.150	1.339926e-04
4139.627	1.359647e-04
4140.109	1.369826e-04
4140.591	1.379819e-04
4141.074	1.399701e-04
4141.556	1.409852e-04
4142.038	1.429706e-04
4142.520	1.439848e-04
4143.007	1.459910e-04
4143.489	1.469956e-04
4143.971	1.489914e-04
4144.454	1.499960e-04
4144.936	1.519910e-04
4145.418	1.539912e-04
4145.900	1.559973e-04
4146.377	1.579760e-04
4146.859	1.599763e-04
4147.341	1.629640e-04
4147.824	1.649761e-04
4148.306	1.669764e-04
4148.788	1.689767e-04
4149.270	1.719643e-04
4149.757	1.739973e-04
4150.239	1.769954e-04
4150.721	1.790044e-04
4151.204	1.820048e-04
4151.686	1.850043e-04
4152.168	1.880047e-04
4152.650	1.910043e-04
4153.127	1.939737e-04
4153.609	1.969732e-04
4154.091	2.009649e-04
4154.574	2.039733e-04
4155.056	2.069737e-04
4155.538	2.109760e-04
4156.020	2.139816e-04
4156.507	2.170133e-04
4156.989	2.200137e-04
4157.471	2.230132e-04
4157.954	2.260136e-04
4158.436	2.290132e-04
4158.918	2.320091e-04
4159.400	2.340130e-04
4159.877	2.369824e-04
4160.359	2.389944e-04
4160.841	2.409938e-04
4161.324	2.419969e-04
4161.806	2.429970e-04
4162.288	2.439972e-04
4162.770	2.449973e-04
4163.257	2.450003e-04
4163.739	2.449929e-04
4164.221	2.439927e-04
4164.704	2.429926e-04
4165.186	2.419793e-04
4165.668	2.399893e-04
4166.150	2.389797e-04
4166.627	2.370001e-04
4167.109	2.339997e-04
4167.591	2.320003e-04
4168.074	2.289999e-04
4168.556	2.260003e-04
4169.038	2.229999e-04
4169.520	2.200004e-04
4170.007	2.160290e-04
4170.489	2.130226e-04
4170.971	2.090295e-04
4171.454	2.060225e-04
4171.936	2.020294e-04
4172.418	1.980297e-04
4172.900	1.950219e-04
4173.377	1.920533e-04
4173.859	1.880714e-04
4174.341	1.850532e-04
4174.824	1.820451e-04
4175.306	1.790446e-04
4175.788	1.760442e-04
4176.270	1.730446e-04
4176.757	1.710087e-04
4177.239	1.680136e-04
4177.721	1.660089e-04
4178.204	1.630129e-04
4178.686	1.610090e-04
4179.168	1.590088e-04
4179.650	1.580013e-04
4180.127	1.560241e-04
4180.609	1.550121e-04
4181.091	1.540120e-04
4181.574	1.530118e-04
4182.056	1.520117e-04
4182.538	1.510116e-04
4183.020	1.500123e-04
4183.507	1.500004e-04
4183.989	1.490017e-04
4184.471	1.490003e-04
4184.954	1.490003e-04
4185.436	1.490003e-04
4185.918	1.490003e-04
4186.400	1.490017e-04
4186.877	1.499915e-04
4187.359	1.509908e-04
4187.841	1.519909e-04
4188.324	1.529911e-04
4188.806	1.539912e-04
4189.288	1.549942e-04
4189.770	1.559944e-04
4190.257	1.580042e-04
4190.739	1.590088e-04
4191.221	1.610090e-04
4191.704	1.630085e-04
4192.186	1.650087e-04
4192.668	1.670134e-04
4193.150	1.700130e-04
4193.627	1.729824e-04
4194.109	1.759906e-04
4194.591	1.789910e-04
4195.074	1.819914e-04
4195.556	1.849910e-04
4196.038	1.889877e-04
4196.520	1.929882e-04
4197.007	1.970370e-04
4197.489	2.020294e-04
4197.971	2.060374e-04
4198.454	2.110447e-04
4198.936	2.170619e-04
4199.418	2.230619e-04
4199.900	2.290618e-04
4200.377	2.349998e-04
4200.859	2.419999e-04
4201.341	2.500001e-04
4201.824	2.570002e-04
4202.306	2.650004e-04
4202.788	2.739999e-04
4203.270	2.830003e-04
4203.757	2.921329e-04
4204.239	3.021334e-04
4204.721	3.121330e-04
4205.204	3.221601e-04
4205.686	3.341467e-04
4206.168	3.451598e-04
4206.650	3.571597e-04
4207.127	3.690357e-04
4207.609	3.810386e-04
4208.091	3.940350e-04
4208.574	4.058245e-04
4209.056	4.178221e-04
4209.538	4.298220e-04
4210.020	4.408366e-04
4210.507	4.519510e-04
4210.989	4.619559e-04
4211.471	4.719555e-04
4211.954	4.799646e-04
4212.436	4.879648e-04
4212.918	4.939737e-04
4213.400	4.999909e-04
4213.877	5.039525e-04
4214.359	5.079530e-04
4214.841	5.099761e-04
4215.324	5.109881e-04
4215.806	5.100117e-04
4216.288	5.090116e-04
4216.770	5.070240e-04
4217.257	5.040043e-04
4217.739	5.000060e-04
4218.221	4.949909e-04
4218.704	4.889909e-04
4219.186	4.829895e-04
4219.668	4.759895e-04
4220.150	4.689888e-04
4220.627	4.610711e-04
4221.109	4.530709e-04
4221.591	4.450707e-04
4222.074	4.360801e-04
4222.556	4.280710e-04
4223.038	4.190536e-04
4223.520	4.100540e-04
4224.007	4.009599e-04
4224.489	3.919604e-04
4224.971	3.829645e-04
4225.454	3.749598e-04
4225.936	3.659603e-04
4226.418	3.569644e-04
4226.900	3.489597e-04
4227.377	3.400531e-04
4227.859	3.320240e-04
4228.341	3.240237e-04
4228.824	3.170206e-04
4229.306	3.090242e-04
4229.788	3.020212e-04
4230.270	2.940239e-04
4230.757	2.869479e-04
4231.239	2.799479e-04
4231.721	2.729552e-04
4232.204	2.669477e-04
4232.686	2.599378e-04
4233.168	2.539379e-04
4233.650	2.479379e-04
4234.127	2.419999e-04
4234.609	2.370001e-04
4235.091	2.320003e-04
4235.574	2.260003e-04
4236.056	2.219998e-04
4236.538	2.170000e-04
4237.020	2.120002e-04
4237.507	2.069471e-04
4237.989	2.029466e-04
4238.471	1.989469e-04
4238.954	1.949463e-04
4239.436	1.909467e-04
4239.918	1.869470e-04
4240.400	1.829598e-04
4240.877	1.799912e-04
4241.359	1.769908e-04
4241.841	1.739914e-04
4242.324	1.710436e-04
4242.806	1.680448e-04
4243.288	1.650444e-04
4243.770	1.620449e-04
4244.257	1.600089e-04
4244.739	1.570130e-04
4245.221	1.550091e-04
4245.704	1.520131e-04
4246.186	1.500093e-04
4246.668	1.480090e-04
4247.150	1.460030e-04
4247.627	1.440233e-04
4248.109	1.420239e-04
4248.591	1.400237e-04
4249.074	1.380234e-04
4249.556	1.370122e-04
4250.038	1.350238e-04
4250.520	1.340118e-04
4251.007	1.320026e-04
4251.489	1.300032e-04
4251.971	1.289987e-04
4252.454	1.279971e-04
4252.936	1.259983e-04
4253.418	1.249982e-04
4253.900	1.239989e-04
4254.377	1.230091e-04
4254.859	1.220090e-04
4255.341	1.210088e-04
4255.824	1.200087e-04
4256.306	1.190086e-04
4256.788	1.180064e-04
4257.270	1.170063e-04
4257.757	1.159957e-04
4258.239	1.149956e-04
4258.721	1.139954e-04
4259.204	1.129997e-04
4259.686	1.129953e-04
4260.168	1.119952e-04
4260.650	1.110003e-04
4261.127	1.110003e-04
4261.609	1.100032e-04
4262.091	1.100002e-04
4262.574	1.090030e-04
4263.056	1.090001e-04
4263.538	1.080029e-04
4264.020	1.079999e-04
4264.507	1.069998e-04
4264.989	1.069924e-04
4265.471	1.059997e-04
4265.954	1.059997e-04
4266.436	1.059893e-04
4266.918	1.050004e-04
4267.400	1.050004e-04
4267.877	1.050004e-04
4268.359	1.050004e-04
4268.841	1.040002e-04
4269.324	1.040002e-04
4269.806	1.040002e-04
4270.288	1.040002e-04
4270.770	1.040002e-04
4271.257	1.030001e-04
4271.739	1.030001e-04
4272.221	1.030001e-04
4272.704	1.030001e-04
4273.186	1.030001e-04
4273.668	1.030001e-04
4274.150	1.030001e-04
4274.627	1.030001e-04
4275.109	1.030001e-04
4275.591	1.030001e-04
4276.074	1.030001e-04
4276.556	1.030001e-04
4277.038	1.030001e-04
4277.520	1.030001e-04
4278.007	1.030001e-04
4278.489	1.030001e-04
4278.971	1.030001e-04
4279.454	1.030001e-04
4279.936	1.039958e-04
4280.418	1.040002e-04
4280.900	1.040002e-04
4281.377	1.040002e-04
4281.859	1.049885e-04
4282.341	1.050004e-04
4282.824	1.050004e-04
4283.306	1.050004e-04
4283.788	1.059878e-04
4284.270	1.059997e-04
4284.757	1.059997e-04
4285.239	1.059997e-04
4285.721	1.069998e-04
4286.204	1.069998e-04
4286.686	1.070012e-04
4287.168	1.079999e-04
4287.650	1.080014e-04
4288.127	1.089912e-04
4288.609	1.090001e-04
4289.091	1.099913e-04
4289.574	1.100002e-04
4290.056	1.109914e-04
4290.538	1.110003e-04
4291.020	1.119936e-04
4291.507	1.120040e-04
4291.989	1.129997e-04
4292.471	1.130042e-04
4292.954	1.140043e-04
4293.436	1.150000e-04
4293.918	1.150044e-04
4294.400	1.160046e-04
4294.877	1.169944e-04
4295.359	1.179974e-04
4295.841	1.189967e-04
4296.324	1.189997e-04
4296.806	1.199968e-04
4297.288	1.209970e-04
4297.770	1.219971e-04
4298.257	1.230002e-04
4298.739	1.230076e-04
4299.221	1.240078e-04
4299.704	1.250071e-04
4300.186	1.260101e-04
4300.668	1.270102e-04
4301.150	1.280104e-04
4301.627	1.290002e-04
4302.109	1.300003e-04
4302.591	1.319997e-04
4303.074	1.329998e-04
4303.556	1.340000e-04
4304.038	1.350001e-04
4304.520	1.360002e-04
4305.007	1.370137e-04
4305.489	1.380263e-04
4305.971	1.400132e-04
4306.454	1.410134e-04
4306.936	1.420135e-04
4307.418	1.430269e-04
4307.900	1.450131e-04
4308.377	1.460029e-04
4308.859	1.470060e-04
4309.341	1.490032e-04
4309.824	1.499858e-04
4310.306	1.519701e-04
4310.788	1.529851e-04
4311.270	1.539852e-04
4311.757	1.559915e-04
4312.239	1.569952e-04
4312.721	1.589910e-04
4313.204	1.599956e-04
4313.686	1.619914e-04
4314.168	1.629952e-04
4314.650	1.649968e-04
4315.127	1.669764e-04
4315.609	1.689767e-04
4316.091	1.709761e-04
4316.574	1.719881e-04
4317.056	1.739765e-04
4317.538	1.759759e-04
4318.020	1.779761e-04
4318.507	1.799973e-04
4318.989	1.819975e-04
4319.471	1.840027e-04
4319.954	1.860044e-04
4320.436	1.890025e-04
4320.918	1.910028e-04
4321.400	1.930045e-04
4321.877	1.959731e-04
4322.359	1.989735e-04
4322.841	2.009826e-04
4323.324	2.039733e-04
4323.806	2.069737e-04
4324.288	2.099819e-04
4324.770	2.129823e-04
4325.257	2.160132e-04
4325.739	2.190136e-04
4326.221	2.220131e-04
4326.704	2.250179e-04
4327.186	2.290176e-04
4327.668	2.330137e-04
4328.150	2.360177e-04
4328.627	2.399761e-04
4329.109	2.449853e-04
4329.591	2.489880e-04
4330.074	2.529877e-04
4330.556	2.579854e-04
4331.038	2.619880e-04
4331.520	2.669849e-04
4332.007	2.720442e-04
4332.489	2.780367e-04
4332.971	2.830448e-04
4333.454	2.890449e-04
4333.936	2.950621e-04
4334.418	3.010724e-04
4334.900	3.080724e-04
4335.377	3.150003e-04
4335.859	3.220003e-04
4336.341	3.289996e-04
4336.824	3.369998e-04
4337.306	3.450000e-04
4337.788	3.540004e-04
4338.270	3.619997e-04
4338.757	3.711332e-04
4339.239	3.811328e-04
4339.721	3.911333e-04
4340.204	4.011329e-04
4340.686	4.111467e-04
4341.168	4.221598e-04
4341.650	4.341597e-04
4342.127	4.460357e-04
4342.609	4.580356e-04
4343.091	4.700378e-04
4343.574	4.828099e-04
4344.056	4.967918e-04
4344.538	5.098067e-04
4345.020	5.237920e-04
4345.507	5.379381e-04
4345.989	5.519382e-04
4346.471	5.669332e-04
4346.954	5.809378e-04
4347.436	5.959337e-04
4347.918	6.099374e-04
4348.400	6.249766e-04
4348.877	6.388339e-04
4349.359	6.538223e-04
4349.841	6.678335e-04
4350.324	6.808454e-04
4350.806	6.938454e-04
4351.288	7.068455e-04
4351.770	7.188572e-04
4352.257	7.299843e-04
4352.739	7.399854e-04
4353.221	7.500134e-04
4353.704	7.590114e-04
4354.186	7.670102e-04
4354.668	7.740088e-04
4355.150	7.800073e-04
4355.627	7.849555e-04
4356.109	7.879737e-04
4356.591	7.909732e-04
4357.074	7.929824e-04
4357.556	7.939914e-04
4358.038	7.930061e-04
4358.520	7.920060e-04
4359.007	7.889871e-04
4359.489	7.859823e-04
4359.971	7.819782e-04
4360.454	7.769731e-04
4360.936	7.709687e-04
4361.418	7.639686e-04
4361.900	7.569641e-04
4362.377	7.490473e-04
4362.859	7.410240e-04
4363.341	7.320266e-04
4363.824	7.230271e-04
4364.306	7.130296e-04
4364.788	7.030299e-04
4365.270	6.930295e-04
4365.757	6.829256e-04
4366.239	6.729186e-04
4366.721	6.619254e-04
4367.204	6.519181e-04
4367.686	6.408867e-04
4368.168	6.298965e-04
4368.650	6.198865e-04
4369.127	6.090003e-04
4369.609	5.979997e-04
4370.091	5.880000e-04
4370.574	5.770003e-04
4371.056	5.669998e-04
4371.538	5.570002e-04
4372.020	5.460004e-04
4372.507	5.358668e-04
4372.989	5.258805e-04
4373.471	5.168668e-04
4373.954	5.068672e-04
4374.436	4.968800e-04
4374.918	4.878805e-04
4375.400	4.788802e-04
4375.877	4.699727e-04
4376.359	4.609732e-04
4376.841	4.519763e-04
4377.324	4.441172e-04
4377.806	4.361191e-04
4378.288	4.281189e-04
4378.770	4.201186e-04
4379.257	4.120351e-04
4379.739	4.050314e-04
4380.221	3.980313e-04
4380.704	3.910312e-04
4381.186	3.840312e-04
4381.668	3.780268e-04
4382.150	3.710109e-04
4382.627	3.650713e-04
4383.109	3.600596e-04
4383.591	3.540716e-04
4384.074	3.490590e-04
4384.556	3.440592e-04
4385.038	3.390594e-04
4385.520	3.340596e-04
4386.007	3.290068e-04
4386.489	3.250057e-04
4386.971	3.209944e-04
4387.454	3.169939e-04
4387.936	3.129942e-04
4388.418	3.089960e-04
4388.900	3.059941e-04
4389.377	3.020357e-04
4389.859	2.990265e-04
4390.341	2.960269e-04
4390.824	2.930265e-04
4391.306	2.910174e-04
4391.788	2.880181e-04
4392.270	2.860118e-04
4392.757	2.839915e-04
4393.239	2.819912e-04
4393.721	2.799910e-04
4394.204	2.779907e-04
4394.686	2.759913e-04
4395.168	2.739955e-04
4395.650	2.729909e-04
4396.127	2.710121e-04
4396.609	2.700032e-04
4397.091	2.680059e-04
4397.574	2.670028e-04
4398.056	2.660027e-04
4398.538	2.650034e-04
4399.020	2.640033e-04
4399.507	2.629853e-04
4399.989	2.609924e-04
4400.471	2.599923e-04
4400.954	2.589922e-04
4401.436	2.579797e-04
4401.918	2.559897e-04
4402.400	2.549896e-04
4402.877	2.539998e-04
4403.359	2.529997e-04
4403.841	2.510003e-04
4404.324	2.500001e-04
4404.806	2.479998e-04
4405.288	2.469997e-04
4405.770	2.450003e-04
4406.257	2.429867e-04
4406.739	2.419733e-04
4407.221	2.399597e-04
4407.704	2.369735e-04
4408.186	2.349732e-04
4408.668	2.329738e-04
4409.150	2.309735e-04
4409.627	2.289909e-04
4410.109	2.259943e-04
4410.591	2.239941e-04
4411.074	2.219821e-04
4411.556	2.189885e-04
4412.038	2.169882e-04
4412.520	2.149821e-04
4413.007	2.119675e-04
4413.489	2.099510e-04
4413.971	2.069677e-04
4414.454	2.049512e-04
4414.936	2.019671e-04
4415.418	1.999682e-04
4415.900	1.980030e-04
4416.377	1.950352e-04
4416.859	1.930239e-04
4417.341	1.910236e-04
4417.824	1.890234e-04
4418.306	1.870240e-04
4418.788	1.850237e-04
4419.270	1.830234e-04
4419.757	1.810032e-04
4420.239	1.800016e-04
4420.721	1.779970e-04
4421.204	1.759967e-04
4421.686	1.739988e-04
4422.168	1.729972e-04
4422.650	1.709984e-04
4423.127	1.700085e-04
4423.609	1.680180e-04
4424.091	1.670090e-04
4424.574	1.650176e-04
4425.056	1.640086e-04
4425.538	1.630056e-04
4426.020	1.620063e-04
4426.507	1.609957e-04
4426.989	1.599912e-04
4427.471	1.579953e-04
4427.954	1.569952e-04
4428.436	1.560004e-04
4428.918	1.559959e-04
4429.400	1.549958e-04
4429.877	1.540060e-04
4430.359	1.530030e-04
4430.841	1.520028e-04
4431.324	1.510027e-04
4431.806	1.509997e-04
4432.288	1.500034e-04
4432.770	1.490033e-04
4433.257	1.480001e-04
4433.739	1.479927e-04
4434.221	1.470000e-04
4434.704	1.469926e-04
4435.186	1.459999e-04
4435.668	1.459896e-04
4436.150	1.449997e-04
4436.627	1.449997e-04
4437.109	1.439996e-04
4437.591	1.439996e-04
4438.074	1.430003e-04
4438.556	1.430003e-04
4439.038	1.420002e-04
4439.520	1.420002e-04
4440.007	1.419869e-04
4440.489	1.410001e-04
4440.971	1.409867e-04
4441.454	1.399999e-04
4441.936	1.399866e-04
4442.418	1.389998e-04
4442.900	1.389865e-04
4443.377	1.379997e-04
4443.859	1.379967e-04
4444.341	1.370004e-04
4444.824	1.369945e-04
4445.306	1.359944e-04
4445.788	1.350001e-04
4446.270	1.349942e-04
4446.757	1.340000e-04
4447.239	1.339837e-04
4447.721	1.329835e-04
4448.204	1.319997e-04
4448.686	1.319834e-04
4449.168	1.309836e-04
4449.650	1.300018e-04
4450.127	1.300003e-04
4450.609	1.290120e-04
4451.091	1.280119e-04
4451.574	1.270118e-04
4452.056	1.269999e-04
4452.538	1.260116e-04
4453.020	1.250115e-04
4453.507	1.249996e-04
4453.989	1.240018e-04
4454.471	1.229988e-04
4454.954	1.220001e-04
4455.436	1.219986e-04
4455.918	1.209985e-04
4456.400	1.199984e-04
4456.877	1.190086e-04
4457.359	1.189997e-04
4457.841	1.180093e-04
4458.324	1.170091e-04
4458.806	1.160090e-04
4459.288	1.160001e-04
4459.770	1.150060e-04
4460.257	1.139999e-04
4460.739	1.139954e-04
4461.221	1.129953e-04
4461.704	1.119996e-04
4462.186	1.119952e-04
4462.668	1.109959e-04
4463.150	1.100002e-04
4463.627	1.100002e-04
4464.109	1.090031e-04
4464.591	1.080029e-04
4465.074	1.079999e-04
4465.556	1.070028e-04
4466.038	1.060026e-04
4466.520	1.059997e-04
4467.007	1.049929e-04
4467.489	1.040002e-04
4467.971	1.039928e-04
4468.454	1.030001e-04
4468.936	1.029898e-04
4469.418	1.020000e-04
4469.900	1.019896e-04
4470.377	1.009998e-04
4470.859	1.009998e-04
4471.341	9.999970e-05
4471.824	9.970035e-05
4472.306	9.920028e-05
4472.788	9.879971e-05
4473.270	9.829965e-05
4473.757	9.789461e-05
4474.239	9.749623e-05
4474.721	9.719469e-05
4475.204	9.679631e-05
4475.686	9.649609e-05
4476.168	9.619588e-05
4476.650	9.589435e-05
4477.127	9.549906e-05
4477.609	9.519885e-05
4478.091	9.489949e-05
4478.574	9.459841e-05
4479.056	9.429879e-05
4479.538	9.409894e-05
4480.020	9.389849e-05
4480.507	9.359679e-05
4480.989	9.339855e-05
4481.471	9.329657e-05
4481.954	9.309672e-05
4482.436	9.289849e-05
4482.918	9.279656e-05
4483.400	9.260021e-05
4483.877	9.240243e-05
4484.359	9.220257e-05
4484.841	9.210103e-05
4485.324	9.190236e-05
4485.806	9.170250e-05
4486.288	9.150265e-05
4486.770	9.140111e-05
4487.257	9.130057e-05
4487.739	9.110000e-05
4488.221	9.100007e-05
4488.704	9.089971e-05
4489.186	9.080006e-05
4489.668	9.059950e-05
4490.150	9.049985e-05
4490.627	9.030206e-05
4491.109	9.020082e-05
4491.591	9.000185e-05
4492.074	8.980199e-05
4492.556	8.970075e-05
4493.038	8.950121e-05
4493.520	8.930135e-05
4494.007	8.919891e-05
4494.489	8.899950e-05
4494.971	8.889870e-05
4495.454	8.869929e-05
4495.936	8.859934e-05
4496.418	8.839949e-05
4496.900	8.819878e-05
4497.377	8.800098e-05
4497.859	8.780055e-05
4498.341	8.760069e-05
4498.824	8.740084e-05
4499.306	8.720098e-05
4499.788	8.700027e-05
4500.270	8.680042e-05
4500.757	8.659848e-05
4501.239	8.639862e-05
4501.721	8.619877e-05
4502.204	8.599889e-05
4502.686	8.579673e-05
4503.168	8.559688e-05
4503.650	8.539554e-05
4504.127	8.509887e-05
4504.609	8.489857e-05
4505.091	8.459881e-05
4505.574	8.439851e-05
4506.056	8.409830e-05
4506.538	8.379939e-05
4507.020	8.359909e-05
4507.507	8.329726e-05
4507.989	8.309858e-05
4508.471	8.279896e-05
4508.954	8.259852e-05
4509.436	8.229830e-05
4509.918	8.199868e-05
4510.400	8.179824e-05
4510.877	8.150112e-05
4511.359	8.110186e-05
4511.841	8.080120e-05
4512.324	8.050099e-05
4512.806	8.010172e-05
4513.288	7.980107e-05
4513.770	7.939782e-05
4514.257	7.909448e-05
4514.739	7.879429e-05
4515.221	7.849492e-05
4515.704	7.819294e-05
4516.186	7.779500e-05
4516.668	7.749302e-05
4517.150	7.709329e-05
4517.627	7.669687e-05
4518.109	7.629715e-05
4518.591	7.589744e-05
4519.074	7.549690e-05
4519.556	7.510075e-05
4520.038	7.470104e-05
4520.520	7.430047e-05
4521.007	7.389659e-05
4521.489	7.349603e-05
4521.971	7.309632e-05
4522.454	7.269660e-05
4522.936	7.229604e-05
4523.418	7.189633e-05
4523.900	7.149661e-05
4524.377	7.110018e-05
4524.859	7.070046e-05
4525.341	7.020498e-05
4525.824	6.980427e-05
4526.306	6.940456e-05
4526.788	6.900400e-05
4527.270	6.850497e-05
4527.757	6.810005e-05
4528.239	6.779984e-05
4528.721	6.740013e-05
4529.204	6.700042e-05
4529.686	6.670021e-05
4530.168	6.629964e-05
4530.650	6.589993e-05
4531.127	6.549964e-05
4531.609	6.509907e-05
4532.091	6.469936e-05
4532.574	6.429979e-05
4533.056	6.399944e-05
4533.538	6.359987e-05
4534.020	6.329952e-05
4534.507	6.289682e-05
4534.989	6.259661e-05
4535.471	6.229640e-05
4535.954	6.199620e-05
4536.436	6.169686e-05
4536.918	6.139931e-05
4537.400	6.109910e-05
4537.877	6.080199e-05
4538.359	6.050263e-05
4538.841	6.020242e-05
4539.324	5.990221e-05
4539.806	5.960200e-05
4540.288	5.930264e-05
4540.770	5.900243e-05
4541.257	5.879945e-05
4541.739	5.849954e-05
4542.221	5.829968e-05
4542.704	5.809746e-05
4543.186	5.789529e-05
4543.668	5.759740e-05
4544.150	5.739669e-05
4544.627	5.719890e-05
4545.109	5.699860e-05
4545.591	5.669884e-05
4546.074	5.649898e-05
4546.556	5.629912e-05
4547.038	5.609927e-05
4547.520	5.589941e-05
4548.007	5.569664e-05
4548.489	5.549915e-05
4548.971	5.539906e-05
4549.454	5.519979e-05
4549.936	5.509885e-05
4550.418	5.489958e-05
4550.900	5.479863e-05
4551.377	5.460084e-05
4551.859	5.450004e-05
4552.341	5.430063e-05
4552.824	5.410077e-05
4553.306	5.390092e-05
4553.788	5.380012e-05
4554.270	5.359909e-05
4554.757	5.349854e-05
4555.239	5.339642e-05
4555.721	5.319833e-05
4556.204	5.309799e-05
4556.686	5.299671e-05
4557.168	5.279862e-05
4557.650	5.269650e-05
4558.127	5.249944e-05
4558.609	5.239835e-05
4559.091	5.219923e-05
4559.574	5.209815e-05
4560.056	5.190007e-05
4560.538	5.180042e-05
4561.020	5.170006e-05
4561.507	5.149916e-05
4561.989	5.139881e-05
4562.471	5.129842e-05
4562.954	5.109945e-05
4563.436	5.099821e-05
4563.918	5.079836e-05
4564.400	5.059938e-05
4564.877	5.050006e-05
4565.359	5.030035e-05
4565.841	5.020074e-05
4566.324	5.000193e-05
4566.806	4.980208e-05
4567.288	4.970069e-05
4567.770	4.950187e-05
4568.257	4.929993e-05
4568.739	4.910007e-05
4569.221	4.890022e-05
4569.704	4.879986e-05
4570.186	4.860001e-05
4570.668	4.840015e-05
4571.150	4.820030e-05
4571.627	4.799929e-05
4572.109	4.779944e-05
4572.591	4.759958e-05
4573.074	4.739973e-05
4573.556	4.719987e-05
4574.038	4.700002e-05
4574.520	4.679930e-05
4575.007	4.659737e-05
4575.489	4.639751e-05
4575.971	4.619647e-05
4576.454	4.589744e-05
4576.936	4.569761e-05
4577.418	4.549953e-05
4577.900	4.529938e-05
4578.377	4.500227e-05
4578.859	4.480167e-05
4579.341	4.460181e-05
4579.824	4.440111e-05
4580.306	4.420124e-05
4580.788	4.390263e-05
4581.270	4.370118e-05
4581.757	4.349894e-05
4582.239	4.319903e-05
4582.721	4.299886e-05
4583.204	4.269745e-05
4583.686	4.249675e-05
4584.168	4.229542e-05
4584.650	4.199669e-05
4585.127	4.179845e-05
4585.609	4.149954e-05
4586.091	4.129883e-05
4586.574	4.109853e-05
4587.056	4.079876e-05
4587.538	4.059890e-05
4588.020	4.039860e-05
4588.507	4.009678e-05
4588.989	3.989810e-05
4589.471	3.959848e-05
4589.954	3.939862e-05
4590.436	3.919818e-05
4590.918	3.889856e-05
4591.400	3.869870e-05
4591.877	3.850091e-05
4592.359	3.820114e-05
4592.841	3.800084e-05
4593.324	3.780099e-05
4593.806	3.760113e-05
4594.288	3.740128e-05
4594.770	3.719748e-05
4595.257	3.689676e-05
4595.739	3.669606e-05
4596.221	3.649621e-05
4596.704	3.629635e-05
4597.186	3.609650e-05
4597.668	3.589664e-05
4598.150	3.569677e-05
4598.627	3.549814e-05
4599.109	3.529903e-05
4599.591	3.519878e-05
4600.074	3.499893e-05
4600.556	3.480000e-05
4601.038	3.470035e-05
4601.520	3.450065e-05
4602.007	3.429875e-05
4602.489	3.419836e-05
4602.971	3.399850e-05
4603.454	3.379953e-05
4603.936	3.369829e-05
4604.418	3.349932e-05
4604.900	3.339897e-05
4605.377	3.330050e-05
4605.859	3.309993e-05
4606.341	3.300117e-05
4606.824	3.290083e-05
4607.306	3.280132e-05
4607.788	3.260167e-05
4608.270	3.250111e-05
4608.757	3.239972e-05
4609.239	3.230022e-05
4609.721	3.219986e-05
4610.204	3.210036e-05
4610.686	3.189965e-05
4611.168	3.180015e-05
4611.650	3.169980e-05
4612.127	3.160015e-05
4612.609	3.149980e-05
4613.091	3.139958e-05
4613.574	3.139944e-05
4614.056	3.129994e-05
4614.538	3.119959e-05
4615.020	3.110009e-05
4615.507	3.099869e-05
4615.989	3.089918e-05
4616.471	3.079883e-05
4616.954	3.069848e-05
4617.436	3.059898e-05
4617.918	3.049981e-05
4618.400	3.049952e-05
4618.877	3.040105e-05
4619.359	3.030070e-05
4619.841	3.020034e-05
4620.324	3.010084e-05
4620.806	3.010010e-05
4621.288	3.000048e-05
4621.770	2.990098e-05
4622.257	2.979959e-05
4622.739	2.970039e-05
4623.221	2.970008e-05
4623.704	2.959855e-05
4624.186	2.949820e-05
4624.668	2.939869e-05
4625.150	2.929835e-05
4625.627	2.920032e-05
4626.109	2.919987e-05
4626.591	2.909952e-05
4627.074	2.899916e-05
4627.556	2.889966e-05
4628.038	2.879931e-05
4628.520	2.870025e-05
4629.007	2.869877e-05
4629.489	2.859931e-05
4629.971	2.849981e-05
4630.454	2.839945e-05
4630.936	2.829910e-05
4631.418	2.819959e-05
4631.900	2.809924e-05
4632.377	2.800077e-05
4632.859	2.790042e-05
4633.341	2.789997e-05
4633.824	2.780006e-05
4634.306	2.770056e-05
4634.788	2.760021e-05
4635.270	2.749953e-05
4635.757	2.739814e-05
4636.239	2.729862e-05
4636.721	2.719827e-05
4637.204	2.709793e-05
4637.686	2.699841e-05
4638.168	2.689807e-05
4638.650	2.679856e-05
4639.127	2.669924e-05
4639.609	2.659889e-05
4640.091	2.649938e-05
4640.574	2.639904e-05
4641.056	2.630042e-05
4641.538	2.620007e-05
4642.020	2.610057e-05
4642.507	2.599829e-05
4642.989	2.579931e-05
4643.471	2.569897e-05
4643.954	2.559946e-05
4644.436	2.549910e-05
4644.918	2.539875e-05
4645.400	2.529925e-05
4645.877	2.519993e-05
4646.359	2.500021e-05
4646.841	2.490145e-05
4647.324	2.480112e-05
4647.806	2.470076e-05
4648.288	2.460125e-05
4648.770	2.450090e-05
4649.257	2.430000e-05
4649.739	2.419965e-05
4650.221	2.410015e-05
4650.704	2.399979e-05
4651.186	2.390029e-05
4651.668	2.369958e-05
4652.150	2.360008e-05
4652.627	2.349958e-05
4653.109	2.340008e-05
4653.591	2.329973e-05
4654.074	2.320008e-05
4654.556	2.299951e-05
4655.038	2.290001e-05
4655.520	2.279966e-05
4656.007	2.269911e-05
4656.489	2.259876e-05
4656.971	2.249722e-05
4657.454	2.229855e-05
4657.936	2.219906e-05
4658.418	2.209959e-05
4658.900	2.200009e-05
4659.377	2.190077e-05
4659.859	2.180041e-05
4660.341	2.170091e-05
4660.824	2.160056e-05
4661.306	2.150105e-05
4661.788	2.140070e-05
4662.270	2.130035e-05
4662.757	2.119980e-05
4663.239	2.109945e-05
4663.721	2.099994e-05
4664.204	2.089842e-05
4664.686	2.079891e-05
4665.168	2.070003e-05
4665.650	2.069855e-05
4666.127	2.059924e-05
4666.609	2.049973e-05
4667.091	2.039938e-05
4667.574	2.030032e-05
4668.056	2.029988e-05
4668.538	2.019952e-05
4669.020	2.009917e-05
4669.507	2.000011e-05
4669.989	1.999952e-05
4670.471	1.989917e-05
4670.954	1.979967e-05
4671.436	1.969990e-05
4671.918	1.969931e-05
4672.400	1.959981e-05
4672.877	1.950049e-05
4673.359	1.950005e-05
4673.841	1.940013e-05
4674.324	1.939969e-05
4674.806	1.930063e-05
4675.288	1.930019e-05
4675.770	1.919910e-05
4676.257	1.910033e-05
4676.739	1.909855e-05
4677.221	1.899998e-05
4677.704	1.899820e-05
4678.186	1.889786e-05
4678.668	1.880012e-05
4679.150	1.880012e-05
4679.627	1.879938e-05
4680.109	1.869977e-05
4680.591	1.869903e-05
4681.074	1.860027e-05
4681.556	1.860027e-05
4682.038	1.850007e-05
4682.520	1.849991e-05
4683.007	1.849903e-05
4683.489	1.840041e-05
4683.971	1.839952e-05
4684.454	1.830006e-05
4684.936	1.829916e-05
4685.418	1.819970e-05
4685.900	1.819882e-05
4686.377	1.810034e-05
4686.859	1.810020e-05
4687.341	1.810020e-05
4687.824	1.800089e-05
4688.306	1.799984e-05
4688.788	1.799984e-05
4689.270	1.790138e-05
4689.757	1.790034e-05
4690.239	1.779999e-05
4690.721	1.779999e-05
4691.204	1.779999e-05
4691.686	1.769963e-05
4692.168	1.769963e-05
4692.650	1.760013e-05
4693.127	1.760013e-05
4693.609	1.759999e-05
4694.091	1.749978e-05
4694.574	1.749978e-05
4695.056	1.749963e-05
4695.538	1.740028e-05
4696.020	1.740028e-05
4696.507	1.739909e-05
4696.989	1.729992e-05
4697.471	1.729874e-05
4697.954	1.720042e-05
4698.436	1.719924e-05
4698.918	1.710007e-05
4699.400	1.710007e-05
4699.877	1.710007e-05
4700.359	1.700045e-05
4700.841	1.699971e-05
4701.324	1.699971e-05
4701.806	1.690095e-05
4702.288	1.690021e-05
4702.770	1.690021e-05
4703.247	1.680164e-05
4703.729	1.679985e-05
4704.211	1.670212e-05
4704.694	1.670036e-05
4705.176	1.670036e-05
4705.658	1.660060e-05
4706.140	1.660000e-05
4706.627	1.649964e-05
4707.109	1.649964e-05
4707.591	1.649964e-05
4708.074	1.649920e-05
4708.556	1.640014e-05
4709.038	1.639970e-05
4709.520	1.629979e-05
4709.997	1.629979e-05
4710.479	1.629979e-05
4710.961	1.620177e-05
4711.444	1.620029e-05
4711.926	1.610142e-05
4712.408	1.609993e-05
4712.890	1.609993e-05
4713.377	1.600002e-05
4713.859	1.599958e-05
4714.341	1.599958e-05
4714.824	1.599958e-05
4715.306	1.590052e-05
4715.788	1.590008e-05
4716.270	1.589934e-05
4716.747	1.580002e-05
4717.229	1.579972e-05
4717.711	1.570052e-05
4718.194	1.570022e-05
4718.676	1.570022e-05
4719.158	1.560016e-05
4719.640	1.559986e-05
4720.127	1.559986e-05
4720.609	1.559913e-05
4721.091	1.550037e-05
4721.574	1.550037e-05
4722.056	1.550037e-05
4722.538	1.550037e-05
4723.020	1.540016e-05
4723.497	1.540001e-05
4723.979	1.540001e-05
4724.461	1.530084e-05
4724.944	1.529965e-05
4725.426	1.529965e-05
4725.908	1.520133e-05
4726.390	1.520015e-05
4726.877	1.520015e-05
4727.359	1.520015e-05
4727.841	1.509980e-05
4728.324	1.509980e-05
4728.806	1.509980e-05
4729.288	1.509980e-05
4729.770	1.509877e-05
4730.247	1.500030e-05
4730.729	1.500030e-05
4731.211	1.500030e-05
4731.694	1.489994e-05
4732.176	1.489994e-05
4732.658	1.489994e-05
4733.140	1.489994e-05
4733.627	1.479959e-05
4734.109	1.479959e-05
4734.591	1.479959e-05
4735.074	1.479959e-05
4735.556	1.479944e-05
4736.038	1.470009e-05
4736.520	1.470009e-05
4736.997	1.470009e-05
4737.479	1.470009e-05
4737.961	1.460062e-05
4738.444	1.459973e-05
4738.926	1.459973e-05
4739.408	1.459973e-05
4739.890	1.450201e-05
4740.377	1.450023e-05
4740.859	1.450023e-05
4741.341	1.450023e-05
4741.824	1.450023e-05
4742.306	1.450023e-05
4742.788	1.450023e-05
4743.270	1.440062e-05
4743.747	1.439987e-05
4744.229	1.439987e-05
4744.711	1.439987e-05
4745.194	1.430098e-05
4745.676	1.430038e-05
4746.158	1.430038e-05
4746.640	1.430038e-05
4747.127	1.430038e-05
4747.609	1.429993e-05
4748.091	1.420002e-05
4748.574	1.420002e-05
4749.056	1.420002e-05
4749.538	1.420002e-05
4750.020	1.420002e-05
4750.497	1.420002e-05
4750.979	1.410114e-05
4751.461	1.409966e-05
4751.944	1.409966e-05
4752.426	1.409966e-05
4752.908	1.400164e-05
4753.390	1.400016e-05
4753.877	1.400016e-05
4754.359	1.400016e-05
4754.841	1.400016e-05
4755.324	1.400016e-05
4755.806	1.400016e-05
4756.288	1.390025e-05
4756.770	1.389981e-05
4757.247	1.389981e-05
4757.729	1.389981e-05
4758.211	1.389981e-05
4758.694	1.380061e-05
4759.176	1.380031e-05
4759.658	1.380031e-05
4760.140	1.380031e-05
4760.627	1.379956e-05
4761.109	1.369995e-05
4761.591	1.369995e-05
4762.074	1.369995e-05
4762.556	1.369995e-05
4763.038	1.369995e-05
4763.520	1.369995e-05
4763.997	1.369995e-05
4764.479	1.360079e-05
4764.961	1.359960e-05
4765.444	1.359960e-05
4765.926	1.359960e-05
4766.408	1.359960e-05
4766.890	1.350128e-05
4767.377	1.350010e-05
4767.859	1.350010e-05
4768.341	1.350010e-05
4768.824	1.350010e-05
4769.306	1.350010e-05
4769.788	1.350010e-05
4770.270	1.349906e-05
4770.747	1.339974e-05
4771.229	1.339974e-05
4771.711	1.339974e-05
4772.194	1.339974e-05
4772.676	1.339974e-05
4773.158	1.339974e-05
4773.640	1.330024e-05
4774.127	1.330024e-05
4774.609	1.330024e-05
4775.091	1.330024e-05
4775.574	1.330024e-05
4776.056	1.330024e-05
4776.538	1.330024e-05
4777.020	1.330024e-05
4777.497	1.330024e-05
4777.979	1.320078e-05
4778.461	1.319989e-05
4778.944	1.319989e-05
4779.426	1.319989e-05
4779.908	1.319989e-05
4780.390	1.319989e-05
4780.877	1.319989e-05
4781.359	1.319989e-05
4781.841	1.319989e-05
4782.324	1.310113e-05
4782.806	1.310039e-05
4783.288	1.310039e-05
4783.770	1.310039e-05
4784.247	1.310039e-05
4784.729	1.310039e-05
4785.211	1.310039e-05
4785.694	1.310039e-05
4786.176	1.300063e-05
4786.658	1.300003e-05
4787.140	1.300003e-05
4787.627	1.300003e-05
4788.109	1.300003e-05
4788.591	1.300003e-05
4789.074	1.300003e-05
4789.556	1.300003e-05
4790.038	1.300003e-05
4790.520	1.300003e-05
4790.997	1.300003e-05
4791.479	1.300003e-05
4791.961	1.290116e-05
4792.444	1.289967e-05
4792.926	1.289967e-05
4793.408	1.289967e-05
4793.890	1.289967e-05
4794.377	1.289967e-05
4794.859	1.289967e-05
4795.341	1.289967e-05
4795.824	1.289967e-05
4796.306	1.289967e-05
4796.788	1.289967e-05
4797.270	1.289967e-05
4797.747	1.289967e-05
4798.229	1.289967e-05
4798.711	1.280047e-05
4799.194	1.280017e-05
4799.676	1.280017e-05
4800.158	1.280017e-05
4800.640	1.280017e-05
4801.127	1.280017e-05
4801.609	1.280017e-05
4802.091	1.280017e-05
4802.574	1.280017e-05
4803.056	1.280017e-05
4803.538	1.280017e-05
4804.020	1.280017e-05
4804.497	1.280017e-05
4804.979	1.280017e-05
4805.461	1.280017e-05
4805.944	1.280017e-05
4806.426	1.280017e-05
4806.908	1.280017e-05
4807.390	1.280017e-05
4807.877	1.280017e-05
4808.359	1.280017e-05
4808.841	1.280017e-05
4809.324	1.280017e-05
4809.806	1.280017e-05
4810.288	1.280017e-05
4810.770	1.280017e-05
4811.247	1.280017e-05
4811.729	1.280017e-05
4812.211	1.280017e-05
4812.694	1.269982e-05
4813.176	1.269982e-05
4813.658	1.269982e-05
4814.140	1.269982e-05
4814.627	1.280017e-05
4815.109	1.280017e-05
4815.591	1.280017e-05
4816.074	1.280017e-05
4816.556	1.280017e-05
4817.038	1.280017e-05
4817.520	1.280017e-05
4817.997	1.280017e-05
4818.479	1.280017e-05
4818.961	1.280017e-05
4819.444	1.280017e-05
4819.926	1.280017e-05
4820.408	1.280017e-05
4820.890	1.280017e-05
4821.377	1.289893e-05
4821.859	1.289967e-05
4822.341	1.289967e-05
4822.824	1.289967e-05
4823.306	1.289967e-05
4823.788	1.289967e-05
4824.270	1.299928e-05
4824.747	1.300003e-05
4825.229	1.300003e-05
4825.711	1.300003e-05
4826.194	1.300003e-05
4826.676	1.300003e-05
4827.158	1.300003e-05
4827.640	1.300003e-05
4828.127	1.310039e-05
4828.609	1.310039e-05
4829.091	1.310039e-05
4829.574	1.310039e-05
4830.056	1.310083e-05
4830.538	1.319989e-05
4831.020	1.319989e-05
4831.497	1.319989e-05
4831.979	1.319989e-05
4832.461	1.319989e-05
4832.944	1.319989e-05
4833.426	1.319989e-05
4833.908	1.329875e-05
4834.390	1.330024e-05
4834.877	1.330024e-05
4835.359	1.330024e-05
4835.841	1.330024e-05
4836.324	1.339930e-05
4836.806	1.339974e-05
4837.288	1.339974e-05
4837.770	1.339974e-05
4838.247	1.339974e-05
4838.729	1.339974e-05
4839.211	1.349980e-05
4839.694	1.350010e-05
4840.176	1.350010e-05
4840.658	1.350010e-05
4841.140	1.350010e-05
4841.627	1.350010e-05
4842.109	1.350084e-05
4842.591	1.359960e-05
4843.074	1.359960e-05
4843.556	1.359960e-05
4844.038	1.359960e-05
4844.520	1.359960e-05
4844.997	1.359960e-05
4845.479	1.359960e-05
4845.961	1.359960e-05
4846.444	1.359960e-05
4846.926	1.359960e-05
4847.408	1.369876e-05
4847.890	1.369995e-05
4848.377	1.369995e-05
4848.859	1.369995e-05
4849.341	1.369995e-05
4849.824	1.369995e-05
4850.306	1.369995e-05
4850.788	1.369995e-05
4851.270	1.369995e-05
4851.747	1.369995e-05
4852.229	1.369995e-05
4852.711	1.369995e-05
4853.194	1.369995e-05
4853.676	1.369995e-05
4854.158	1.369995e-05
4854.640	1.369995e-05
4855.127	1.369995e-05
4855.609	1.369995e-05
4856.091	1.369995e-05
4856.574	1.369995e-05
4857.056	1.369995e-05
4857.538	1.369995e-05
4858.020	1.369995e-05
4858.497	1.369995e-05
4858.979	1.369995e-05
4859.461	1.369995e-05
4859.944	1.369995e-05
4860.426	1.369995e-05
4860.908	1.369995e-05
4861.390	1.369995e-05
4861.877	1.369995e-05
4862.359	1.369995e-05
4862.841	1.369995e-05
4863.324	1.379956e-05
4863.806	1.380031e-05
4864.288	1.380031e-05
4864.770	1.380031e-05
4865.247	1.380031e-05
4865.729	1.380031e-05
4866.211	1.380031e-05
4866.694	1.380031e-05
4867.176	1.380031e-05
4867.658	1.380031e-05
4868.140	1.380031e-05
4868.627	1.380075e-05
4869.109	1.389981e-05
4869.591	1.389981e-05
4870.074	1.389981e-05
4870.556	1.389981e-05
4871.038	1.389981e-05
4871.520	1.390025e-05
4871.997	1.399957e-05
4872.479	1.400016e-05
4872.961	1.400016e-05
4873.444	1.400016e-05
4873.926	1.400016e-05
4874.408	1.400016e-05
4874.890	1.409818e-05
4875.377	1.409966e-05
4875.859	1.409966e-05
4876.341	1.419957e-05
4876.824	1.420002e-05
4877.306	1.420002e-05
4877.788	1.429993e-05
4878.270	1.430038e-05
4878.747	1.430038e-05
4879.229	1.439958e-05
4879.711	1.439987e-05
4880.194	1.439987e-05
4880.676	1.449993e-05
4881.158	1.450023e-05
4881.640	1.459943e-05
4882.127	1.460048e-05
4882.609	1.470009e-05
4883.091	1.470083e-05
4883.574	1.480032e-05
4884.056	1.489979e-05
4884.538	1.489994e-05
4885.020	1.500014e-05
4885.497	1.500030e-05
4885.979	1.509862e-05
4886.461	1.519896e-05
4886.944	1.520015e-05
4887.426	1.529847e-05
4887.908	1.539882e-05
4888.390	1.540001e-05
4888.877	1.550022e-05
4889.359	1.559972e-05
4889.841	1.570022e-05
4890.324	1.570125e-05
4890.806	1.580076e-05
4891.288	1.590110e-05
4891.770	1.599958e-05
4892.247	1.599958e-05
4892.729	1.609993e-05
4893.211	1.620029e-05
4893.694	1.620029e-05
4894.176	1.629979e-05
4894.658	1.640014e-05
4895.140	1.640014e-05
4895.627	1.649964e-05
4896.109	1.649979e-05
4896.591	1.660014e-05
4897.074	1.670036e-05
4897.556	1.670050e-05
4898.038	1.679985e-05
4898.520	1.679985e-05
4898.997	1.679985e-05
4899.479	1.689932e-05
4899.961	1.690021e-05
4900.444	1.690021e-05
4900.926	1.690021e-05
4901.408	1.690021e-05
4901.890	1.690021e-05
4902.377	1.699897e-05
4902.859	1.699971e-05
4903.341	1.699971e-05
4903.824	1.699971e-05
4904.306	1.699971e-05
4904.788	1.699971e-05
4905.270	1.699971e-05
4905.747	1.690198e-05
4906.229	1.690021e-05
4906.711	1.690021e-05
4907.194	1.690021e-05
4907.676	1.680045e-05
4908.158	1.679985e-05
4908.640	1.679985e-05
4909.127	1.670036e-05
4909.609	1.670036e-05
4910.091	1.670036e-05
4910.574	1.669991e-05
4911.056	1.660000e-05
4911.538	1.660000e-05
4912.020	1.659955e-05
4912.497	1.650023e-05
4912.979	1.649964e-05
4913.461	1.640162e-05
4913.944	1.640014e-05
4914.426	1.630128e-05
4914.908	1.629979e-05
4915.390	1.629979e-05
4915.877	1.620073e-05
4916.359	1.620029e-05
4916.841	1.620029e-05
4917.324	1.610038e-05
4917.806	1.609993e-05
4918.288	1.609993e-05
4918.770	1.609920e-05
4919.247	1.599988e-05
4919.729	1.599958e-05
4920.211	1.599958e-05
4920.694	1.590037e-05
4921.176	1.590008e-05
4921.658	1.590008e-05
4922.140	1.590008e-05
4922.627	1.579972e-05
4923.109	1.579972e-05
4923.591	1.579972e-05
4924.074	1.579972e-05
4924.556	1.579972e-05
4925.038	1.579972e-05
4925.520	1.579972e-05
4925.997	1.579972e-05
4926.479	1.579972e-05
4926.961	1.579972e-05
4927.444	1.579972e-05
4927.926	1.579972e-05
4928.408	1.579972e-05
4928.890	1.579972e-05
4929.377	1.579972e-05
4929.859	1.579972e-05
4930.341	1.590008e-05
4930.824	1.590008e-05
4931.306	1.590008e-05
4931.788	1.590110e-05
4932.270	1.599958e-05
4932.747	1.599958e-05
4933.229	1.609993e-05
4933.711	1.609993e-05
4934.194	1.620029e-05
4934.676	1.620029e-05
4935.158	1.629979e-05
4935.640	1.629979e-05
4936.127	1.640029e-05
4936.609	1.649964e-05
4937.091	1.649979e-05
4937.574	1.660014e-05
4938.056	1.670050e-05
4938.538	1.680000e-05
4939.020	1.690021e-05
4939.497	1.690021e-05
4939.979	1.699883e-05
4940.461	1.709918e-05
4940.944	1.719953e-05
4941.426	1.729904e-05
4941.908	1.740028e-05
4942.390	1.740057e-05
4942.877	1.750111e-05
4943.359	1.760146e-05
4943.841	1.770097e-05
4944.324	1.780132e-05
4944.806	1.790034e-05
4945.288	1.790167e-05
4945.770	1.799984e-05
4946.247	1.800014e-05
4946.729	1.810020e-05
4947.211	1.810050e-05
4947.694	1.819911e-05
4948.176	1.819970e-05
4948.658	1.829946e-05
4949.140	1.830006e-05
4949.627	1.830006e-05
4950.109	1.830050e-05
4950.591	1.840041e-05
4951.074	1.840041e-05
4951.556	1.840041e-05
4952.038	1.839997e-05
4952.520	1.830006e-05
4952.997	1.830006e-05
4953.479	1.830006e-05
4953.961	1.830006e-05
4954.444	1.820119e-05
4954.926	1.819970e-05
4955.408	1.810168e-05
4955.890	1.810020e-05
4956.377	1.800029e-05
4956.859	1.799984e-05
4957.341	1.790079e-05
4957.824	1.790034e-05
4958.306	1.780043e-05
4958.788	1.779999e-05
4959.270	1.769890e-05
4959.747	1.760043e-05
4960.229	1.750008e-05
4960.711	1.749978e-05
4961.194	1.740058e-05
4961.676	1.730022e-05
4962.158	1.720072e-05
4962.640	1.720042e-05
4963.127	1.709932e-05
4963.609	1.699897e-05
4964.091	1.690021e-05
4964.574	1.689947e-05
4965.056	1.680001e-05
4965.538	1.670051e-05
4966.020	1.670036e-05
4966.497	1.660119e-05
4966.979	1.650083e-05
4967.461	1.640132e-05
4967.944	1.640014e-05
4968.426	1.630098e-05
4968.908	1.620147e-05
4969.390	1.620029e-05
4969.877	1.610008e-05
4970.359	1.599972e-05
4970.841	1.599855e-05
4971.324	1.590008e-05
4971.806	1.589904e-05
4972.288	1.579972e-05
4972.770	1.579869e-05
4973.247	1.570022e-05
4973.729	1.570022e-05
4974.211	1.559986e-05
4974.694	1.559986e-05
4975.176	1.550037e-05
4975.658	1.550037e-05
4976.140	1.540001e-05
4976.627	1.540001e-05
4977.109	1.539986e-05
4977.591	1.529965e-05
4978.074	1.529965e-05
4978.556	1.529951e-05
4979.038	1.520015e-05
4979.520	1.520015e-05
4979.997	1.520015e-05
4980.479	1.520015e-05
4980.961	1.510069e-05
4981.444	1.509980e-05
4981.926	1.509980e-05
4982.408	1.509951e-05
4982.890	1.500030e-05
4983.377	1.500030e-05
4983.859	1.500030e-05
4984.341	1.500030e-05
4984.824	1.500030e-05
4985.306	1.500030e-05
4985.788	1.500162e-05
4986.270	1.509980e-05
4986.747	1.509980e-05
4987.229	1.509980e-05
4987.711	1.509980e-05
4988.194	1.509980e-05
4988.676	1.509980e-05
4989.158	1.509980e-05
4989.640	1.509980e-05
4990.127	1.520015e-05
4990.609	1.520015e-05
4991.091	1.520060e-05
4991.574	1.529965e-05
4992.056	1.530010e-05
4992.538	1.540001e-05
4993.020	1.540001e-05
4993.497	1.540001e-05
4993.979	1.549889e-05
4994.461	1.550037e-05
4994.944	1.559839e-05
4995.426	1.559986e-05
4995.908	1.569873e-05
4996.390	1.570022e-05
4996.877	1.579928e-05
4997.359	1.579972e-05
4997.841	1.589963e-05
4998.324	1.599913e-05
4998.806	1.599958e-05
4999.288	1.609949e-05
4999.770	1.610067e-05
5000.247	1.619999e-05
5000.729	1.629949e-05
5001.211	1.629979e-05
5001.694	1.639984e-05
5002.176	1.640014e-05
5002.658	1.649934e-05
5003.140	1.659970e-05
5003.627	1.660074e-05
5004.109	1.670109e-05
5004.591	1.680060e-05
5005.074	1.690021e-05
5005.556	1.690021e-05
5006.038	1.699956e-05
5006.520	1.709991e-05
5006.997	1.710007e-05
5007.479	1.719923e-05
5007.961	1.729874e-05
5008.444	1.729992e-05
5008.926	1.739909e-05
5009.408	1.740028e-05
5009.890	1.749860e-05
5010.377	1.759999e-05
5010.859	1.760013e-05
5011.341	1.769963e-05
5011.824	1.770067e-05
5012.306	1.780102e-05
5012.788	1.790034e-05
5013.270	1.790137e-05
5013.747	1.799984e-05
5014.229	1.799984e-05
5014.711	1.799984e-05
5015.194	1.810020e-05
5015.676	1.810020e-05
5016.158	1.819970e-05
5016.640	1.819970e-05
5017.127	1.830006e-05
5017.609	1.830020e-05
5018.091	1.840041e-05
5018.574	1.840041e-05
5019.056	1.840056e-05
5019.538	1.849991e-05
5020.020	1.849991e-05
5020.497	1.849991e-05
5020.979	1.859938e-05
5021.461	1.860027e-05
5021.944	1.860027e-05
5022.426	1.860027e-05
5022.908	1.869977e-05
5023.390	1.869977e-05
5023.877	1.869977e-05
5024.359	1.870110e-05
5024.841	1.880012e-05
5025.324	1.880012e-05
5025.806	1.880012e-05
5026.288	1.880012e-05
5026.770	1.880012e-05
5027.247	1.880012e-05
5027.729	1.880012e-05
5028.211	1.880012e-05
5028.694	1.880012e-05
5029.176	1.880012e-05
5029.658	1.880012e-05
5030.140	1.880012e-05
5030.627	1.880012e-05
5031.109	1.880012e-05
5031.591	1.880012e-05
5032.074	1.880012e-05
5032.556	1.880012e-05
5033.038	1.880012e-05
5033.520	1.880012e-05
5033.997	1.880012e-05
5034.479	1.870124e-05
5034.961	1.869977e-05
5035.444	1.869977e-05
5035.926	1.869977e-05
5036.408	1.869977e-05
5036.890	1.860175e-05
5037.377	1.860027e-05
5037.859	1.860027e-05
5038.341	1.860027e-05
5038.824	1.850036e-05
5039.306	1.849991e-05
5039.788	1.849991e-05
5040.270	1.849918e-05
5040.747	1.840071e-05
5041.229	1.840041e-05
5041.711	1.840041e-05
5042.194	1.830036e-05
5042.676	1.830006e-05
5043.158	1.830006e-05
5043.640	1.830006e-05
5044.127	1.819970e-05
5044.609	1.819970e-05
5045.091	1.819970e-05
5045.574	1.819897e-05
5046.056	1.810035e-05
5046.538	1.810020e-05
5047.020	1.810020e-05
5047.497	1.810020e-05
5047.979	1.800103e-05
5048.461	1.799984e-05
5048.944	1.799984e-05
5049.426	1.799984e-05
5049.908	1.799984e-05
5050.390	1.790153e-05
5050.877	1.790034e-05
5051.359	1.790034e-05
5051.841	1.790034e-05
5052.324	1.790034e-05
5052.806	1.790034e-05
5053.288	1.790034e-05
5053.770	1.790034e-05
5054.247	1.790034e-05
5054.729	1.790034e-05
5055.211	1.790034e-05
5055.694	1.779999e-05
5056.176	1.779999e-05
5056.658	1.779999e-05
5057.140	1.779999e-05
5057.627	1.790034e-05
5058.109	1.790034e-05
5058.591	1.790034e-05
5059.074	1.790034e-05
5059.556	1.790034e-05
5060.038	1.790034e-05
5060.520	1.790049e-05
5060.997	1.799896e-05
5061.479	1.799984e-05
5061.961	1.799984e-05
5062.444	1.799984e-05
5062.926	1.799984e-05
5063.408	1.810020e-05
5063.890	1.810020e-05
5064.377	1.810152e-05
5064.859	1.819970e-05
5065.341	1.820103e-05
5065.824	1.830006e-05
5066.306	1.830139e-05
5066.788	1.840041e-05
5067.270	1.840041e-05
5067.747	1.840071e-05
5068.229	1.849991e-05
5068.711	1.850021e-05
5069.194	1.859967e-05
5069.676	1.860027e-05
5070.158	1.869917e-05
5070.640	1.869977e-05
5071.127	1.880012e-05
5071.609	1.880056e-05
5072.091	1.890007e-05
5072.574	1.899998e-05
5073.056	1.900042e-05
5073.538	1.910033e-05
5074.020	1.910078e-05
5074.497	1.919925e-05
5074.979	1.919983e-05
5075.461	1.929870e-05
5075.944	1.930019e-05
5076.426	1.939821e-05
5076.908	1.939969e-05
5077.390	1.939969e-05
5077.877	1.949960e-05
5078.359	1.950005e-05
5078.841	1.959996e-05
5079.324	1.960040e-05
5079.806	1.960040e-05
5080.288	1.969946e-05
5080.770	1.969990e-05
5081.247	1.969990e-05
5081.729	1.969990e-05
5082.211	1.969990e-05
5082.694	1.969990e-05
5083.176	1.969990e-05
5083.658	1.969990e-05
5084.140	1.969990e-05
5084.627	1.960040e-05
5085.109	1.960040e-05
5085.591	1.960040e-05
5086.074	1.959966e-05
5086.556	1.950020e-05
5087.038	1.950005e-05
5087.520	1.950005e-05
5087.997	1.940088e-05
5088.479	1.939969e-05
5088.961	1.930137e-05
5089.444	1.920102e-05
5089.926	1.919983e-05
5090.408	1.910152e-05
5090.890	1.900117e-05
5091.377	1.899998e-05
5091.859	1.889977e-05
5092.341	1.880012e-05
5092.824	1.879909e-05
5093.306	1.869874e-05
5093.788	1.859923e-05
5094.270	1.849888e-05
5094.747	1.840041e-05
5095.229	1.830006e-05
5095.711	1.830006e-05
5096.194	1.819970e-05
5096.676	1.810020e-05
5097.158	1.799984e-05
5097.640	1.790034e-05
5098.127	1.779984e-05
5098.609	1.769963e-05
5099.091	1.769949e-05
5099.574	1.759999e-05
5100.056	1.749963e-05
5100.538	1.740013e-05
5101.020	1.729978e-05
5101.497	1.720131e-05
5101.979	1.710096e-05
5102.461	1.710007e-05
5102.944	1.700060e-05
5103.426	1.690109e-05
5103.908	1.679957e-05
5104.390	1.670036e-05
5104.877	1.669902e-05
5105.359	1.659866e-05
5105.841	1.649964e-05
5106.324	1.649832e-05
5106.806	1.639881e-05
5107.288	1.629979e-05
5107.770	1.629846e-05
5108.247	1.619999e-05
5108.729	1.609993e-05
5109.211	1.609963e-05
5109.694	1.600017e-05
5110.176	1.599958e-05
5110.658	1.590067e-05
5111.140	1.590008e-05
5111.627	1.579972e-05
5112.109	1.579928e-05
5112.591	1.570022e-05
5113.074	1.569978e-05
5113.556	1.559986e-05
5114.038	1.559986e-05
5114.520	1.559942e-05
5114.997	1.550095e-05
5115.479	1.549978e-05
5115.961	1.540001e-05
5116.444	1.540001e-05
5116.926	1.539942e-05
5117.408	1.529965e-05
5117.890	1.529965e-05
5118.377	1.529965e-05
5118.859	1.529965e-05
5119.341	1.529803e-05
5119.824	1.520015e-05
5120.306	1.520015e-05
5120.788	1.520015e-05
5121.270	1.520015e-05
5121.747	1.520015e-05
5122.229	1.510010e-05
5122.711	1.509980e-05
5123.194	1.509980e-05
5123.676	1.509980e-05
5124.158	1.509980e-05
5124.640	1.509980e-05
5125.127	1.509980e-05
5125.609	1.509980e-05
5126.091	1.509980e-05
5126.574	1.509980e-05
5127.056	1.509980e-05
5127.538	1.509980e-05
5128.020	1.509980e-05
5128.497	1.509980e-05
5128.979	1.509980e-05
5129.461	1.509980e-05
5129.944	1.509980e-05
5130.426	1.509980e-05
5130.908	1.509980e-05
5131.390	1.509980e-05
5131.877	1.509980e-05
5132.359	1.509980e-05
5132.841	1.510083e-05
5133.324	1.520015e-05
5133.806	1.520015e-05
5134.288	1.520015e-05
5134.770	1.520015e-05
5135.247	1.520015e-05
5135.729	1.520015e-05
5136.211	1.520015e-05
5136.694	1.520015e-05
5137.176	1.520015e-05
5137.658	1.529965e-05
5138.140	1.529965e-05
5138.627	1.529965e-05
5139.109	1.529965e-05
5139.591	1.529980e-05
5140.074	1.540001e-05
5140.556	1.540001e-05
5141.038	1.540001e-05
5141.520	1.540001e-05
5141.997	1.540001e-05
5142.479	1.540001e-05
5142.961	1.540001e-05
5143.444	1.540001e-05
5143.926	1.540001e-05
5144.408	1.550037e-05
5144.890	1.550037e-05
5145.377	1.550037e-05
5145.859	1.550037e-05
5146.341	1.550037e-05
5146.824	1.550037e-05
5147.306	1.550037e-05
5147.788	1.550037e-05
5148.270	1.550037e-05
5148.747	1.550037e-05
5149.229	1.550037e-05
5149.711	1.550037e-05
5150.194	1.550037e-05
5150.676	1.550037e-05
5151.158	1.550037e-05
5151.640	1.550037e-05
5152.127	1.550037e-05
5152.609	1.550037e-05
5153.091	1.550037e-05
5153.574	1.550037e-05
5154.056	1.550037e-05
5154.538	1.550037e-05
5155.020	1.550037e-05
5155.497	1.550037e-05
5155.979	1.550037e-05
5156.461	1.549978e-05
5156.944	1.540001e-05
5157.426	1.540001e-05
5157.908	1.540001e-05
5158.390	1.540001e-05
5158.877	1.540001e-05
5159.359	1.540001e-05
5159.841	1.540001e-05
5160.324	1.540001e-05
5160.806	1.540001e-05
5161.288	1.539839e-05
5161.770	1.529965e-05
5162.247	1.529965e-05
5162.729	1.529965e-05
5163.211	1.529965e-05
5163.694	1.520045e-05
5164.176	1.520015e-05
5164.658	1.520015e-05
5165.140	1.520015e-05
5165.627	1.520015e-05
5166.109	1.519941e-05
5166.591	1.509980e-05
5167.074	1.509980e-05
5167.556	1.509980e-05
5168.038	1.509980e-05
5168.520	1.509980e-05
5168.997	1.500148e-05
5169.479	1.500030e-05
5169.961	1.500030e-05
5170.444	1.490113e-05
5170.926	1.489994e-05
5171.408	1.489994e-05
5171.890	1.489994e-05
5172.377	1.479973e-05
5172.859	1.479959e-05
5173.341	1.479959e-05
5173.824	1.479959e-05
5174.306	1.479856e-05
5174.788	1.470009e-05
5175.270	1.470009e-05
5175.747	1.470009e-05
5176.229	1.470009e-05
5176.711	1.459973e-05
5177.194	1.459973e-05
5177.676	1.459973e-05
5178.158	1.459973e-05
5178.640	1.450023e-05
5179.127	1.450023e-05
5179.609	1.450023e-05
5180.091	1.450023e-05
5180.574	1.450009e-05
5181.056	1.439987e-05
5181.538	1.439987e-05
5182.020	1.439987e-05
5182.497	1.439987e-05
5182.979	1.430126e-05
5183.461	1.430038e-05
5183.944	1.430038e-05
5184.426	1.430038e-05
5184.908	1.420002e-05
5185.390	1.420002e-05
5185.877	1.420002e-05
5186.359	1.420002e-05
5186.841	1.419868e-05
5187.324	1.409966e-05
5187.806	1.409966e-05
5188.288	1.409966e-05
5188.770	1.409966e-05
5189.247	1.409937e-05
5189.729	1.400016e-05
5190.211	1.400016e-05
5190.694	1.400016e-05
5191.176	1.400016e-05
5191.658	1.400016e-05
5192.140	1.390041e-05
5192.627	1.389981e-05
5193.109	1.389981e-05
5193.591	1.389981e-05
5194.074	1.389981e-05
5194.556	1.389981e-05
5195.038	1.389937e-05
5195.520	1.380031e-05
5195.997	1.380031e-05
5196.479	1.380031e-05
5196.961	1.380031e-05
5197.444	1.380031e-05
5197.926	1.380031e-05
5198.408	1.380031e-05
5198.890	1.379972e-05
5199.377	1.369995e-05
5199.859	1.369995e-05
5200.341	1.369995e-05
5200.824	1.369995e-05
5201.306	1.369995e-05
5201.788	1.369995e-05
5202.270	1.369995e-05
5202.747	1.369995e-05
5203.229	1.369995e-05
5203.711	1.369995e-05
5204.194	1.369995e-05
5204.676	1.369995e-05
5205.158	1.369995e-05
5205.640	1.369995e-05
5206.127	1.369995e-05
5206.609	1.369995e-05
5207.091	1.369995e-05
5207.574	1.369995e-05
5208.056	1.369995e-05
5208.538	1.369995e-05
5209.020	1.359975e-05
5209.497	1.359960e-05
5209.979	1.359960e-05
5210.461	1.359960e-05
5210.944	1.359960e-05
5211.426	1.359960e-05
5211.908	1.359960e-05
5212.390	1.359960e-05
5212.877	1.359960e-05
5213.359	1.359960e-05
5213.841	1.359960e-05
5214.324	1.359960e-05
5214.806	1.359960e-05
5215.288	1.359960e-05
5215.770	1.359960e-05
5216.247	1.359960e-05
5216.729	1.359960e-05
5217.211	1.359960e-05
5217.694	1.359960e-05
5218.176	1.350010e-05
5218.658	1.350010e-05
5219.140	1.350010e-05
5219.627	1.350010e-05
5220.109	1.350010e-05
5220.591	1.350010e-05
5221.074	1.350010e-05
5221.556	1.350010e-05
5222.038	1.350010e-05
5222.520	1.350010e-05
5222.997	1.350010e-05
5223.479	1.350010e-05
5223.961	1.340063e-05
5224.444	1.339974e-05
5224.926	1.339974e-05
5225.408	1.339974e-05
5225.890	1.339974e-05
5226.377	1.339974e-05
5226.859	1.339842e-05
5227.341	1.330024e-05
5227.824	1.330024e-05
5228.306	1.330024e-05
5228.788	1.330024e-05
5229.270	1.330024e-05
5229.747	1.329994e-05
5230.229	1.319989e-05
5230.711	1.319989e-05
5231.194	1.319989e-05
5231.676	1.319989e-05
5232.158	1.319989e-05
5232.640	1.310098e-05
5233.127	1.310039e-05
5233.609	1.310039e-05
5234.091	1.310039e-05
5234.574	1.310039e-05
5235.056	1.309994e-05
5235.538	1.300003e-05
5236.020	1.300003e-05
5236.497	1.300003e-05
5236.979	1.299944e-05
5237.461	1.289967e-05
5237.944	1.289967e-05
5238.426	1.289967e-05
5238.908	1.289967e-05
5239.390	1.289909e-05
5239.877	1.280017e-05
5240.359	1.280017e-05
5240.841	1.280017e-05
5241.324	1.280017e-05
5241.806	1.280017e-05
5242.288	1.279855e-05
5242.770	1.269982e-05
5243.247	1.269982e-05
5243.729	1.269982e-05
5244.211	1.269982e-05
5244.694	1.260062e-05
5245.176	1.260032e-05
5245.658	1.260032e-05
5246.140	1.260032e-05
5246.627	1.249996e-05
5247.109	1.249996e-05
5247.591	1.249996e-05
5248.074	1.249996e-05
5248.556	1.249996e-05
5249.038	1.249996e-05
5249.520	1.239976e-05
5249.997	1.239961e-05
5250.479	1.239961e-05
5250.961	1.239961e-05
5251.444	1.239961e-05
5251.926	1.230129e-05
5252.408	1.230011e-05
5252.890	1.230011e-05
5253.377	1.230011e-05
5253.859	1.230011e-05
5254.341	1.229907e-05
5254.824	1.219975e-05
5255.306	1.219975e-05
5255.788	1.219975e-05
5256.270	1.219975e-05
5256.747	1.219975e-05
5257.229	1.219975e-05
5257.711	1.210025e-05
5258.194	1.210025e-05
5258.676	1.210025e-05
5259.158	1.210025e-05
5259.640	1.210025e-05
5260.127	1.210025e-05
5260.609	1.210025e-05
5261.091	1.210025e-05
5261.574	1.210011e-05
5262.056	1.199990e-05
5262.538	1.199990e-05
5263.020	1.199990e-05
5263.497	1.199990e-05
5263.979	1.199990e-05
5264.461	1.199990e-05
5264.944	1.190128e-05
5265.426	1.190040e-05
5265.908	1.190040e-05
5266.390	1.190040e-05
5266.877	1.190040e-05
5267.359	1.190040e-05
5267.841	1.190040e-05
5268.324	1.189906e-05
5268.806	1.180004e-05
5269.288	1.180004e-05
5269.770	1.180004e-05
5270.247	1.180004e-05
5270.729	1.180004e-05
5271.211	1.179974e-05
5271.694	1.170028e-05
5272.176	1.169968e-05
5272.658	1.169968e-05
5273.140	1.169968e-05
5273.627	1.169968e-05
5274.109	1.169968e-05
5274.591	1.169924e-05
5275.074	1.160019e-05
5275.556	1.160019e-05
5276.038	1.160019e-05
5276.520	1.160019e-05
5276.997	1.160019e-05
5277.479	1.159959e-05
5277.961	1.149983e-05
5278.444	1.149983e-05
5278.926	1.149983e-05
5279.408	1.149983e-05
5279.890	1.149983e-05
5280.377	1.149983e-05
5280.859	1.149821e-05
5281.341	1.140033e-05
5281.824	1.140033e-05
5282.306	1.140033e-05
5282.788	1.140033e-05
5283.270	1.140033e-05
5283.747	1.140033e-05
5284.229	1.130027e-05
5284.711	1.129997e-05
5285.194	1.129997e-05
5285.676	1.129997e-05
5286.158	1.129997e-05
5286.640	1.119992e-05
5287.127	1.119962e-05
5287.609	1.119962e-05
5288.091	1.119962e-05
5288.574	1.119962e-05
5289.056	1.119962e-05
5289.538	1.119962e-05
5290.020	1.110027e-05
5290.497	1.110012e-05
5290.979	1.110012e-05
5291.461	1.110012e-05
5291.944	1.100095e-05
5292.426	1.099976e-05
5292.908	1.099976e-05
5293.390	1.099976e-05
5293.877	1.099976e-05
5294.359	1.099976e-05
5294.841	1.099873e-05
5295.324	1.090026e-05
5295.806	1.090026e-05
5296.288	1.090026e-05
5296.770	1.090026e-05
5297.247	1.090026e-05
5297.729	1.090026e-05
5298.211	1.079991e-05
5298.694	1.079991e-05
5299.176	1.079991e-05
5299.658	1.079991e-05
5300.140	1.079991e-05
5300.627	1.079991e-05
5301.109	1.079991e-05
5301.591	1.079976e-05
5302.074	1.070041e-05
5302.556	1.070041e-05
5303.038	1.070041e-05
5303.520	1.070041e-05
5303.997	1.070041e-05
5304.479	1.070041e-05
5304.961	1.070041e-05
5305.444	1.070041e-05
5305.926	1.060094e-05
5306.408	1.060005e-05
5306.890	1.060005e-05
5307.377	1.060005e-05
5307.859	1.060005e-05
5308.341	1.060005e-05
5308.824	1.060005e-05
5309.306	1.060005e-05
5309.788	1.060005e-05
5310.270	1.060005e-05
5310.747	1.060005e-05
5311.229	1.060005e-05
5311.711	1.060005e-05
5312.194	1.060005e-05
5312.676	1.060005e-05
5313.158	1.060005e-05
5313.640	1.060005e-05
5314.127	1.060005e-05
5314.609	1.060005e-05
5315.091	1.060005e-05
5315.574	1.060005e-05
5316.056	1.060005e-05
5316.538	1.060005e-05
5317.020	1.060005e-05
5317.497	1.060005e-05
5317.979	1.060005e-05
5318.461	1.060005e-05
5318.944	1.060005e-05
5319.426	1.060005e-05
5319.908	1.060005e-05
5320.390	1.060005e-05
5320.877	1.060005e-05
5321.359	1.060005e-05
5321.841	1.060005e-05
5322.324	1.060005e-05
5322.806	1.060005e-05
5323.288	1.060005e-05
5323.770	1.060005e-05
5324.247	1.060005e-05
5324.729	1.060005e-05
5325.211	1.060005e-05
5325.694	1.060005e-05
5326.176	1.070011e-05
5326.658	1.070041e-05
5327.140	1.070041e-05
5327.627	1.070041e-05
5328.109	1.070041e-05
5328.591	1.070041e-05
5329.074	1.070116e-05
5329.556	1.079991e-05
5330.038	1.079991e-05
5330.520	1.079991e-05
5330.997	1.079991e-05
5331.479	1.079991e-05
5331.961	1.079991e-05
5332.444	1.079991e-05
5332.926	1.080080e-05
5333.408	1.090026e-05
5333.890	1.090026e-05
5334.377	1.090026e-05
5334.859	1.090217e-05
5335.341	1.099976e-05
5335.824	1.099976e-05
5336.306	1.099976e-05
5336.788	1.100080e-05
5337.270	1.110012e-05
5337.747	1.110012e-05
5338.229	1.110012e-05
5338.711	1.110012e-05
5339.194	1.110012e-05
5339.676	1.119962e-05
5340.158	1.119962e-05
5340.640	1.119962e-05
5341.127	1.129997e-05
5341.609	1.129997e-05
5342.091	1.130012e-05
5342.574	1.140033e-05
5343.056	1.140033e-05
5343.538	1.140047e-05
5344.020	1.149983e-05
5344.497	1.149983e-05
5344.979	1.149983e-05
5345.461	1.159929e-05
5345.944	1.160019e-05
5346.426	1.169880e-05
5346.908	1.169968e-05
5347.390	1.169997e-05
5347.877	1.180004e-05
5348.359	1.180138e-05
5348.841	1.190040e-05
5349.324	1.190172e-05
5349.806	1.199990e-05
5350.288	1.200123e-05
5350.770	1.210025e-05
5351.247	1.210055e-05
5351.729	1.219975e-05
5352.211	1.220005e-05
5352.694	1.229951e-05
5353.176	1.239901e-05
5353.658	1.239961e-05
5354.140	1.249936e-05
5354.627	1.250041e-05
5355.109	1.260076e-05
5355.591	1.270026e-05
5356.074	1.280017e-05
5356.556	1.280062e-05
5357.038	1.290012e-05
5357.520	1.300003e-05
5357.997	1.300003e-05
5358.479	1.310097e-05
5358.961	1.320048e-05
5359.444	1.330083e-05
5359.926	1.339974e-05
5360.408	1.340033e-05
5360.890	1.350068e-05
5361.377	1.360123e-05
5361.859	1.370159e-05
5362.341	1.380193e-05
5362.824	1.390144e-05
5363.306	1.400179e-05
5363.788	1.410128e-05
5364.270	1.420076e-05
5364.747	1.430008e-05
5365.229	1.439958e-05
5365.711	1.459913e-05
5366.194	1.469979e-05
5366.676	1.479929e-05
5367.158	1.489964e-05
5367.640	1.500000e-05
5368.127	1.520089e-05
5368.609	1.530114e-05
5369.091	1.550110e-05
5369.574	1.560062e-05
5370.056	1.570406e-05
5370.538	1.590391e-05
5371.020	1.610186e-05
5371.497	1.620206e-05
5371.979	1.640103e-05
5372.461	1.650142e-05
5372.944	1.670213e-05
5373.426	1.690198e-05
5373.908	1.710184e-05
5374.390	1.730169e-05
5374.877	1.750363e-05
5375.359	1.770347e-05
5375.841	1.790241e-05
5376.324	1.810226e-05
5376.806	1.830315e-05
5377.288	1.860233e-05
5377.770	1.880322e-05
5378.247	1.910033e-05
5378.729	1.930019e-05
5379.211	1.960040e-05
5379.694	1.980026e-05
5380.176	2.009961e-05
5380.658	2.039982e-05
5381.140	2.070003e-05
5381.627	2.100068e-05
5382.109	2.130018e-05
5382.591	2.170060e-05
5383.074	2.200096e-05
5383.556	2.240053e-05
5384.038	2.270088e-05
5384.520	2.310059e-05
5384.997	2.349618e-05
5385.479	2.389674e-05
5385.961	2.429646e-05
5386.444	2.469617e-05
5386.926	2.509673e-05
5387.408	2.550144e-05
5387.890	2.600122e-05
5388.377	2.640643e-05
5388.859	2.690517e-05
5389.341	2.730705e-05
5389.824	2.780627e-05
5390.306	2.830502e-05
5390.788	2.870691e-05
5391.270	2.920698e-05
5391.747	2.970158e-05
5392.229	3.010159e-05
5392.711	3.060135e-05
5393.194	3.099750e-05
5393.676	3.139719e-05
5394.158	3.189666e-05
5394.640	3.229782e-05
5395.127	3.270126e-05
5395.609	3.300192e-05
5396.091	3.340119e-05
5396.574	3.370140e-05
5397.056	3.400160e-05
5397.538	3.430052e-05
5398.020	3.450123e-05
5398.497	3.469902e-05
5398.979	3.480088e-05
5399.461	3.500100e-05
5399.944	3.509991e-05
5400.426	3.510050e-05
5400.908	3.519968e-05
5401.390	3.509991e-05
5401.877	3.509829e-05
5402.359	3.499877e-05
5402.841	3.489842e-05
5403.324	3.479644e-05
5403.806	3.459658e-05
5404.288	3.439676e-05
5404.770	3.419793e-05
5405.247	3.390082e-05
5405.729	3.360061e-05
5406.211	3.330125e-05
5406.694	3.300104e-05
5407.176	3.270083e-05
5407.658	3.230142e-05
5408.140	3.190085e-05
5408.627	3.159732e-05
5409.109	3.119676e-05
5409.591	3.079779e-05
5410.074	3.049680e-05
5410.556	3.009242e-05
5411.038	2.969270e-05
5411.520	2.929405e-05
5411.997	2.899606e-05
5412.479	2.859635e-05
5412.961	2.819752e-05
5413.444	2.789731e-05
5413.926	2.759621e-05
5414.408	2.719739e-05
5414.890	2.689717e-05
5415.377	2.659577e-05
5415.859	2.639405e-05
5416.341	2.609834e-05
5416.824	2.589661e-05
5417.306	2.559828e-05
5417.788	2.539757e-05
5418.270	2.519772e-05
5418.747	2.499993e-05
5419.229	2.490043e-05
5419.711	2.469971e-05
5420.194	2.460022e-05
5420.676	2.440036e-05
5421.158	2.430000e-05
5421.640	2.419965e-05
5422.117	2.419965e-05
5422.599	2.410207e-05
5423.081	2.410015e-05
5423.564	2.400173e-05
5424.046	2.399979e-05
5424.528	2.399979e-05
5425.010	2.399979e-05
5425.497	2.409926e-05
5425.979	2.410015e-05
5426.461	2.419876e-05
5426.944	2.419965e-05
5427.426	2.429911e-05
5427.908	2.440065e-05
5428.390	2.450044e-05
5428.867	2.469823e-05
5429.349	2.479933e-05
5429.831	2.499844e-05
5430.314	2.519830e-05
5430.796	2.539815e-05
5431.278	2.559886e-05
5431.760	2.579872e-05
5432.247	2.600096e-05
5432.729	2.630087e-05
5433.211	2.650102e-05
5433.694	2.679856e-05
5434.176	2.709790e-05
5434.658	2.739811e-05
5435.140	2.769832e-05
5435.617	2.799543e-05
5436.099	2.829480e-05
5436.581	2.869372e-05
5437.064	2.899472e-05
5437.546	2.929492e-05
5438.028	2.969385e-05
5438.510	2.999486e-05
5438.997	3.029818e-05
5439.479	3.060193e-05
5439.961	3.090214e-05
5440.444	3.120150e-05
5440.926	3.150171e-05
5441.408	3.180133e-05
5441.890	3.200177e-05
5442.367	3.229889e-05
5442.849	3.249919e-05
5443.331	3.269904e-05
5443.814	3.279984e-05
5444.296	3.289934e-05
5444.778	3.299970e-05
5445.260	3.309832e-05
5445.747	3.309964e-05
5446.229	3.309964e-05
5446.711	3.309964e-05
5447.194	3.300044e-05
5447.676	3.300014e-05
5448.158	3.280088e-05
5448.640	3.270023e-05
5449.117	3.250274e-05
5449.599	3.230288e-05
5450.081	3.210303e-05
5450.564	3.180415e-05
5451.046	3.150041e-05
5451.528	3.120019e-05
5452.010	3.090084e-05
5452.497	3.049714e-05
5452.979	3.019605e-05
5453.461	2.979634e-05
5453.944	2.939662e-05
5454.426	2.899606e-05
5454.908	2.859635e-05
5455.390	2.819663e-05
5455.867	2.780020e-05
5456.349	2.740048e-05
5456.831	2.700432e-05
5457.314	2.660380e-05
5457.796	2.610562e-05
5458.278	2.570402e-05
5458.760	2.530430e-05
5459.247	2.490043e-05
5459.729	2.449986e-05
5460.211	2.410015e-05
5460.694	2.379994e-05
5461.176	2.340023e-05
5461.658	2.299966e-05
5462.140	2.270030e-05
5462.617	2.240583e-05
5463.099	2.200809e-05
5463.581	2.170596e-05
5464.064	2.140575e-05
5464.546	2.110554e-05
5465.028	2.080617e-05
5465.510	2.050597e-05
5465.997	2.030210e-05
5466.479	2.000278e-05
5466.961	1.980203e-05
5467.444	1.950271e-05
5467.926	1.930196e-05
5468.408	1.899940e-05
5468.890	1.879954e-05
5469.367	1.860175e-05
5469.849	1.840190e-05
5470.331	1.820119e-05
5470.814	1.810094e-05
5471.296	1.790183e-05
5471.778	1.770112e-05
5472.260	1.750126e-05
5472.747	1.739968e-05
5473.229	1.720012e-05
5473.711	1.709947e-05
5474.194	1.690140e-05
5474.676	1.680045e-05
5475.158	1.660119e-05
5475.640	1.650024e-05
5476.117	1.640177e-05
5476.599	1.630142e-05
5477.081	1.610319e-05
5477.564	1.600121e-05
5478.046	1.590170e-05
5478.528	1.580136e-05
5479.010	1.570184e-05
5479.497	1.560046e-05
5479.979	1.549978e-05
5480.461	1.539942e-05
5480.944	1.529907e-05
5481.426	1.519956e-05
5481.908	1.509921e-05
5482.390	1.499971e-05
5482.867	1.490039e-05
5483.349	1.489994e-05
5483.831	1.480003e-05
5484.314	1.470053e-05
5484.796	1.470009e-05
5485.278	1.460018e-05
5485.760	1.450155e-05
5486.247	1.440018e-05
5486.729	1.439987e-05
5487.211	1.430067e-05
5487.694	1.420032e-05
5488.176	1.420002e-05
5488.658	1.409996e-05
5489.140	1.409966e-05
5489.617	1.400149e-05
5490.099	1.400016e-05
5490.581	1.390114e-05
5491.064	1.389981e-05
5491.546	1.380046e-05
5492.028	1.380031e-05
5492.510	1.380031e-05
5492.997	1.369995e-05
5493.479	1.369906e-05
5493.961	1.359960e-05
5494.444	1.359871e-05
5494.926	1.350010e-05
5495.408	1.350010e-05
5495.890	1.350010e-05
5496.367	1.350010e-05
5496.849	1.339989e-05
5497.331	1.339974e-05
5497.814	1.339974e-05
5498.296	1.339974e-05
5498.778	1.339974e-05
5499.260	1.330128e-05
5499.747	1.330024e-05
5500.229	1.330024e-05
5500.711	1.330024e-05
5501.194	1.330024e-05
5501.676	1.319989e-05
5502.158	1.319989e-05
5502.640	1.319989e-05
5503.117	1.319989e-05
5503.599	1.319989e-05
5504.081	1.319989e-05
5504.564	1.319989e-05
5505.046	1.319989e-05
5505.528	1.319989e-05
5506.010	1.319989e-05
5506.497	1.319989e-05
5506.979	1.310127e-05
5507.461	1.310039e-05
5507.944	1.310039e-05
5508.426	1.310039e-05
5508.908	1.310039e-05
5509.390	1.310039e-05
5509.867	1.310039e-05
5510.349	1.310039e-05
5510.831	1.310039e-05
5511.314	1.310039e-05
5511.796	1.319915e-05
5512.278	1.319989e-05
5512.760	1.319989e-05
5513.247	1.319989e-05
5513.729	1.319989e-05
5514.211	1.319989e-05
5514.694	1.319989e-05
5515.176	1.319989e-05
5515.658	1.319989e-05
5516.140	1.319989e-05
5516.617	1.319989e-05
5517.099	1.319989e-05
5517.581	1.329861e-05
5518.064	1.330024e-05
5518.546	1.330024e-05
5519.028	1.330024e-05
5519.510	1.330024e-05
5519.997	1.339916e-05
5520.479	1.339974e-05
5520.961	1.339974e-05
5521.444	1.339974e-05
5521.926	1.339974e-05
5522.408	1.340033e-05
5522.890	1.350010e-05
5523.367	1.350010e-05
5523.849	1.350010e-05
5524.331	1.350010e-05
5524.814	1.359915e-05
5525.296	1.359960e-05
5525.778	1.359960e-05
5526.260	1.369862e-05
5526.747	1.369995e-05
5527.229	1.369995e-05
5527.711	1.369995e-05
5528.194	1.380001e-05
5528.676	1.380031e-05
5529.158	1.380031e-05
5529.640	1.380031e-05
5530.117	1.389848e-05
5530.599	1.389981e-05
5531.081	1.399883e-05
5531.564	1.400016e-05
5532.046	1.400016e-05
5532.528	1.409951e-05
5533.010	1.409966e-05
5533.497	1.410055e-05
5533.979	1.420002e-05
5534.461	1.420002e-05
5534.944	1.420091e-05
5535.426	1.430038e-05
5535.908	1.430038e-05
5536.390	1.430126e-05
5536.867	1.439973e-05
5537.349	1.439987e-05
5537.831	1.449920e-05
5538.314	1.450023e-05
5538.796	1.459869e-05
5539.278	1.459973e-05
5539.760	1.469904e-05
5540.247	1.470009e-05
5540.729	1.479959e-05
5541.211	1.479959e-05
5541.694	1.489994e-05
5542.176	1.489994e-05
5542.658	1.500030e-05
5543.140	1.500030e-05
5543.617	1.509980e-05
5544.099	1.509994e-05
5544.581	1.520030e-05
5545.064	1.529965e-05
5545.546	1.529980e-05
5546.028	1.540015e-05
5546.510	1.550037e-05
5546.997	1.550155e-05
5547.479	1.559986e-05
5547.961	1.560106e-05
5548.444	1.570140e-05
5548.926	1.579972e-05
5549.408	1.580001e-05
5549.890	1.590036e-05
5550.367	1.599884e-05
5550.849	1.609919e-05
5551.331	1.619954e-05
5551.814	1.620029e-05
5552.296	1.629905e-05
5552.778	1.639940e-05
5553.260	1.649890e-05
5553.747	1.660000e-05
5554.229	1.660030e-05
5554.711	1.670065e-05
5555.194	1.679926e-05
5555.676	1.689961e-05
5556.158	1.699911e-05
5556.640	1.709947e-05
5557.117	1.719879e-05
5557.599	1.729830e-05
5558.081	1.739864e-05
5558.564	1.749815e-05
5559.046	1.759850e-05
5559.528	1.769801e-05
5560.010	1.779835e-05
5560.497	1.799867e-05
5560.979	1.810079e-05
5561.461	1.820029e-05
5561.944	1.830065e-05
5562.426	1.840159e-05
5562.908	1.860085e-05
5563.390	1.870036e-05
5563.867	1.879968e-05
5564.349	1.899909e-05
5564.831	1.909989e-05
5565.314	1.929930e-05
5565.796	1.949916e-05
5566.278	1.959996e-05
5566.760	1.979760e-05
5567.247	1.989946e-05
5567.729	2.009901e-05
5568.211	2.029972e-05
5568.694	2.049958e-05
5569.176	2.059938e-05
5569.658	2.079979e-05
5570.140	2.099965e-05
5570.617	2.119744e-05
5571.099	2.139730e-05
5571.581	2.159715e-05
5572.064	2.189603e-05
5572.546	2.209957e-05
5573.028	2.229943e-05
5573.510	2.259948e-05
5573.997	2.280158e-05
5574.479	2.300232e-05
5574.961	2.330164e-05
5575.444	2.350239e-05
5575.926	2.380260e-05
5576.408	2.410281e-05
5576.890	2.440302e-05
5577.367	2.469928e-05
5577.849	2.499949e-05
5578.331	2.529704e-05
5578.814	2.559722e-05
5579.296	2.589658e-05
5579.778	2.619679e-05
5580.260	2.659546e-05
5580.747	2.689984e-05
5581.229	2.720005e-05
5581.711	2.759976e-05
5582.194	2.789997e-05
5582.676	2.829968e-05
5583.158	2.870025e-05
5583.640	2.909996e-05
5584.117	2.950025e-05
5584.599	2.990082e-05
5585.081	3.030053e-05
5585.564	3.070024e-05
5586.046	3.110081e-05
5586.528	3.150052e-05
5587.010	3.190023e-05
5587.497	3.230615e-05
5587.979	3.280503e-05
5588.461	3.320474e-05
5588.944	3.360446e-05
5589.426	3.400616e-05
5589.908	3.450150e-05
5590.390	3.490121e-05
5590.867	3.529680e-05
5591.349	3.569736e-05
5591.831	3.609707e-05
5592.314	3.649679e-05
5592.796	3.689735e-05
5593.278	3.729706e-05
5593.760	3.769677e-05
5594.247	3.810121e-05
5594.729	3.840086e-05
5595.211	3.880112e-05
5595.694	3.909781e-05
5596.176	3.939800e-05
5596.658	3.969822e-05
5597.140	3.999843e-05
5597.617	4.029470e-05
5598.099	4.049702e-05
5598.581	4.069689e-05
5599.064	4.089674e-05
5599.546	4.109660e-05
5600.028	4.129645e-05
5600.510	4.139843e-05
5600.997	4.159875e-05
5601.479	4.160052e-05
5601.961	4.170087e-05
5602.444	4.179978e-05
5602.926	4.179978e-05
5603.408	4.179978e-05
5603.890	4.179978e-05
5604.367	4.179978e-05
5604.849	4.179978e-05
5605.331	4.170072e-05
5605.814	4.160037e-05
5606.296	4.150087e-05
5606.778	4.140051e-05
5607.260	4.130105e-05
5607.747	4.120051e-05
5608.229	4.100096e-05
5608.711	4.080025e-05
5609.194	4.060039e-05
5609.676	4.040053e-05
5610.158	4.020068e-05
5610.640	4.000082e-05
5611.117	3.980303e-05
5611.599	3.950415e-05
5612.081	3.930296e-05
5612.564	3.900409e-05
5613.046	3.880055e-05
5613.528	3.850049e-05
5614.010	3.830048e-05
5614.497	3.799729e-05
5614.979	3.769709e-05
5615.461	3.739773e-05
5615.944	3.709751e-05
5616.426	3.679730e-05
5616.908	3.649710e-05
5617.390	3.619862e-05
5617.867	3.599998e-05
5618.349	3.570077e-05
5618.831	3.540322e-05
5619.314	3.510304e-05
5619.796	3.490214e-05
5620.278	3.460297e-05
5620.760	3.430276e-05
5621.247	3.400028e-05
5621.729	3.380042e-05
5622.211	3.350021e-05
5622.694	3.320000e-05
5623.176	3.300014e-05
5623.658	3.269993e-05
5624.140	3.250008e-05
5624.617	3.219957e-05
5625.099	3.199972e-05
5625.581	3.179986e-05
5626.064	3.160001e-05
5626.546	3.139930e-05
5627.028	3.119944e-05
5627.510	3.099958e-05
5627.997	3.079765e-05
5628.479	3.059779e-05
5628.961	3.039793e-05
5629.444	3.019722e-05
5629.926	2.999857e-05
5630.408	2.989966e-05
5630.890	2.970009e-05
5631.367	2.960077e-05
5631.849	2.950042e-05
5632.331	2.930130e-05
5632.814	2.920106e-05
5633.296	2.910071e-05
5633.778	2.900035e-05
5634.260	2.890085e-05
5634.747	2.879945e-05
5635.229	2.869995e-05
5635.711	2.859960e-05
5636.194	2.850099e-05
5636.676	2.840064e-05
5637.158	2.840004e-05
5637.640	2.830028e-05
5638.117	2.829968e-05
5638.599	2.820181e-05
5639.081	2.820018e-05
5639.564	2.820018e-05
5640.046	2.810146e-05
5640.528	2.809983e-05
5641.010	2.809983e-05
5641.497	2.809983e-05
5641.979	2.809924e-05
5642.461	2.800033e-05
5642.944	2.800091e-05
5643.426	2.809983e-05
5643.908	2.809983e-05
5644.390	2.809983e-05
5644.867	2.809983e-05
5645.349	2.809983e-05
5645.831	2.819974e-05
5646.314	2.820018e-05
5646.796	2.820018e-05
5647.278	2.829924e-05
5647.760	2.829968e-05
5648.247	2.839974e-05
5648.729	2.840004e-05
5649.211	2.850010e-05
5649.694	2.850040e-05
5650.176	2.859960e-05
5650.658	2.869995e-05
5651.140	2.870025e-05
5651.617	2.879843e-05
5652.099	2.889877e-05
5652.581	2.899828e-05
5653.064	2.899961e-05
5653.546	2.909980e-05
5654.028	2.920016e-05
5654.510	2.929966e-05
5654.997	2.940106e-05
5655.479	2.950056e-05
5655.961	2.960092e-05
5656.444	2.970127e-05
5656.926	2.980077e-05
5657.408	2.990112e-05
5657.890	3.000063e-05
5658.367	3.009995e-05
5658.849	3.019945e-05
5659.331	3.029891e-05
5659.814	3.049772e-05
5660.296	3.059912e-05
5660.778	3.079794e-05
5661.260	3.089933e-05
5661.747	3.099987e-05
5662.229	3.119973e-05
5662.711	3.139958e-05
5663.194	3.149994e-05
5663.676	3.169980e-05
5664.158	3.189965e-05
5664.640	3.210036e-05
5665.117	3.230051e-05
5665.599	3.250036e-05
5666.081	3.270022e-05
5666.564	3.290022e-05
5667.046	3.320029e-05
5667.528	3.340029e-05
5668.010	3.370035e-05
5668.497	3.390348e-05
5668.979	3.420369e-05
5669.461	3.450272e-05
5669.944	3.470376e-05
5670.426	3.500393e-05
5670.908	3.530092e-05
5671.390	3.570120e-05
5671.867	3.599746e-05
5672.349	3.629767e-05
5672.831	3.669664e-05
5673.314	3.699759e-05
5673.796	3.739741e-05
5674.278	3.779713e-05
5674.760	3.819684e-05
5675.247	3.850122e-05
5675.729	3.890123e-05
5676.211	3.940099e-05
5676.694	3.979799e-05
5677.176	4.019769e-05
5677.658	4.059740e-05
5678.140	4.109687e-05
5678.617	4.149390e-05
5679.099	4.199150e-05
5679.581	4.249155e-05
5680.064	4.289374e-05
5680.546	4.339219e-05
5681.028	4.389225e-05
5681.510	4.439148e-05
5681.997	4.489674e-05
5682.479	4.540328e-05
5682.961	4.600311e-05
5683.444	4.650318e-05
5683.926	4.700383e-05
5684.408	4.760281e-05
5684.890	4.810347e-05
5685.367	4.869770e-05
5685.849	4.929727e-05
5686.331	4.989769e-05
5686.814	5.049726e-05
5687.296	5.109768e-05
5687.778	5.169725e-05
5688.260	5.229235e-05
5688.747	5.289810e-05
5689.229	5.359773e-05
5689.711	5.419845e-05
5690.194	5.489807e-05
5690.676	5.559800e-05
5691.158	5.629792e-05
5691.640	5.699784e-05
5692.117	5.769054e-05
5692.599	5.839046e-05
5693.081	5.909038e-05
5693.564	5.988933e-05
5694.046	6.069901e-05
5694.528	6.139910e-05
5695.010	6.219837e-05
5695.497	6.300787e-05
5695.979	6.390676e-05
5696.461	6.470792e-05
5696.944	6.560682e-05
5697.426	6.640798e-05
5697.908	6.730777e-05
5698.390	6.820839e-05
5698.867	6.909888e-05
5699.349	7.009887e-05
5699.831	7.099081e-05
5700.314	7.198981e-05
5700.796	7.298995e-05
5701.278	7.398923e-05
5701.760	7.498936e-05
5702.247	7.599991e-05
5702.729	7.710040e-05
5703.211	7.809968e-05
5703.694	7.920017e-05
5704.176	8.029980e-05
5704.658	8.129994e-05
5705.140	8.240043e-05
5705.617	8.349187e-05
5706.099	8.469114e-05
5706.581	8.579152e-05
5707.064	8.689200e-05
5707.546	8.799164e-05
5708.028	8.909212e-05
5708.510	9.019176e-05
5708.997	9.130371e-05
5709.479	9.240305e-05
5709.961	9.340349e-05
5710.444	9.450571e-05
5710.926	9.550643e-05
5711.408	9.660547e-05
5711.890	9.760502e-05
5712.367	9.849636e-05
5712.849	9.949520e-05
5713.331	9.999748e-05
5713.814	1.009954e-04
5714.296	1.019955e-04
5714.778	1.029957e-04
5715.260	1.039987e-04
5715.747	1.050004e-04
5716.229	1.050092e-04
5716.711	1.060085e-04
5717.194	1.069998e-04
5717.676	1.070087e-04
5718.158	1.079999e-04
5718.640	1.080088e-04
5719.117	1.089986e-04
5719.599	1.090001e-04
5720.081	1.090015e-04
5720.564	1.100002e-04
5721.046	1.100002e-04
5721.528	1.100002e-04
5722.010	1.100016e-04
5722.497	1.110003e-04
5722.979	1.110003e-04
5723.461	1.110003e-04
5723.944	1.110003e-04
5724.426	1.110003e-04
5724.908	1.110003e-04
5725.390	1.110003e-04
5725.867	1.110003e-04
5726.349	1.110003e-04
5726.831	1.110003e-04
5727.314	1.100165e-04
5727.796	1.100002e-04
5728.278	1.100002e-04
5728.760	1.100002e-04
5729.247	1.100002e-04
5729.729	1.090031e-04
5730.211	1.090001e-04
5730.694	1.090001e-04
5731.176	1.080029e-04
5731.658	1.079999e-04
5732.140	1.079999e-04
5732.617	1.079999e-04
5733.099	1.070131e-04
5733.581	1.069998e-04
5734.064	1.060130e-04
5734.546	1.059997e-04
5735.028	1.059997e-04
5735.510	1.050108e-04
5735.997	1.050004e-04
5736.479	1.050004e-04
5736.961	1.040002e-04
5737.444	1.040002e-04
5737.926	1.030001e-04
5738.408	1.030001e-04
5738.890	1.030001e-04
5739.367	1.020074e-04
5739.849	1.020000e-04
5740.331	1.010073e-04
5740.814	1.009998e-04
5741.296	1.000071e-04
5741.778	9.990094e-05
5742.260	9.950261e-05
5742.747	9.899808e-05
5743.229	9.849916e-05
5743.711	9.809829e-05
5744.194	9.759678e-05
5744.676	9.709731e-05
5745.158	9.669700e-05
5745.640	9.619694e-05
5746.117	9.570203e-05
5746.599	9.520196e-05
5747.081	9.480181e-05
5747.564	9.430219e-05
5748.046	9.380212e-05
5748.528	9.330205e-05
5749.010	9.280054e-05
5749.497	9.239562e-05
5749.979	9.189555e-05
5750.461	9.139548e-05
5750.944	9.089542e-05
5751.426	9.039535e-05
5751.908	8.989528e-05
5752.390	8.939521e-05
5752.867	8.890031e-05
5753.349	8.840110e-05
5753.831	8.800568e-05
5754.314	8.750717e-05
5754.796	8.700710e-05
5755.278	8.650704e-05
5755.760	8.600781e-05
5756.247	8.550255e-05
5756.729	8.500248e-05
5757.211	8.450241e-05
5757.694	8.400235e-05
5758.176	8.340237e-05
5758.658	8.290186e-05
5759.140	8.239676e-05
5759.617	8.190186e-05
5760.099	8.130173e-05
5760.581	8.080137e-05
5761.064	8.030130e-05
5761.546	7.970203e-05
5762.028	7.920167e-05
5762.510	7.860154e-05
5762.997	7.799572e-05
5763.479	7.739530e-05
5763.961	7.679573e-05
5764.444	7.619535e-05
5764.926	7.560112e-05
5765.408	7.500070e-05
5765.890	7.440114e-05
5766.367	7.370859e-05
5766.849	7.310699e-05
5767.331	7.240825e-05
5767.814	7.180749e-05
5768.296	7.110791e-05
5768.778	7.040798e-05
5769.260	6.970806e-05
5769.747	6.900084e-05
5770.229	6.830092e-05
5770.711	6.759276e-05
5771.194	6.689284e-05
5771.676	6.619292e-05
5772.158	6.549299e-05
5772.640	6.479203e-05
5773.117	6.400002e-05
5773.599	6.330009e-05
5774.081	6.260017e-05
5774.564	6.190025e-05
5775.046	6.120033e-05
5775.528	6.040005e-05
5776.010	5.970012e-05
5776.497	5.899919e-05
5776.979	5.829927e-05
5777.461	5.759934e-05
5777.944	5.689856e-05
5778.426	5.619864e-05
5778.908	5.549872e-05
5779.390	5.479880e-05
5779.867	5.410610e-05
5780.349	5.340618e-05
5780.831	5.280572e-05
5781.314	5.210584e-05
5781.796	5.150537e-05
5782.278	5.079839e-05
5782.760	5.019797e-05
5783.247	4.959215e-05
5783.729	4.899174e-05
5784.211	4.839216e-05
5784.694	4.779175e-05
5785.176	4.719217e-05
5785.658	4.659176e-05
5786.140	4.599352e-05
5786.617	4.549831e-05
5787.099	4.489819e-05
5787.581	4.439813e-05
5788.064	4.390336e-05
5788.546	4.330357e-05
5789.028	4.280291e-05
5789.510	4.230284e-05
5789.997	4.189792e-05
5790.479	4.139785e-05
5790.961	4.089778e-05
5791.444	4.039816e-05
5791.926	3.999801e-05
5792.408	3.949838e-05
5792.890	3.909782e-05
5793.367	3.870223e-05
5793.849	3.830605e-05
5794.331	3.790555e-05
5794.814	3.750583e-05
5795.296	3.710612e-05
5795.778	3.670556e-05
5796.260	3.640470e-05
5796.747	3.600146e-05
5797.229	3.570166e-05
5797.711	3.530154e-05
5798.194	3.500174e-05
5798.676	3.470153e-05
5799.158	3.430141e-05
5799.640	3.399808e-05
5800.117	3.370096e-05
5800.599	3.350081e-05
5801.081	3.320090e-05
5801.564	3.290068e-05
5802.046	3.270053e-05
5802.528	3.240062e-05
5803.010	3.220046e-05
5803.497	3.189817e-05
5803.979	3.169831e-05
5804.461	3.149771e-05
5804.944	3.119826e-05
5805.426	3.100018e-05
5805.908	3.080033e-05
5806.390	3.060047e-05
5806.867	3.040268e-05
5807.349	3.030114e-05
5807.831	3.010247e-05
5808.314	2.990261e-05
5808.796	2.980107e-05
5809.278	2.960240e-05
5809.760	2.950086e-05
5810.247	2.930011e-05
5810.729	2.920046e-05
5811.211	2.909893e-05
5811.694	2.899858e-05
5812.176	2.889804e-05
5812.658	2.870025e-05
5813.140	2.869922e-05
5813.617	2.859989e-05
5814.099	2.850040e-05
5814.581	2.840004e-05
5815.064	2.829968e-05
5815.546	2.829968e-05
5816.028	2.820018e-05
5816.510	2.820018e-05
5816.997	2.809983e-05
5817.479	2.809968e-05
5817.961	2.800033e-05
5818.444	2.800033e-05
5818.926	2.800033e-05
5819.408	2.800033e-05
5819.890	2.800033e-05
5820.367	2.800033e-05
5820.849	2.800033e-05
5821.331	2.800033e-05
5821.814	2.800033e-05
5822.296	2.800033e-05
5822.778	2.800062e-05
5823.260	2.809983e-05
5823.747	2.809983e-05
5824.229	2.810116e-05
5824.711	2.820018e-05
5825.194	2.820151e-05
5825.676	2.829968e-05
5826.158	2.830102e-05
5826.640	2.840138e-05
5827.117	2.850069e-05
5827.599	2.860019e-05
5828.081	2.870055e-05
5828.564	2.879916e-05
5829.046	2.889951e-05
5829.528	2.899901e-05
5830.010	2.909936e-05
5830.497	2.930026e-05
5830.979	2.940062e-05
5831.461	2.950056e-05
5831.944	2.970127e-05
5832.426	2.990068e-05
5832.908	3.000063e-05
5833.390	3.020049e-05
5833.867	3.039913e-05
5834.349	3.060134e-05
5834.831	3.080178e-05
5835.314	3.110141e-05
5835.796	3.130185e-05
5836.278	3.160147e-05
5836.760	3.180192e-05
5837.247	3.210525e-05
5837.729	3.240461e-05
5838.211	3.270482e-05
5838.694	3.300504e-05
5839.176	3.330687e-05
5839.658	3.370652e-05
5840.140	3.410198e-05
5840.617	3.439909e-05
5841.099	3.479850e-05
5841.581	3.529827e-05
5842.064	3.569914e-05
5842.546	3.619890e-05
5843.028	3.669812e-05
5843.510	3.719818e-05
5843.997	3.770346e-05
5844.479	3.820427e-05
5844.961	3.880469e-05
5845.444	3.940422e-05
5845.926	3.999931e-05
5846.408	4.069907e-05
5846.890	4.139899e-05
5847.367	4.209169e-05
5847.849	4.289077e-05
5848.331	4.369021e-05
5848.814	4.449047e-05
5849.296	4.538907e-05
5849.778	4.628970e-05
5850.260	4.718949e-05
5850.747	4.819885e-05
5851.229	4.919813e-05
5851.711	5.031141e-05
5852.194	5.141208e-05
5852.676	5.261207e-05
5853.158	5.381310e-05
5853.640	5.511447e-05
5854.117	5.649987e-05
5854.599	5.789971e-05
5855.081	5.930041e-05
5855.564	6.079976e-05
5856.046	6.240032e-05
5856.528	6.400002e-05
5857.010	6.570007e-05
5857.497	6.739511e-05
5857.979	6.919430e-05
5858.461	7.109391e-05
5858.944	7.299468e-05
5859.426	7.489460e-05
5859.908	7.689371e-05
5860.390	7.889398e-05
5860.867	8.097177e-05
5861.349	8.307239e-05
5861.831	8.517216e-05
5862.314	8.727193e-05
5862.796	8.937771e-05
5863.278	9.147839e-05
5863.760	9.357817e-05
5864.247	9.560031e-05
5864.729	9.759972e-05
5865.211	9.959999e-05
5865.694	1.009998e-04
5866.176	1.030001e-04
5866.658	1.050004e-04
5867.140	1.069998e-04
5867.617	1.079925e-04
5868.099	1.089926e-04
5868.581	1.109855e-04
5869.064	1.119922e-04
5869.546	1.129923e-04
5870.028	1.129997e-04
5870.510	1.139924e-04
5870.997	1.140029e-04
5871.479	1.150000e-04
5871.961	1.150000e-04
5872.444	1.149941e-04
5872.926	1.139999e-04
5873.408	1.139940e-04
5873.890	1.129997e-04
5874.367	1.129997e-04
5874.849	1.120040e-04
5875.331	1.110048e-04
5875.814	1.100046e-04
5876.296	1.080088e-04
5876.778	1.070042e-04
5877.260	1.060012e-04
5877.747	1.039914e-04
5878.229	1.029824e-04
5878.711	1.009865e-04
5879.194	9.948455e-05
5879.676	9.778450e-05
5880.158	9.608529e-05
5880.640	9.438435e-05
5881.117	9.260252e-05
5881.599	9.090231e-05
5882.081	8.929015e-05
5882.564	8.759068e-05
5883.046	8.599098e-05
5883.528	8.439043e-05
5884.010	8.279131e-05
5884.497	8.127712e-05
5884.979	7.987727e-05
5885.461	7.847905e-05
5885.944	7.717872e-05
5886.426	7.588085e-05
5886.908	7.468264e-05
5887.390	7.359187e-05
5887.867	7.250359e-05
5888.349	7.150316e-05
5888.831	7.060308e-05
5889.314	6.980250e-05
5889.796	6.900222e-05
5890.278	6.830200e-05
5890.760	6.770213e-05
5891.247	6.719656e-05
5891.729	6.669723e-05
5892.211	6.629741e-05
5892.694	6.599881e-05
5893.176	6.579988e-05
5893.658	6.560002e-05
5894.140	6.559972e-05
5894.617	6.559972e-05
5895.099	6.569888e-05
5895.581	6.579839e-05
5896.064	6.609622e-05
5896.546	6.639643e-05
5897.028	6.679496e-05
5897.510	6.729384e-05
5897.997	6.789933e-05
5898.479	6.849890e-05
5898.961	6.920795e-05
5899.444	7.000925e-05
5899.926	7.090904e-05
5900.408	7.181069e-05
5900.890	7.281101e-05
5901.367	7.390014e-05
5901.849	7.510013e-05
5902.331	7.630012e-05
5902.814	7.759961e-05
5903.296	7.889996e-05
5903.778	8.029980e-05
5904.260	8.169965e-05
5904.747	8.321982e-05
5905.229	8.472135e-05
5905.711	8.631972e-05
5906.194	8.781992e-05
5906.676	8.932145e-05
5907.158	9.091983e-05
5907.640	9.242003e-05
5908.117	9.390474e-05
5908.599	9.540409e-05
5909.081	9.690370e-05
5909.564	9.820779e-05
5910.046	9.950846e-05
5910.528	1.010057e-04
5911.010	1.020059e-04
5911.497	1.030164e-04
5911.979	1.040165e-04
5912.461	1.050004e-04
5912.944	1.050167e-04
5913.426	1.059997e-04
5913.908	1.060157e-04
5914.390	1.069983e-04
5914.867	1.069998e-04
5915.349	1.069998e-04
5915.831	1.069998e-04
5916.314	1.069998e-04
5916.796	1.060115e-04
5917.278	1.059997e-04
5917.760	1.050122e-04
5918.247	1.040017e-04
5918.729	1.030016e-04
5919.211	1.019985e-04
5919.694	1.009981e-04
5920.176	9.979797e-05
5920.658	9.849833e-05
5921.140	9.709749e-05
5921.617	9.561362e-05
5922.099	9.401396e-05
5922.581	9.241425e-05
5923.064	9.081455e-05
5923.546	8.911539e-05
5924.028	8.740289e-05
5924.510	8.560261e-05
5924.997	8.378518e-05
5925.479	8.208424e-05
5925.961	8.028383e-05
5926.444	7.848427e-05
5926.926	7.668475e-05
5927.408	7.498381e-05
5927.890	7.318513e-05
5928.367	7.150262e-05
5928.849	6.980257e-05
5929.331	6.821693e-05
5929.814	6.661653e-05
5930.296	6.501682e-05
5930.778	6.341627e-05
5931.260	6.191587e-05
5931.747	6.040005e-05
5932.229	5.900020e-05
5932.711	5.760036e-05
5933.194	5.619965e-05
5933.676	5.490017e-05
5934.158	5.359982e-05
5934.640	5.230033e-05
5935.117	5.109875e-05
5935.599	4.999812e-05
5936.081	4.879842e-05
5936.564	4.779814e-05
5937.046	4.669865e-05
5937.528	4.569851e-05
5938.010	4.469838e-05
5938.497	4.368902e-05
5938.979	4.278924e-05
5939.461	4.189064e-05
5939.944	4.108918e-05
5940.426	4.019067e-05
5940.908	3.939778e-05
5941.390	3.869756e-05
5941.867	3.790554e-05
5942.349	3.720488e-05
5942.831	3.650495e-05
5943.314	3.580503e-05
5943.796	3.520472e-05
5944.278	3.460430e-05
5944.760	3.400473e-05
5945.247	3.339806e-05
5945.729	3.279879e-05
5946.211	3.229840e-05
5946.694	3.169242e-05
5947.176	3.119235e-05
5947.658	3.069376e-05
5948.140	3.029257e-05
5948.617	2.979811e-05
5949.099	2.939795e-05
5949.581	2.889833e-05
5950.064	2.849862e-05
5950.546	2.809805e-05
5951.028	2.769878e-05
5951.510	2.739813e-05
5951.997	2.699577e-05
5952.479	2.669763e-05
5952.961	2.629851e-05
5953.444	2.599829e-05
5953.926	2.569808e-05
5954.408	2.539787e-05
5954.890	2.509852e-05
5955.367	2.480140e-05
5955.849	2.450119e-05
5956.331	2.430089e-05
5956.814	2.400112e-05
5957.296	2.380082e-05
5957.778	2.350106e-05
5958.260	2.329767e-05
5958.747	2.299611e-05
5959.229	2.279625e-05
5959.711	2.259640e-05
5960.194	2.239654e-05
5960.676	2.219669e-05
5961.158	2.199682e-05
5961.640	2.179612e-05
5962.117	2.159833e-05
5962.599	2.139921e-05
5963.081	2.129812e-05
5963.564	2.109827e-05
5964.046	2.090020e-05
5964.528	2.080054e-05
5965.010	2.059999e-05
5965.497	2.049841e-05
5965.979	2.029943e-05
5966.461	2.019819e-05
5966.944	1.999922e-05
5967.426	1.989887e-05
5967.908	1.979848e-05
5968.390	1.959951e-05
5968.867	1.950019e-05
5969.349	1.939983e-05
5969.831	1.930122e-05
5970.314	1.920088e-05
5970.796	1.910137e-05
5971.278	1.900102e-05
5971.760	1.890067e-05
5972.247	1.880012e-05
5972.729	1.869977e-05
5973.211	1.860027e-05
5973.694	1.849991e-05
5974.176	1.840041e-05
5974.658	1.830006e-05
5975.140	1.819970e-05
5975.617	1.819956e-05
5976.099	1.810006e-05
5976.581	1.799984e-05
5977.064	1.799970e-05
5977.546	1.790020e-05
5978.028	1.779984e-05
5978.510	1.769963e-05
5978.997	1.769845e-05
5979.479	1.760013e-05
5979.961	1.759894e-05
5980.444	1.749860e-05
5980.926	1.740028e-05
5981.408	1.739999e-05
5981.890	1.729963e-05
5982.367	1.720116e-05
5982.849	1.720042e-05
5983.331	1.710081e-05
5983.814	1.710007e-05
5984.296	1.700045e-05
5984.778	1.699971e-05
5985.260	1.690095e-05
5985.747	1.689991e-05
5986.229	1.679985e-05
5986.711	1.679955e-05
5987.194	1.670036e-05
5987.676	1.670036e-05
5988.158	1.669887e-05
5988.640	1.660000e-05
5989.117	1.659955e-05
5989.599	1.649964e-05
5990.081	1.649964e-05
5990.564	1.649964e-05
5991.046	1.649920e-05
5991.528	1.640014e-05
5992.010	1.640014e-05
5992.497	1.640014e-05
5992.979	1.639955e-05
5993.461	1.629979e-05
5993.944	1.629979e-05
5994.426	1.629979e-05
5994.908	1.629920e-05
5995.390	1.620029e-05
5995.867	1.620029e-05
5996.349	1.620029e-05
5996.831	1.620029e-05
5997.314	1.620029e-05
5997.796	1.620029e-05
5998.278	1.620029e-05
5998.760	1.620029e-05
5999.247	1.619851e-05
5999.729	1.609993e-05
6000.211	1.609993e-05
6000.694	1.609993e-05
6001.176	1.609993e-05
6001.658	1.609993e-05
6002.140	1.609993e-05
6002.617	1.609993e-05
6003.099	1.609993e-05
6003.581	1.609993e-05
6004.064	1.609993e-05
6004.546	1.609993e-05
6005.028	1.609993e-05
6005.510	1.609993e-05
6005.997	1.599958e-05
6006.479	1.599958e-05
6006.961	1.599958e-05
6007.444	1.599958e-05
6007.926	1.599958e-05
6008.408	1.599958e-05
6008.890	1.599958e-05
6009.367	1.599958e-05
6009.849	1.599958e-05
6010.331	1.599958e-05
6010.814	1.599958e-05
6011.296	1.599958e-05
6011.778	1.599958e-05
6012.260	1.599958e-05
6012.747	1.599958e-05
6013.229	1.599958e-05
6013.711	1.599958e-05
6014.194	1.599958e-05
6014.676	1.599958e-05
6015.158	1.599958e-05
6015.640	1.599958e-05
6016.117	1.599958e-05
6016.599	1.599958e-05
6017.081	1.599958e-05
6017.564	1.599958e-05
6018.046	1.599958e-05
6018.528	1.599958e-05
6019.010	1.599958e-05
6019.497	1.599958e-05
6019.979	1.599958e-05
6020.461	1.599958e-05
6020.944	1.599958e-05
6021.426	1.599958e-05
6021.908	1.599958e-05
6022.390	1.599958e-05
6022.867	1.599958e-05
6023.349	1.599958e-05
6023.831	1.599958e-05
6024.314	1.599958e-05
6024.796	1.599958e-05
6025.278	1.599958e-05
6025.760	1.599958e-05
6026.247	1.599958e-05
6026.729	1.599958e-05
6027.211	1.599958e-05
6027.694	1.599958e-05
6028.176	1.599958e-05
6028.658	1.599958e-05
6029.140	1.599958e-05
6029.617	1.599958e-05
6030.099	1.599958e-05
6030.581	1.599958e-05
6031.064	1.599958e-05
6031.546	1.599958e-05
6032.028	1.599958e-05
6032.510	1.599958e-05
6032.997	1.599958e-05
6033.479	1.599958e-05
6033.961	1.599958e-05
6034.444	1.599958e-05
6034.926	1.599958e-05
6035.408	1.599958e-05
6035.890	1.599958e-05
6036.367	1.599958e-05
6036.849	1.599958e-05
6037.331	1.599958e-05
6037.814	1.599958e-05
6038.296	1.599958e-05
6038.778	1.599958e-05
6039.260	1.599958e-05
6039.747	1.599958e-05
6040.229	1.599958e-05
6040.711	1.599958e-05
6041.194	1.599958e-05
6041.676	1.599958e-05
6042.158	1.599958e-05
6042.640	1.599958e-05
6043.117	1.599958e-05
6043.599	1.599958e-05
6044.081	1.599958e-05
6044.564	1.599958e-05
6045.046	1.599958e-05
6045.528	1.599958e-05
6046.010	1.599958e-05
6046.497	1.599958e-05
6046.979	1.599958e-05
6047.461	1.599958e-05
6047.944	1.599869e-05
6048.426	1.590008e-05
6048.908	1.590008e-05
6049.390	1.590008e-05
6049.867	1.590008e-05
6050.349	1.590008e-05
6050.831	1.590008e-05
6051.314	1.590008e-05
6051.796	1.590008e-05
6052.278	1.590008e-05
6052.760	1.590008e-05
6053.247	1.590008e-05
6053.729	1.590008e-05
6054.211	1.590008e-05
6054.694	1.590008e-05
6055.176	1.579972e-05
6055.658	1.579972e-05
6056.140	1.579972e-05
6056.617	1.579972e-05
6057.099	1.579972e-05
6057.581	1.579972e-05
6058.064	1.579958e-05
6058.546	1.570022e-05
6059.028	1.570022e-05
6059.510	1.570022e-05
6059.997	1.570022e-05
6060.479	1.569903e-05
6060.961	1.559986e-05
6061.444	1.559986e-05
6061.926	1.559986e-05
6062.408	1.559958e-05
6062.890	1.550037e-05
6063.367	1.550037e-05
6063.849	1.550037e-05
6064.331	1.550037e-05
6064.814	1.540075e-05
6065.296	1.540001e-05
6065.778	1.540001e-05
6066.260	1.540001e-05
6066.747	1.529965e-05
6067.229	1.529965e-05
6067.711	1.529965e-05
6068.194	1.529818e-05
6068.676	1.520015e-05
6069.158	1.520015e-05
6069.640	1.519867e-05
6070.117	1.509980e-05
6070.599	1.509980e-05
6071.081	1.509936e-05
6071.564	1.500030e-05
6072.046	1.500030e-05
6072.528	1.500030e-05
6073.010	1.499985e-05
6073.497	1.489994e-05
6073.979	1.489935e-05
6074.461	1.479959e-05
6074.944	1.479959e-05
6075.426	1.479900e-05
6075.908	1.470009e-05
6076.390	1.469950e-05
6076.867	1.460018e-05
6077.349	1.459973e-05
6077.831	1.459973e-05
6078.314	1.450067e-05
6078.796	1.450023e-05
6079.278	1.440032e-05
6079.760	1.439987e-05
6080.247	1.439811e-05
6080.729	1.430038e-05
6081.211	1.429859e-05
6081.694	1.420002e-05
6082.176	1.419824e-05
6082.658	1.409966e-05
6083.140	1.409966e-05
6083.617	1.409892e-05
6084.099	1.400016e-05
6084.581	1.399942e-05
6085.064	1.389981e-05
6085.546	1.389981e-05
6086.028	1.389981e-05
6086.510	1.380046e-05
6086.997	1.379942e-05
6087.479	1.369995e-05
6087.961	1.369995e-05
6088.444	1.369906e-05
6088.926	1.359960e-05
6089.408	1.359871e-05
6089.890	1.350010e-05
6090.367	1.350010e-05
6090.849	1.350010e-05
6091.331	1.340078e-05
6091.814	1.339974e-05
6092.296	1.339974e-05
6092.778	1.330128e-05
6093.260	1.330024e-05
6093.747	1.319989e-05
6094.229	1.319989e-05
6094.711	1.319989e-05
6095.194	1.310039e-05
6095.676	1.310039e-05
6096.158	1.300003e-05
6096.640	1.300003e-05
6097.117	1.299988e-05
6097.599	1.289967e-05
6098.081	1.289967e-05
6098.564	1.289967e-05
6099.046	1.289953e-05
6099.528	1.280017e-05
6100.010	1.280017e-05
6100.497	1.279898e-05
6100.979	1.269982e-05
6101.461	1.269982e-05
6101.944	1.269864e-05
6102.426	1.260032e-05
6102.908	1.260032e-05
6103.390	1.260003e-05
6103.867	1.250071e-05
6104.349	1.249996e-05
6104.831	1.249996e-05
6105.314	1.249996e-05
6105.796	1.240035e-05
6106.278	1.239961e-05
6106.760	1.239961e-05
6107.247	1.239931e-05
6107.729	1.230011e-05
6108.211	1.230011e-05
6108.694	1.230011e-05
6109.176	1.229863e-05
6109.658	1.219975e-05
6110.140	1.219975e-05
6110.617	1.219931e-05
6111.099	1.210025e-05
6111.581	1.210025e-05
6112.064	1.210025e-05
6112.546	1.210025e-05
6113.028	1.209981e-05
6113.510	1.199990e-05
6113.997	1.199990e-05
6114.479	1.199990e-05
6114.961	1.199931e-05
6115.444	1.190040e-05
6115.926	1.190040e-05
6116.408	1.190040e-05
6116.890	1.189981e-05
6117.367	1.180049e-05
6117.849	1.180004e-05
6118.331	1.180004e-05
6118.814	1.180004e-05
6119.296	1.180004e-05
6119.778	1.180004e-05
6120.260	1.169968e-05
6120.747	1.169968e-05
6121.229	1.169968e-05
6121.711	1.169968e-05
6122.194	1.169792e-05
6122.676	1.160019e-05
6123.158	1.160019e-05
6123.640	1.160019e-05
6124.117	1.160019e-05
6124.599	1.159944e-05
6125.081	1.149983e-05
6125.564	1.149983e-05
6126.046	1.149983e-05
6126.528	1.149983e-05
6127.010	1.149983e-05
6127.497	1.149895e-05
6127.979	1.140033e-05
6128.461	1.140033e-05
6128.944	1.140033e-05
6129.426	1.140033e-05
6129.908	1.139944e-05
6130.390	1.129997e-05
6130.867	1.129997e-05
6131.349	1.129997e-05
6131.831	1.129997e-05
6132.314	1.129997e-05
6132.796	1.129997e-05
6133.278	1.129997e-05
6133.760	1.120066e-05
6134.247	1.119962e-05
6134.729	1.119962e-05
6135.211	1.119962e-05
6135.694	1.119962e-05
6136.176	1.110012e-05
6136.658	1.110012e-05
6137.140	1.110012e-05
6137.617	1.110012e-05
6138.099	1.110012e-05
6138.581	1.110012e-05
6139.064	1.110012e-05
6139.546	1.110012e-05
6140.028	1.109997e-05
6140.510	1.099976e-05
6140.987	1.099976e-05
6141.469	1.099976e-05
6141.951	1.099976e-05
6142.434	1.099976e-05
6142.916	1.099976e-05
6143.398	1.099976e-05
6143.880	1.090204e-05
6144.367	1.090026e-05
6144.849	1.090026e-05
6145.331	1.090026e-05
6145.814	1.090026e-05
6146.296	1.090026e-05
6146.778	1.090026e-05
6147.260	1.090026e-05
6147.737	1.090026e-05
6148.219	1.080169e-05
6148.701	1.079991e-05
6149.184	1.079991e-05
6149.666	1.079991e-05
6150.148	1.079991e-05
6150.630	1.079991e-05
6151.117	1.079946e-05
6151.599	1.070041e-05
6152.081	1.070041e-05
6152.564	1.070041e-05
6153.046	1.070041e-05
6153.528	1.070041e-05
6154.010	1.070041e-05
6154.487	1.070041e-05
6154.969	1.070041e-05
6155.451	1.070041e-05
6155.934	1.070041e-05
6156.416	1.070041e-05
6156.898	1.060154e-05
6157.380	1.060005e-05
6157.867	1.060005e-05
6158.349	1.060005e-05
6158.831	1.060005e-05
6159.314	1.060005e-05
6159.796	1.060005e-05
6160.278	1.060005e-05
6160.760	1.060005e-05
6161.237	1.060005e-05
6161.719	1.060005e-05
6162.201	1.060005e-05
6162.684	1.060005e-05
6163.166	1.049999e-05
6163.648	1.049969e-05
6164.130	1.049969e-05
6164.617	1.049969e-05
6165.099	1.049969e-05
6165.581	1.049969e-05
6166.064	1.049969e-05
6166.546	1.049969e-05
6167.028	1.049969e-05
6167.510	1.049969e-05
6167.987	1.049969e-05
6168.469	1.049969e-05
6168.951	1.049969e-05
6169.434	1.049969e-05
6169.916	1.040138e-05
6170.398	1.040020e-05
6170.880	1.040020e-05
6171.367	1.040020e-05
6171.849	1.040020e-05
6172.331	1.040020e-05
6172.814	1.040020e-05
6173.296	1.040020e-05
6173.778	1.040020e-05
6174.260	1.040020e-05
6174.737	1.040020e-05
6175.219	1.040020e-05
6175.701	1.040020e-05
6176.184	1.040020e-05
6176.666	1.040020e-05
6177.148	1.040020e-05
6177.630	1.029984e-05
6178.117	1.029984e-05
6178.599	1.029984e-05
6179.081	1.029984e-05
6179.564	1.029984e-05
6180.046	1.029984e-05
6180.528	1.029984e-05
6181.010	1.029984e-05
6181.487	1.029984e-05
6181.969	1.029984e-05
6182.451	1.029984e-05
6182.934	1.029984e-05
6183.416	1.029984e-05
6183.898	1.020210e-05
6184.380	1.020034e-05
6184.867	1.020034e-05
6185.349	1.020034e-05
6185.831	1.020034e-05
6186.314	1.020034e-05
6186.796	1.020034e-05
6187.278	1.020034e-05
6187.760	1.020034e-05
6188.237	1.020034e-05
6188.719	1.020034e-05
6189.201	1.020034e-05
6189.684	1.020034e-05
6190.166	1.020034e-05
6190.648	1.020034e-05
6191.130	1.020034e-05
6191.617	1.020034e-05
6192.099	1.020034e-05
6192.581	1.020034e-05
6193.064	1.020034e-05
6193.546	1.020034e-05
6194.028	1.020034e-05
6194.510	1.020034e-05
6194.987	1.020034e-05
6195.469	1.020034e-05
6195.951	1.020034e-05
6196.434	1.020034e-05
6196.916	1.010147e-05
6197.398	1.009998e-05
6197.880	1.009998e-05
6198.367	1.009998e-05
6198.849	1.009998e-05
6199.331	1.009998e-05
6199.814	1.009998e-05
6200.296	1.009998e-05
6200.778	1.009998e-05
6201.260	1.009998e-05
6201.737	1.009998e-05
6202.219	1.009998e-05
6202.701	1.009998e-05
6203.184	1.009998e-05
6203.666	1.009998e-05
6204.148	1.009998e-05
6204.630	1.009998e-05
6205.117	1.009998e-05
6205.599	1.009998e-05
6206.081	1.009998e-05
6206.564	1.009998e-05
6207.046	1.009998e-05
6207.528	1.009998e-05
6208.010	1.009998e-05
6208.487	1.000082e-05
6208.969	9.999627e-06
6209.451	9.999627e-06
6209.934	9.999627e-06
6210.416	9.999627e-06
6210.898	9.999627e-06
6211.380	9.999627e-06
6211.867	9.999627e-06
6212.349	9.990206e-06
6212.831	9.990192e-06
6213.314	9.990192e-06
6213.796	9.990192e-06
6214.278	9.990192e-06
6214.760	9.990192e-06
6215.237	9.990192e-06
6215.719	9.979899e-06
6216.201	9.979899e-06
6216.684	9.969606e-06
6217.166	9.960171e-06
6217.648	9.960171e-06
6218.130	9.960171e-06
6218.617	9.949878e-06
6219.099	9.949893e-06
6219.581	9.960171e-06
6220.064	9.960171e-06
6220.546	9.960171e-06
6221.028	9.960171e-06
6221.510	9.960171e-06
6221.987	9.960171e-06
6222.469	9.960171e-06
6222.951	9.949969e-06
6223.434	9.939676e-06
6223.916	9.939585e-06
6224.398	9.930317e-06
6224.880	9.930150e-06
6225.367	9.930150e-06
6225.849	9.930150e-06
6226.331	9.939515e-06
6226.814	9.939585e-06
6227.296	9.939585e-06
6227.778	9.949801e-06
6228.260	9.949878e-06
6228.737	9.949878e-06
6229.219	9.949878e-06
6229.701	9.949878e-06
6230.184	9.949878e-06
6230.666	9.939646e-06
6231.148	9.939585e-06
6231.630	9.939585e-06
6232.117	9.939631e-06
6232.599	9.949878e-06
6233.081	9.949924e-06
6233.564	9.960213e-06
6234.046	9.969606e-06
6234.528	9.969606e-06
6235.010	9.969606e-06
6235.487	9.969606e-06
6235.969	9.969606e-06
6236.451	9.969606e-06
6236.934	9.960311e-06
6237.416	9.960171e-06
6237.898	9.960171e-06
6238.380	9.950031e-06
6238.867	9.949878e-06
6239.349	9.949878e-06
6239.831	9.960125e-06
6240.314	9.960171e-06
6240.796	9.969564e-06
6241.278	9.969606e-06
6241.760	9.969606e-06
6242.237	9.969606e-06
6242.719	9.969606e-06
6243.201	9.969606e-06
6243.684	9.960199e-06
6244.166	9.960171e-06
6244.648	9.960171e-06
6245.130	9.960171e-06
6245.617	9.960171e-06
6246.099	9.960241e-06
6246.581	9.969683e-06
6247.064	9.979899e-06
6247.546	9.979899e-06
6248.028	9.990176e-06
6248.510	9.999613e-06
6248.987	9.999627e-06
6249.469	9.999627e-06
6249.951	9.999627e-06
6250.434	9.999627e-06
6250.916	9.999627e-06
6251.398	9.999627e-06
6251.880	9.999627e-06
6252.367	9.999627e-06
6252.849	9.999627e-06
6253.331	9.999627e-06
6253.814	9.999627e-06
6254.296	9.999627e-06
6254.778	9.999627e-06
6255.260	9.999627e-06
6255.737	9.999627e-06
6256.219	9.999627e-06
6256.701	9.999627e-06
6257.184	9.999627e-06
6257.666	9.999627e-06
6258.148	9.999627e-06
6258.630	9.999627e-06
6259.117	9.999627e-06
6259.599	9.999627e-06
6260.081	9.999627e-06
6260.564	9.999627e-06
6261.046	9.999627e-06
6261.528	9.999627e-06
6262.010	9.999627e-06
6262.487	9.999627e-06
6262.969	9.999627e-06
6263.451	9.999627e-06
6263.934	9.999627e-06
6264.416	9.999627e-06
6264.898	9.999627e-06
6265.380	9.999627e-06
6265.867	9.999627e-06
6266.349	9.999627e-06
6266.831	1.009924e-05
6267.314	1.009998e-05
6267.796	1.009998e-05
6268.278	1.009998e-05
6268.760	1.009998e-05
6269.237	1.009998e-05
6269.719	1.009998e-05
6270.201	1.009998e-05
6270.684	1.009998e-05
6271.166	1.009998e-05
6271.648	1.009998e-05
6272.130	1.009998e-05
6272.617	1.009998e-05
6273.099	1.009998e-05
6273.581	1.009998e-05
6274.064	1.009998e-05
6274.546	1.009998e-05
6275.028	1.009998e-05
6275.510	1.009998e-05
6275.987	1.009998e-05
6276.469	1.009998e-05
6276.951	1.009998e-05
6277.434	1.009998e-05
6277.916	1.009998e-05
6278.398	1.009998e-05
6278.880	1.009998e-05
6279.367	1.019989e-05
6279.849	1.020034e-05
6280.331	1.020034e-05
6280.814	1.020034e-05
6281.296	1.020034e-05
6281.778	1.020034e-05
6282.260	1.020034e-05
6282.737	1.020034e-05
6283.219	1.020034e-05
6283.701	1.020034e-05
6284.184	1.020034e-05
6284.666	1.020034e-05
6285.148	1.020034e-05
6285.630	1.020034e-05
6286.117	1.020034e-05
6286.599	1.020034e-05
6287.081	1.020034e-05
6287.564	1.020034e-05
6288.046	1.020034e-05
6288.528	1.020034e-05
6289.010	1.020034e-05
6289.487	1.020034e-05
6289.969	1.020034e-05
6290.451	1.020034e-05
6290.934	1.020034e-05
6291.416	1.020034e-05
6291.898	1.020034e-05
6292.380	1.020034e-05
6292.867	1.020034e-05
6293.349	1.020034e-05
6293.831	1.029984e-05
6294.314	1.029984e-05
6294.796	1.029984e-05
6295.278	1.029984e-05
6295.760	1.029984e-05
6296.237	1.029984e-05
6296.719	1.029984e-05
6297.201	1.029984e-05
6297.684	1.029984e-05
6298.166	1.029984e-05
6298.648	1.029984e-05
6299.130	1.029984e-05
6299.617	1.029984e-05
6300.099	1.029984e-05
6300.581	1.029984e-05
6301.064	1.029984e-05
6301.546	1.029984e-05
6302.028	1.029984e-05
6302.510	1.029998e-05
6302.987	1.039930e-05
6303.469	1.040020e-05
6303.951	1.040020e-05
6304.434	1.040020e-05
6304.916	1.040020e-05
6305.398	1.040020e-05
6305.880	1.040020e-05
6306.367	1.040020e-05
6306.849	1.040020e-05
6307.331	1.040020e-05
6307.814	1.040020e-05
6308.296	1.049896e-05
6308.778	1.049969e-05
6309.260	1.049969e-05
6309.737	1.049969e-05
6310.219	1.049969e-05
6310.701	1.049969e-05
6311.184	1.049969e-05
6311.666	1.049969e-05
6312.148	1.049969e-05
6312.630	1.049969e-05
6313.117	1.049969e-05
6313.599	1.049969e-05
6314.081	1.050014e-05
6314.564	1.060005e-05
6315.046	1.060005e-05
6315.528	1.060005e-05
6316.010	1.060005e-05
6316.487	1.060005e-05
6316.969	1.060005e-05
6317.451	1.060005e-05
6317.934	1.060005e-05
6318.416	1.060005e-05
6318.898	1.060005e-05
6319.380	1.060005e-05
6319.867	1.060005e-05
6320.349	1.069996e-05
6320.831	1.070041e-05
6321.314	1.070041e-05
6321.796	1.070041e-05
6322.278	1.070041e-05
6322.760	1.070041e-05
6323.237	1.070041e-05
6323.719	1.070041e-05
6324.201	1.070041e-05
6324.684	1.070041e-05
6325.166	1.079961e-05
6325.648	1.079991e-05
6326.130	1.079991e-05
6326.617	1.079991e-05
6327.099	1.079991e-05
6327.581	1.079991e-05
6328.064	1.079991e-05
6328.546	1.079991e-05
6329.028	1.079991e-05
6329.510	1.079991e-05
6329.987	1.079991e-05
6330.469	1.089907e-05
6330.951	1.090026e-05
6331.434	1.090026e-05
6331.916	1.090026e-05
6332.398	1.090026e-05
6332.880	1.090026e-05
6333.367	1.090026e-05
6333.849	1.090026e-05
6334.331	1.090129e-05
6334.814	1.099976e-05
6335.296	1.099976e-05
6335.778	1.099976e-05
6336.260	1.099976e-05
6336.737	1.099976e-05
6337.219	1.099976e-05
6337.701	1.110012e-05
6338.184	1.110012e-05
6338.666	1.110012e-05
6339.148	1.110012e-05
6339.630	1.110012e-05
6340.117	1.110012e-05
6340.599	1.110012e-05
6341.081	1.110026e-05
6341.564	1.119962e-05
6342.046	1.119962e-05
6342.528	1.119962e-05
6343.010	1.119962e-05
6343.487	1.119962e-05
6343.969	1.119962e-05
6344.451	1.119962e-05
6344.934	1.119962e-05
6345.416	1.129908e-05
6345.898	1.129997e-05
6346.380	1.129997e-05
6346.867	1.129997e-05
6347.349	1.129997e-05
6347.831	1.129997e-05
6348.314	1.129997e-05
6348.796	1.130131e-05
6349.278	1.140033e-05
6349.760	1.140033e-05
6350.237	1.140033e-05
6350.719	1.140033e-05
6351.201	1.140033e-05
6351.684	1.140033e-05
6352.166	1.140033e-05
6352.648	1.140033e-05
6353.130	1.140033e-05
6353.617	1.149983e-05
6354.099	1.149983e-05
6354.581	1.149983e-05
6355.064	1.149983e-05
6355.546	1.149983e-05
6356.028	1.150027e-05
6356.510	1.160019e-05
6356.987	1.160019e-05
6357.469	1.160019e-05
6357.951	1.160019e-05
6358.434	1.160019e-05
6358.916	1.160019e-05
6359.398	1.169821e-05
6359.880	1.169968e-05
6360.367	1.169968e-05
6360.849	1.169968e-05
6361.331	1.169968e-05
6361.814	1.179960e-05
6362.296	1.180004e-05
6362.778	1.180004e-05
6363.260	1.180078e-05
6363.737	1.190010e-05
6364.219	1.190040e-05
6364.701	1.190040e-05
6365.184	1.190040e-05
6365.666	1.190040e-05
6366.148	1.199960e-05
6366.630	1.199990e-05
6367.117	1.199990e-05
6367.599	1.200064e-05
6368.081	1.210025e-05
6368.564	1.210025e-05
6369.046	1.210025e-05
6369.528	1.210025e-05
6370.010	1.219960e-05
6370.487	1.219975e-05
6370.969	1.219975e-05
6371.451	1.219975e-05
6371.934	1.219975e-05
6372.416	1.229892e-05
6372.898	1.230011e-05
6373.380	1.230011e-05
6373.867	1.230011e-05
6374.349	1.239946e-05
6374.831	1.239961e-05
6375.314	1.239961e-05
6375.796	1.240064e-05
6376.278	1.249996e-05
6376.760	1.249996e-05
6377.237	1.249996e-05
6377.719	1.249996e-05
6378.201	1.249996e-05
6378.684	1.260032e-05
6379.166	1.260032e-05
6379.648	1.260032e-05
6380.130	1.260032e-05
6380.617	1.260046e-05
6381.099	1.269982e-05
6381.581	1.269982e-05
6382.064	1.269982e-05
6382.546	1.269996e-05
6383.028	1.280017e-05
6383.510	1.280017e-05
6383.987	1.280017e-05
6384.469	1.280017e-05
6384.951	1.289879e-05
6385.434	1.289967e-05
6385.916	1.289967e-05
6386.398	1.289967e-05
6386.880	1.289996e-05
6387.367	1.300003e-05
6387.849	1.300003e-05
6388.331	1.300003e-05
6388.814	1.300137e-05
6389.296	1.310039e-05
6389.778	1.310039e-05
6390.260	1.310039e-05
6390.737	1.310068e-05
6391.219	1.319989e-05
6391.701	1.319989e-05
6392.184	1.319989e-05
6392.666	1.319989e-05
6393.148	1.319989e-05
6393.630	1.319989e-05
6394.117	1.330024e-05
6394.599	1.330024e-05
6395.081	1.330024e-05
6395.564	1.330068e-05
6396.046	1.339974e-05
6396.528	1.339974e-05
6397.010	1.339974e-05
6397.487	1.339974e-05
6397.969	1.349862e-05
6398.451	1.350010e-05
6398.934	1.350010e-05
6399.416	1.350010e-05
6399.898	1.350010e-05
6400.380	1.359812e-05
6400.867	1.359960e-05
6401.349	1.359960e-05
6401.831	1.359960e-05
6402.314	1.369951e-05
6402.796	1.369995e-05
6403.278	1.369995e-05
6403.760	1.370069e-05
6404.237	1.380001e-05
6404.719	1.380031e-05
6405.201	1.380031e-05
6405.684	1.380031e-05
6406.166	1.380031e-05
6406.648	1.389951e-05
6407.130	1.389981e-05
6407.617	1.389981e-05
6408.099	1.390055e-05
6408.581	1.400016e-05
6409.064	1.400016e-05
6409.546	1.400016e-05
6410.028	1.400016e-05
6410.510	1.400016e-05
6410.987	1.409848e-05
6411.469	1.409966e-05
6411.951	1.409966e-05
6412.434	1.409966e-05
6412.916	1.409966e-05
6413.398	1.409966e-05
6413.880	1.419883e-05
6414.367	1.420002e-05
6414.849	1.420002e-05
6415.331	1.420106e-05
6415.814	1.430038e-05
6416.296	1.430038e-05
6416.778	1.430038e-05
6417.260	1.430038e-05
6417.737	1.430038e-05
6418.219	1.430038e-05
6418.701	1.439987e-05
6419.184	1.439987e-05
6419.666	1.439987e-05
6420.148	1.439987e-05
6420.630	1.439987e-05
6421.117	1.440002e-05
6421.599	1.450023e-05
6422.081	1.450023e-05
6422.564	1.450023e-05
6423.046	1.450023e-05
6423.528	1.450038e-05
6424.010	1.459973e-05
6424.487	1.459973e-05
6424.969	1.459973e-05
6425.451	1.459973e-05
6425.934	1.459973e-05
6426.416	1.459973e-05
6426.898	1.470009e-05
6427.380	1.470009e-05
6427.867	1.470009e-05
6428.349	1.470009e-05
6428.831	1.470009e-05
6429.314	1.470141e-05
6429.796	1.479959e-05
6430.278	1.479959e-05
6430.760	1.479959e-05
6431.237	1.479959e-05
6431.719	1.479989e-05
6432.201	1.489994e-05
6432.684	1.489994e-05
6433.166	1.489994e-05
6433.648	1.489994e-05
6434.130	1.489994e-05
6434.617	1.490039e-05
6435.099	1.500030e-05
6435.581	1.500030e-05
6436.064	1.500030e-05
6436.546	1.500030e-05
6437.028	1.500074e-05
6437.510	1.509980e-05
6437.987	1.509980e-05
6438.469	1.509980e-05
6438.951	1.509980e-05
6439.434	1.509980e-05
6439.916	1.509980e-05
6440.398	1.509980e-05
6440.880	1.519866e-05
6441.367	1.520015e-05
6441.849	1.520015e-05
6442.331	1.520015e-05
6442.814	1.520015e-05
6443.296	1.520015e-05
6443.778	1.520015e-05
6444.260	1.520088e-05
6444.737	1.529936e-05
6445.219	1.529965e-05
6445.701	1.529965e-05
6446.184	1.529965e-05
6446.666	1.529965e-05
6447.148	1.529965e-05
6447.630	1.529965e-05
6448.117	1.529965e-05
6448.599	1.529965e-05
6449.081	1.529965e-05
6449.564	1.530039e-05
6450.046	1.539986e-05
6450.528	1.540001e-05
6451.010	1.540001e-05
6451.487	1.540001e-05
6451.969	1.540001e-05
6452.451	1.540001e-05
6452.934	1.540001e-05
6453.416	1.540001e-05
6453.898	1.540001e-05
6454.380	1.540001e-05
6454.867	1.540001e-05
6455.349	1.540001e-05
6455.831	1.540001e-05
6456.314	1.540001e-05
6456.796	1.540105e-05
6457.278	1.550037e-05
6457.760	1.550037e-05
6458.237	1.550037e-05
6458.719	1.550037e-05
6459.201	1.550037e-05
6459.684	1.550037e-05
6460.166	1.550037e-05
6460.648	1.550037e-05
6461.130	1.550037e-05
6461.617	1.550037e-05
6462.099	1.550037e-05
6462.581	1.550037e-05
6463.064	1.550037e-05
6463.546	1.550037e-05
6464.028	1.550037e-05
6464.510	1.550051e-05
6464.987	1.559898e-05
6465.469	1.559986e-05
6465.951	1.559986e-05
6466.434	1.559986e-05
6466.916	1.559986e-05
6467.398	1.559986e-05
6467.880	1.559986e-05
6468.367	1.559986e-05
6468.849	1.560120e-05
6469.331	1.570022e-05
6469.814	1.570022e-05
6470.296	1.570022e-05
6470.778	1.570022e-05
6471.260	1.570022e-05
6471.737	1.570052e-05
6472.219	1.579972e-05
6472.701	1.579972e-05
6473.184	1.579972e-05
6473.666	1.579972e-05
6474.148	1.579972e-05
6474.630	1.579972e-05
6475.117	1.579972e-05
6475.599	1.579972e-05
6476.081	1.579972e-05
6476.564	1.579972e-05
6477.046	1.580017e-05
6477.528	1.590008e-05
6478.010	1.590008e-05
6478.487	1.590008e-05
6478.969	1.590008e-05
6479.451	1.590008e-05
6479.934	1.590008e-05
6480.416	1.590008e-05
6480.898	1.590008e-05
6481.380	1.590008e-05
6481.867	1.590008e-05
6482.349	1.590008e-05
6482.831	1.590008e-05
6483.314	1.590008e-05
6483.796	1.590008e-05
6484.278	1.590008e-05
6484.760	1.590008e-05
6485.237	1.590008e-05
6485.719	1.590008e-05
6486.201	1.590008e-05
6486.684	1.590008e-05
6487.166	1.590008e-05
6487.648	1.590008e-05
6488.130	1.590008e-05
6488.617	1.590008e-05
6489.099	1.590008e-05
6489.581	1.590008e-05
6490.064	1.590008e-05
6490.546	1.590008e-05
6491.028	1.590008e-05
6491.510	1.599942e-05
6491.987	1.599958e-05
6492.469	1.599958e-05
6492.951	1.599958e-05
6493.434	1.599958e-05
6493.916	1.599958e-05
6494.398	1.599958e-05
6494.880	1.599958e-05
6495.367	1.599958e-05
6495.849	1.599958e-05
6496.331	1.599958e-05
6496.814	1.599958e-05
6497.296	1.599958e-05
6497.778	1.599958e-05
6498.260	1.599958e-05
6498.737	1.599958e-05
6499.219	1.599958e-05
6499.701	1.599958e-05
6500.184	1.599958e-05
6500.666	1.599958e-05
6501.148	1.599958e-05
6501.630	1.599958e-05
6502.117	1.599958e-05
6502.599	1.599958e-05
6503.081	1.599958e-05
6503.564	1.599958e-05
6504.046	1.599958e-05
6504.528	1.599958e-05
6505.010	1.599958e-05
6505.487	1.599958e-05
6505.969	1.599958e-05
6506.451	1.599958e-05
6506.934	1.599958e-05
6507.416	1.599958e-05
6507.898	1.599958e-05
6508.380	1.599958e-05
6508.867	1.599958e-05
6509.349	1.599958e-05
6509.831	1.599958e-05
6510.314	1.599958e-05
6510.796	1.599958e-05
6511.278	1.599958e-05
6511.760	1.599958e-05
6512.237	1.599988e-05
6512.719	1.609993e-05
6513.201	1.609993e-05
6513.684	1.609993e-05
6514.166	1.609993e-05
6514.648	1.609993e-05
6515.130	1.609993e-05
6515.617	1.609993e-05
6516.099	1.609993e-05
6516.581	1.609993e-05
6517.064	1.609993e-05
6517.546	1.609993e-05
6518.028	1.609993e-05
6518.510	1.609993e-05
6518.987	1.609993e-05
6519.469	1.609993e-05
6519.951	1.609993e-05
6520.434	1.609993e-05
6520.916	1.609993e-05
6521.398	1.619880e-05
6521.880	1.620029e-05
6522.367	1.620029e-05
6522.849	1.620029e-05
6523.331	1.620029e-05
6523.814	1.620029e-05
6524.296	1.620029e-05
6524.778	1.620029e-05
6525.260	1.620029e-05
6525.737	1.620029e-05
6526.219	1.620029e-05
6526.701	1.620029e-05
6527.184	1.620029e-05
6527.666	1.620029e-05
6528.148	1.620029e-05
6528.630	1.620029e-05
6529.117	1.620029e-05
6529.599	1.620029e-05
6530.081	1.620029e-05
6530.564	1.620029e-05
6531.046	1.620029e-05
6531.528	1.620029e-05
6532.010	1.620029e-05
6532.487	1.620029e-05
6532.969	1.620029e-05
6533.451	1.620029e-05
6533.934	1.620029e-05
6534.416	1.620029e-05
6534.898	1.620029e-05
6535.380	1.620029e-05
6535.867	1.620029e-05
6536.349	1.620029e-05
6536.831	1.620029e-05
6537.314	1.620029e-05
6537.796	1.620029e-05
6538.278	1.620029e-05
6538.760	1.620029e-05
6539.237	1.620029e-05
6539.719	1.620029e-05
6540.201	1.620029e-05
6540.684	1.620029e-05
6541.166	1.620029e-05
6541.648	1.620029e-05
6542.130	1.620029e-05
6542.617	1.620029e-05
6543.099	1.620029e-05
6543.581	1.620029e-05
6544.064	1.620029e-05
6544.546	1.620029e-05
6545.028	1.620029e-05
6545.510	1.620029e-05
6545.987	1.620029e-05
6546.469	1.629890e-05
6546.951	1.629979e-05
6547.434	1.629979e-05
6547.916	1.629979e-05
6548.398	1.629979e-05
6548.880	1.629979e-05
6549.367	1.629979e-05
6549.849	1.629979e-05
6550.331	1.629979e-05
6550.814	1.629979e-05
6551.296	1.629979e-05
6551.778	1.629979e-05
6552.260	1.629979e-05
6552.737	1.629979e-05
6553.219	1.629979e-05
6553.701	1.629979e-05
6554.184	1.629979e-05
6554.666	1.629979e-05
6555.148	1.629979e-05
6555.630	1.629979e-05
6556.117	1.629979e-05
6556.599	1.629979e-05
6557.081	1.629979e-05
6557.564	1.629979e-05
6558.046	1.629979e-05
6558.528	1.629979e-05
6559.010	1.629979e-05
6559.487	1.629979e-05
6559.969	1.620029e-05
6560.451	1.620029e-05
6560.934	1.620029e-05
6561.416	1.620029e-05
6561.898	1.620029e-05
6562.380	1.620029e-05
6562.867	1.620029e-05
6563.349	1.620029e-05
6563.831	1.620029e-05
6564.314	1.620029e-05
6564.796	1.620029e-05
6565.278	1.620029e-05
6565.760	1.620029e-05
6566.237	1.620029e-05
6566.719	1.620029e-05
6567.201	1.620029e-05
6567.684	1.620029e-05
6568.166	1.620029e-05
6568.648	1.620029e-05
6569.130	1.620029e-05
6569.617	1.620029e-05
6570.099	1.620029e-05
6570.581	1.620029e-05
6571.064	1.620029e-05
6571.546	1.620029e-05
6572.028	1.620029e-05
6572.510	1.620029e-05
6572.987	1.620029e-05
6573.469	1.620029e-05
6573.951	1.610112e-05
6574.434	1.609993e-05
6574.916	1.609993e-05
6575.398	1.609993e-05
6575.880	1.609993e-05
6576.367	1.609993e-05
6576.849	1.609993e-05
6577.331	1.609993e-05
6577.814	1.609993e-05
6578.296	1.609993e-05
6578.778	1.609993e-05
6579.260	1.609993e-05
6579.737	1.609993e-05
6580.219	1.609993e-05
6580.701	1.609993e-05
6581.184	1.609993e-05
6581.666	1.609993e-05
6582.148	1.609993e-05
6582.630	1.599958e-05
6583.117	1.599958e-05
6583.599	1.599958e-05
6584.081	1.599958e-05
6584.564	1.599958e-05
6585.046	1.599958e-05
6585.528	1.599958e-05
6586.010	1.599958e-05
6586.487	1.599958e-05
6586.969	1.599958e-05
6587.451	1.599958e-05
6587.934	1.599958e-05
6588.416	1.599958e-05
6588.898	1.599958e-05
6589.380	1.599929e-05
6589.867	1.590008e-05
6590.349	1.590008e-05
6590.831	1.590008e-05
6591.314	1.590008e-05
6591.796	1.590008e-05
6592.278	1.590008e-05
6592.760	1.590008e-05
6593.237	1.590008e-05
6593.719	1.590008e-05
6594.201	1.590008e-05
6594.684	1.590008e-05
6595.166	1.590008e-05
6595.648	1.590008e-05
6596.130	1.590008e-05
6596.617	1.590008e-05
6597.099	1.590008e-05
6597.581	1.590008e-05
6598.064	1.590008e-05
6598.546	1.590008e-05
6599.028	1.590008e-05
6599.510	1.590008e-05
6599.987	1.590008e-05
6600.469	1.579972e-05
6600.951	1.579972e-05
6601.434	1.579972e-05
6601.916	1.579972e-05
6602.398	1.579972e-05
6602.880	1.579972e-05
6603.367	1.579972e-05
6603.849	1.579972e-05
6604.331	1.579972e-05
6604.814	1.579972e-05
6605.296	1.579810e-05
6605.778	1.570022e-05
6606.260	1.570022e-05
6606.737	1.570022e-05
6607.219	1.570022e-05
6607.701	1.570022e-05
6608.184	1.570022e-05
6608.666	1.570022e-05
6609.148	1.570022e-05
6609.630	1.570022e-05
6610.117	1.569948e-05
6610.599	1.559986e-05
6611.081	1.559986e-05
6611.564	1.559986e-05
6612.046	1.559986e-05
6612.528	1.559986e-05
6613.010	1.559986e-05
6613.487	1.559986e-05
6613.969	1.550155e-05
6614.451	1.550037e-05
6614.934	1.550037e-05
6615.416	1.550037e-05
6615.898	1.550037e-05
6616.380	1.540120e-05
6616.867	1.540001e-05
6617.349	1.540001e-05
6617.831	1.539897e-05
6618.314	1.529965e-05
6618.796	1.529965e-05
6619.278	1.529965e-05
6619.760	1.529965e-05
6620.237	1.529965e-05
6620.719	1.520015e-05
6621.201	1.520015e-05
6621.684	1.520015e-05
6622.166	1.520015e-05
6622.648	1.509980e-05
6623.130	1.509980e-05
6623.617	1.509980e-05
6624.099	1.509980e-05
6624.581	1.509965e-05
6625.064	1.500030e-05
6625.546	1.500030e-05
6626.028	1.500030e-05
6626.510	1.500030e-05
6626.987	1.500030e-05
6627.469	1.490083e-05
6627.951	1.489994e-05
6628.434	1.489994e-05
6628.916	1.489994e-05
6629.398	1.479959e-05
6629.880	1.479959e-05
6630.367	1.479959e-05
6630.849	1.479826e-05
6631.331	1.470009e-05
6631.814	1.470009e-05
6632.296	1.470009e-05
6632.778	1.470009e-05
6633.260	1.470009e-05
6633.737	1.469979e-05
6634.219	1.459973e-05
6634.701	1.459973e-05
6635.184	1.459973e-05
6635.666	1.459973e-05
6636.148	1.459973e-05
6636.630	1.459973e-05
6637.117	1.450023e-05
6637.599	1.450023e-05
6638.081	1.450023e-05
6638.564	1.450023e-05
6639.046	1.450023e-05
6639.528	1.450023e-05
6640.010	1.450023e-05
6640.487	1.450023e-05
6640.969	1.450023e-05
6641.451	1.450023e-05
6641.934	1.450023e-05
6642.416	1.450023e-05
6642.898	1.450023e-05
6643.380	1.450023e-05
6643.867	1.450023e-05
6644.349	1.450023e-05
6644.831	1.450023e-05
6645.314	1.450023e-05
6645.796	1.450023e-05
6646.278	1.450023e-05
6646.760	1.450023e-05
6647.237	1.450023e-05
6647.719	1.450023e-05
6648.201	1.450023e-05
6648.684	1.450023e-05
6649.166	1.450023e-05
6649.648	1.450023e-05
6650.130	1.450023e-05
6650.617	1.450023e-05
6651.099	1.450023e-05
6651.581	1.450023e-05
6652.064	1.450023e-05
6652.546	1.450023e-05
6653.028	1.440003e-05
6653.510	1.439987e-05
6653.987	1.439987e-05
6654.469	1.439987e-05
6654.951	1.439987e-05
6655.434	1.430156e-05
6655.916	1.430038e-05
6656.398	1.430038e-05
6656.880	1.430038e-05
6657.367	1.420016e-05
6657.849	1.420002e-05
6658.331	1.420002e-05
6658.814	1.420002e-05
6659.296	1.419898e-05
6659.778	1.409966e-05
6660.260	1.409966e-05
6660.737	1.409966e-05
6661.219	1.409966e-05
6661.701	1.400016e-05
6662.184	1.400016e-05
6662.666	1.400016e-05
6663.148	1.400016e-05
6663.630	1.389981e-05
6664.117	1.389981e-05
6664.599	1.389981e-05
6665.081	1.389981e-05
6665.564	1.389966e-05
6666.046	1.380031e-05
6666.528	1.380031e-05
6667.010	1.380031e-05
6667.487	1.380031e-05
6667.969	1.380031e-05
6668.451	1.380031e-05
6668.934	1.370084e-05
6669.416	1.369995e-05
6669.898	1.369995e-05
6670.380	1.369966e-05
6670.867	1.359960e-05
6671.349	1.359960e-05
6671.831	1.359960e-05
6672.314	1.359960e-05
6672.796	1.359960e-05
6673.278	1.359827e-05
6673.760	1.350010e-05
6674.237	1.350010e-05
6674.719	1.350010e-05
6675.201	1.350010e-05
6675.684	1.350010e-05
6676.166	1.350010e-05
6676.648	1.340034e-05
6677.130	1.339974e-05
6677.617	1.339974e-05
6678.099	1.339974e-05
6678.581	1.339974e-05
6679.064	1.339974e-05
6679.546	1.339974e-05
6680.028	1.339974e-05
6680.510	1.339974e-05
6680.987	1.339974e-05
6681.469	1.339974e-05
6681.951	1.339974e-05
6682.434	1.339974e-05
6682.916	1.339974e-05
6683.398	1.339974e-05
6683.880	1.339974e-05
6684.367	1.339812e-05
6684.849	1.330024e-05
6685.331	1.330024e-05
6685.814	1.330186e-05
6686.296	1.339974e-05
6686.778	1.339974e-05
6687.260	1.339974e-05
6687.737	1.339974e-05
6688.219	1.339974e-05
6688.701	1.330054e-05
6689.184	1.330024e-05
6689.666	1.330024e-05
6690.148	1.330024e-05
6690.630	1.330024e-05
6691.117	1.330024e-05
6691.599	1.330024e-05
6692.081	1.330024e-05
6692.564	1.330024e-05
6693.046	1.330024e-05
6693.528	1.330024e-05
6694.010	1.330024e-05
6694.487	1.330024e-05
6694.969	1.330024e-05
6695.451	1.330024e-05
6695.934	1.330024e-05
6696.416	1.330024e-05
6696.898	1.330024e-05
6697.380	1.330024e-05
6697.867	1.339960e-05
6698.349	1.339974e-05
6698.831	1.339974e-05
6699.314	1.339974e-05
6699.796	1.339974e-05
6700.278	1.339974e-05
6700.760	1.339974e-05
6701.237	1.339974e-05
6701.719	1.339974e-05
6702.201	1.339974e-05
6702.684	1.339974e-05
6703.166	1.339974e-05
6703.648	1.339974e-05
6704.130	1.339974e-05
6704.617	1.339989e-05
6705.099	1.350010e-05
6705.581	1.350010e-05
6706.064	1.350010e-05
6706.546	1.350010e-05
6707.028	1.350010e-05
6707.510	1.350010e-05
6707.987	1.350010e-05
6708.469	1.350010e-05
6708.951	1.350010e-05
6709.434	1.350010e-05
6709.916	1.350010e-05
6710.398	1.350010e-05
6710.880	1.350010e-05
6711.367	1.350010e-05
6711.849	1.350010e-05
6712.331	1.350010e-05
6712.814	1.350010e-05
6713.296	1.350010e-05
6713.778	1.350010e-05
6714.260	1.350010e-05
6714.737	1.350010e-05
6715.219	1.350010e-05
6715.701	1.350010e-05
6716.184	1.350010e-05
6716.666	1.350010e-05
6717.148	1.350010e-05
6717.630	1.350010e-05
6718.117	1.350010e-05
6718.599	1.350010e-05
6719.081	1.350054e-05
6719.564	1.359960e-05
6720.046	1.359960e-05
6720.528	1.359960e-05
6721.010	1.359960e-05
6721.487	1.359960e-05
6721.969	1.359960e-05
6722.451	1.359960e-05
6722.934	1.359960e-05
6723.416	1.359960e-05
6723.898	1.359960e-05
6724.380	1.359960e-05
6724.867	1.359960e-05
6725.349	1.359960e-05
6725.831	1.359960e-05
6726.314	1.359960e-05
6726.796	1.359960e-05
6727.278	1.359960e-05
6727.760	1.359960e-05
6728.237	1.359960e-05
6728.719	1.359960e-05
6729.201	1.359960e-05
6729.684	1.359960e-05
6730.166	1.359960e-05
6730.648	1.359960e-05
6731.130	1.359960e-05
6731.617	1.359960e-05
6732.099	1.359960e-05
6732.581	1.359960e-05
6733.064	1.359960e-05
6733.546	1.359960e-05
6734.028	1.369980e-05
6734.510	1.369995e-05
6734.987	1.369995e-05
6735.469	1.369995e-05
6735.951	1.369995e-05
6736.434	1.369995e-05
6736.916	1.369995e-05
6737.398	1.369995e-05
6737.880	1.369995e-05
6738.367	1.369995e-05
6738.849	1.369995e-05
6739.331	1.369995e-05
6739.814	1.369995e-05
6740.296	1.369995e-05
6740.778	1.369995e-05
6741.260	1.369995e-05
6741.737	1.369995e-05
6742.219	1.369995e-05
6742.701	1.369995e-05
6743.184	1.359960e-05
6743.666	1.359960e-05
6744.148	1.359960e-05
6744.630	1.359960e-05
6745.117	1.359960e-05
6745.599	1.359960e-05
6746.081	1.359960e-05
6746.564	1.359960e-05
6747.046	1.359960e-05
6747.528	1.359960e-05
6748.010	1.359960e-05
6748.487	1.359960e-05
6748.969	1.359960e-05
6749.451	1.359960e-05
6749.934	1.359960e-05
6750.416	1.359960e-05
6750.898	1.359960e-05
6751.380	1.359960e-05
6751.867	1.359827e-05
6752.349	1.350010e-05
6752.831	1.350010e-05
6753.314	1.350142e-05
6753.796	1.359960e-05
6754.278	1.359960e-05
6754.760	1.359960e-05
6755.237	1.359960e-05
6755.719	1.359960e-05
6756.201	1.359960e-05
6756.684	1.359960e-05
6757.166	1.359960e-05
6757.648	1.359960e-05
6758.130	1.359960e-05
6758.617	1.359960e-05
6759.099	1.359960e-05
6759.581	1.359960e-05
6760.064	1.359960e-05
6760.546	1.359960e-05
6761.028	1.359960e-05
6761.510	1.359960e-05
6761.987	1.359960e-05
6762.469	1.360019e-05
6762.951	1.369995e-05
6763.434	1.369995e-05
6763.916	1.369995e-05
6764.398	1.369995e-05
6764.880	1.369995e-05
6765.367	1.369995e-05
6765.849	1.369995e-05
6766.331	1.369995e-05
6766.814	1.369995e-05
6767.296	1.369995e-05
6767.778	1.369995e-05
6768.260	1.369995e-05
6768.737	1.369995e-05
6769.219	1.380001e-05
6769.701	1.380031e-05
6770.184	1.380031e-05
6770.666	1.380031e-05
6771.148	1.380031e-05
6771.630	1.380031e-05
6772.117	1.380031e-05
6772.599	1.380031e-05
6773.081	1.380031e-05
6773.564	1.380031e-05
6774.046	1.380031e-05
6774.528	1.380031e-05
6775.010	1.380222e-05
6775.487	1.389981e-05
6775.969	1.389981e-05
6776.451	1.389981e-05
6776.934	1.389981e-05
6777.416	1.389981e-05
6777.898	1.389981e-05
6778.380	1.389981e-05
6778.867	1.389981e-05
6779.349	1.389981e-05
6779.831	1.389981e-05
6780.314	1.390084e-05
6780.796	1.400016e-05
6781.278	1.400016e-05
6781.760	1.400016e-05
6782.237	1.400016e-05
6782.719	1.400016e-05
6783.201	1.400016e-05
6783.684	1.400016e-05
6784.166	1.400016e-05
6784.648	1.400016e-05
6785.130	1.400016e-05
6785.617	1.400016e-05
6786.099	1.400016e-05
6786.581	1.400016e-05
6787.064	1.400016e-05
6787.546	1.400016e-05
6788.028	1.400016e-05
6788.510	1.400016e-05
6788.987	1.400016e-05
6789.469	1.400016e-05
6789.951	1.400016e-05
6790.434	1.400016e-05
6790.916	1.400016e-05
6791.398	1.400016e-05
6791.880	1.400016e-05
6792.367	1.400016e-05
6792.849	1.400016e-05
6793.331	1.400016e-05
6793.814	1.400016e-05
6794.296	1.400016e-05
6794.778	1.400149e-05
6795.260	1.409966e-05
6795.737	1.409966e-05
6796.219	1.409966e-05
6796.701	1.409966e-05
6797.184	1.409966e-05
6797.666	1.409966e-05
6798.148	1.409966e-05
6798.630	1.409966e-05
6799.117	1.409966e-05
6799.599	1.409966e-05
6800.081	1.409966e-05
6800.564	1.409966e-05
6801.046	1.409966e-05
6801.528	1.409966e-05
6802.010	1.409966e-05
6802.487	1.409966e-05
6802.969	1.409966e-05
6803.451	1.409966e-05
6803.934	1.410025e-05
6804.416	1.420002e-05
6804.898	1.420002e-05
6805.380	1.420002e-05
6805.867	1.420002e-05
6806.349	1.420002e-05
6806.831	1.420002e-05
6807.314	1.420002e-05
6807.796	1.420002e-05
6808.278	1.420002e-05
6808.760	1.420002e-05
6809.237	1.420002e-05
6809.719	1.420002e-05
6810.201	1.420002e-05
6810.684	1.420002e-05
6811.166	1.420002e-05
6811.648	1.430008e-05
6812.130	1.430038e-05
6812.617	1.430038e-05
6813.099	1.430038e-05
6813.581	1.430038e-05
6814.064	1.430038e-05
6814.546	1.430038e-05
6815.028	1.430038e-05
6815.510	1.430038e-05
6815.987	1.430038e-05
6816.469	1.430126e-05
6816.951	1.439987e-05
6817.434	1.439987e-05
6817.916	1.439987e-05
6818.398	1.439987e-05
6818.880	1.439987e-05
6819.367	1.439987e-05
6819.849	1.439987e-05
6820.331	1.439987e-05
6820.814	1.439987e-05
6821.296	1.439987e-05
6821.778	1.440091e-05
6822.260	1.450023e-05
6822.737	1.450023e-05
6823.219	1.450023e-05
6823.701	1.450023e-05
6824.184	1.450023e-05
6824.666	1.450023e-05
6825.148	1.450023e-05
6825.630	1.450023e-05
6826.117	1.450023e-05
6826.599	1.450023e-05
6827.081	1.450023e-05
6827.564	1.450023e-05
6828.046	1.450038e-05
6828.528	1.459973e-05
6829.010	1.459973e-05
6829.487	1.459973e-05
6829.969	1.459973e-05
6830.451	1.459973e-05
6830.934	1.459973e-05
6831.416	1.459973e-05
6831.898	1.459973e-05
6832.380	1.459973e-05
6832.867	1.459973e-05
6833.349	1.459973e-05
6833.831	1.459973e-05
6834.314	1.459973e-05
6834.796	1.460107e-05
6835.278	1.470009e-05
6835.760	1.470009e-05
6836.237	1.470009e-05
6836.719	1.470009e-05
6837.201	1.470009e-05
6837.684	1.470009e-05
6838.166	1.470009e-05
6838.648	1.470009e-05
6839.130	1.470009e-05
6839.617	1.459973e-05
6840.099	1.459973e-05
6840.581	1.459973e-05
6841.064	1.459973e-05
6841.546	1.459973e-05
6842.028	1.459973e-05
6842.510	1.459973e-05
6842.987	1.459973e-05
6843.469	1.459973e-05
6843.951	1.459914e-05
6844.434	1.450023e-05
6844.916	1.450023e-05
6845.398	1.450023e-05
6845.880	1.450023e-05
6846.367	1.450023e-05
6846.849	1.450023e-05
6847.331	1.449860e-05
6847.814	1.439987e-05
6848.296	1.439987e-05
6848.778	1.439987e-05
6849.260	1.439987e-05
6849.737	1.439987e-05
6850.219	1.439987e-05
6850.701	1.439987e-05
6851.184	1.439987e-05
6851.666	1.439987e-05
6852.148	1.439987e-05
6852.630	1.439987e-05
6853.117	1.430038e-05
6853.599	1.430038e-05
6854.081	1.430038e-05
6854.564	1.430038e-05
6855.046	1.430038e-05
6855.528	1.430038e-05
6856.010	1.430038e-05
6856.487	1.430038e-05
6856.969	1.430038e-05
6857.451	1.430038e-05
6857.934	1.430038e-05
6858.416	1.430038e-05
6858.898	1.430038e-05
6859.380	1.429949e-05
6859.857	1.420016e-05
6860.339	1.420002e-05
6860.821	1.420002e-05
6861.304	1.420002e-05
6861.786	1.420002e-05
6862.268	1.420002e-05
6862.750	1.420002e-05
6863.237	1.420002e-05
6863.719	1.420002e-05
6864.201	1.420002e-05
6864.684	1.420002e-05
6865.166	1.420002e-05
6865.648	1.420002e-05
6866.130	1.420002e-05
6866.607	1.420002e-05
6867.089	1.420002e-05
6867.571	1.420002e-05
6868.054	1.420002e-05
6868.536	1.420002e-05
6869.018	1.420002e-05
6869.500	1.420002e-05
6869.987	1.420002e-05
6870.469	1.420002e-05
6870.951	1.420002e-05
6871.434	1.420002e-05
6871.916	1.420002e-05
6872.398	1.409966e-05
6872.880	1.409966e-05
6873.357	1.409966e-05
6873.839	1.409966e-05
6874.321	1.409966e-05
6874.804	1.409966e-05
6875.286	1.409966e-05
6875.768	1.409966e-05
6876.250	1.409966e-05
6876.737	1.409966e-05
6877.219	1.409966e-05
6877.701	1.409966e-05
6878.184	1.409966e-05
6878.666	1.409966e-05
6879.148	1.409966e-05
6879.630	1.409966e-05
6880.107	1.409966e-05
6880.589	1.409966e-05
6881.071	1.409966e-05
6881.554	1.409966e-05
6882.036	1.409966e-05
6882.518	1.409966e-05
6883.000	1.409966e-05
6883.487	1.409966e-05
6883.969	1.409966e-05
6884.451	1.409908e-05
6884.934	1.400016e-05
6885.416	1.400016e-05
6885.898	1.400016e-05
6886.380	1.400016e-05
6886.857	1.400016e-05
6887.339	1.400016e-05
6887.821	1.400016e-05
6888.304	1.400016e-05
6888.786	1.400016e-05
6889.268	1.400016e-05
6889.750	1.400016e-05
6890.237	1.400016e-05
6890.719	1.400016e-05
6891.201	1.400016e-05
6891.684	1.400016e-05
6892.166	1.400016e-05
6892.648	1.400016e-05
6893.130	1.400016e-05
6893.607	1.390114e-05
6894.089	1.389981e-05
6894.571	1.389981e-05
6895.054	1.389981e-05
6895.536	1.389981e-05
6896.018	1.389981e-05
6896.500	1.389981e-05
6896.987	1.389981e-05
6897.469	1.390070e-05
6897.951	1.400016e-05
6898.434	1.400016e-05
6898.916	1.400016e-05
6899.398	1.400016e-05
6899.880	1.400016e-05
6900.357	1.400016e-05
6900.839	1.400016e-05
6901.321	1.400016e-05
6901.804	1.400016e-05
6902.286	1.400016e-05
6902.768	1.409863e-05
6903.250	1.409966e-05
6903.737	1.409966e-05
6904.219	1.409966e-05
6904.701	1.409966e-05
6905.184	1.420002e-05
6905.666	1.420002e-05
6906.148	1.420002e-05
6906.630	1.420002e-05
6907.107	1.420002e-05
6907.589	1.420002e-05
6908.071	1.420002e-05
6908.554	1.420002e-05
6909.036	1.429844e-05
6909.518	1.430038e-05
6910.000	1.430038e-05
6910.487	1.430038e-05
6910.969	1.430038e-05
6911.451	1.430038e-05
6911.934	1.430038e-05
6912.416	1.430038e-05
6912.898	1.430038e-05
6913.380	1.430038e-05
6913.857	1.430038e-05
6914.339	1.430038e-05
6914.821	1.430038e-05
6915.304	1.430038e-05
6915.786	1.430038e-05
6916.268	1.430038e-05
6916.750	1.430038e-05
6917.237	1.430038e-05
6917.719	1.430038e-05
6918.201	1.430067e-05
6918.684	1.439929e-05
6919.166	1.439987e-05
6919.648	1.439987e-05
6920.130	1.439987e-05
6920.607	1.439987e-05
6921.089	1.439987e-05
6921.571	1.449860e-05
6922.054	1.450023e-05
6922.536	1.450023e-05
6923.018	1.450023e-05
6923.500	1.459811e-05
6923.987	1.459973e-05
6924.469	1.459973e-05
6924.951	1.459973e-05
6925.434	1.460032e-05
6925.916	1.470009e-05
6926.398	1.470009e-05
6926.880	1.470009e-05
6927.357	1.470009e-05
6927.839	1.470009e-05
6928.321	1.470009e-05
6928.804	1.470009e-05
6929.286	1.470009e-05
6929.768	1.470009e-05
6930.250	1.470009e-05
6930.737	1.479929e-05
6931.219	1.479959e-05
6931.701	1.479959e-05
6932.184	1.479959e-05
6932.666	1.479959e-05
6933.148	1.479959e-05
6933.630	1.479959e-05
6934.107	1.479959e-05
6934.589	1.479959e-05
6935.071	1.479959e-05
6935.554	1.479959e-05
6936.036	1.479959e-05
6936.518	1.479959e-05
6937.000	1.479959e-05
6937.487	1.480048e-05
6937.969	1.489994e-05
6938.451	1.489994e-05
6938.934	1.489994e-05
6939.416	1.489994e-05
6939.898	1.489994e-05
6940.380	1.489994e-05
6940.857	1.489994e-05
6941.339	1.489994e-05
6941.821	1.499926e-05
6942.304	1.500030e-05
6942.786	1.500030e-05
6943.268	1.500030e-05
6943.750	1.500030e-05
6944.237	1.509980e-05
6944.719	1.509980e-05
6945.201	1.509980e-05
6945.684	1.509980e-05
6946.166	1.509980e-05
6946.648	1.509980e-05
6947.130	1.520015e-05
6947.607	1.520015e-05
6948.089	1.520015e-05
6948.571	1.520015e-05
6949.054	1.520015e-05
6949.536	1.520015e-05
6950.018	1.529773e-05
6950.500	1.529965e-05
6950.987	1.529965e-05
6951.469	1.529965e-05
6951.951	1.529965e-05
6952.434	1.539912e-05
6952.916	1.540001e-05
6953.398	1.540001e-05
6953.880	1.540001e-05
6954.357	1.540001e-05
6954.839	1.540001e-05
6955.321	1.540001e-05
6955.804	1.540001e-05
6956.286	1.540001e-05
6956.768	1.540001e-05
6957.250	1.549962e-05
6957.737	1.550037e-05
6958.219	1.550037e-05
6958.701	1.550037e-05
6959.184	1.550037e-05
6959.666	1.550037e-05
6960.148	1.550037e-05
6960.630	1.550037e-05
6961.107	1.550037e-05
6961.589	1.550037e-05
6962.071	1.550037e-05
6962.554	1.550037e-05
6963.036	1.550037e-05
6963.518	1.550037e-05
6964.000	1.550037e-05
6964.487	1.559928e-05
6964.969	1.559986e-05
6965.451	1.559986e-05
6965.934	1.559986e-05
6966.416	1.559986e-05
6966.898	1.559986e-05
6967.380	1.559986e-05
6967.857	1.559986e-05
6968.339	1.559986e-05
6968.821	1.559986e-05
6969.304	1.559986e-05
6969.786	1.559986e-05
6970.268	1.559986e-05
6970.750	1.559986e-05
6971.237	1.559986e-05
6971.719	1.559986e-05
6972.201	1.559986e-05
6972.684	1.559986e-05
6973.166	1.559986e-05
6973.648	1.559986e-05
6974.130	1.569992e-05
6974.607	1.570022e-05
6975.089	1.570022e-05
6975.571	1.570022e-05
6976.054	1.570022e-05
6976.536	1.570022e-05
6977.018	1.570022e-05
6977.500	1.570022e-05
6977.987	1.570022e-05
6978.469	1.570022e-05
6978.951	1.570022e-05
6979.434	1.570022e-05
6979.916	1.570022e-05
6980.398	1.570022e-05
6980.880	1.570022e-05
6981.357	1.570022e-05
6981.839	1.579958e-05
6982.321	1.579972e-05
6982.804	1.579972e-05
6983.286	1.579972e-05
6983.768	1.579972e-05
6984.250	1.579972e-05
6984.737	1.590008e-05
6985.219	1.590008e-05
6985.701	1.590008e-05
6986.184	1.590008e-05
6986.666	1.599958e-05
6987.148	1.599958e-05
6987.630	1.599958e-05
6988.107	1.599958e-05
6988.589	1.599958e-05
6989.071	1.599958e-05
6989.554	1.599972e-05
6990.036	1.609993e-05
6990.518	1.609993e-05
6991.000	1.609993e-05
6991.487	1.609993e-05
6991.969	1.609993e-05
6992.451	1.609993e-05
6992.934	1.609993e-05
6993.416	1.609993e-05
6993.898	1.609993e-05
6994.380	1.609993e-05
6994.857	1.609993e-05
6995.339	1.609993e-05
6995.821	1.609993e-05
6996.304	1.609993e-05
6996.786	1.609993e-05
6997.268	1.609993e-05
6997.750	1.609993e-05
6998.237	1.610023e-05
6998.719	1.620029e-05
6999.201	1.620029e-05
6999.684	1.620029e-05
7000.166	1.629919e-05
7000.648	1.629979e-05
7001.130	1.629979e-05
7001.607	1.639851e-05
7002.089	1.640014e-05
7002.571	1.640014e-05
7003.054	1.649802e-05
7003.536	1.649964e-05
7004.018	1.659836e-05
7004.500	1.660000e-05
7004.987	1.660000e-05
7005.469	1.670036e-05
7005.951	1.670036e-05
7006.434	1.670036e-05
7006.916	1.670094e-05
7007.398	1.679985e-05
7007.880	1.679985e-05
7008.357	1.679985e-05
7008.839	1.679985e-05
7009.321	1.679985e-05
7009.804	1.679985e-05
7010.286	1.679985e-05
7010.768	1.689977e-05
7011.250	1.690021e-05
7011.737	1.690021e-05
7012.219	1.690021e-05
7012.701	1.690021e-05
7013.184	1.690021e-05
7013.666	1.690021e-05
7014.148	1.690021e-05
7014.630	1.690021e-05
7015.107	1.690021e-05
7015.589	1.690021e-05
7016.071	1.690021e-05
7016.554	1.690021e-05
7017.036	1.690021e-05
7017.518	1.690021e-05
7018.000	1.690021e-05
7018.487	1.690021e-05
7018.969	1.690021e-05
7019.451	1.690021e-05
7019.934	1.689932e-05
7020.416	1.679985e-05
7020.898	1.679985e-05
7021.380	1.679985e-05
7021.857	1.679985e-05
7022.339	1.679985e-05
7022.821	1.679985e-05
7023.304	1.679985e-05
7023.786	1.679985e-05
7024.268	1.679985e-05
7024.750	1.679985e-05
7025.237	1.679985e-05
7025.719	1.679985e-05
7026.201	1.679985e-05
7026.684	1.679985e-05
7027.166	1.679985e-05
7027.648	1.679985e-05
7028.130	1.679985e-05
7028.607	1.679985e-05
7029.089	1.679985e-05
7029.571	1.679985e-05
7030.054	1.679985e-05
7030.536	1.679985e-05
7031.018	1.679985e-05
7031.500	1.679985e-05
7031.987	1.679985e-05
7032.469	1.679985e-05
7032.951	1.679985e-05
7033.434	1.679985e-05
7033.916	1.679985e-05
7034.398	1.679985e-05
7034.880	1.679985e-05
7035.357	1.679985e-05
7035.839	1.679985e-05
7036.321	1.679985e-05
7036.804	1.679985e-05
7037.286	1.679985e-05
7037.768	1.679985e-05
7038.250	1.679985e-05
7038.737	1.679985e-05
7039.219	1.679985e-05
7039.701	1.679985e-05
7040.184	1.679985e-05
7040.666	1.679985e-05
7041.148	1.679985e-05
7041.630	1.679985e-05
7042.107	1.679985e-05
7042.589	1.679985e-05
7043.071	1.679985e-05
7043.554	1.679985e-05
7044.036	1.679985e-05
7044.518	1.689857e-05
7045.000	1.690021e-05
7045.487	1.690021e-05
7045.969	1.690080e-05
7046.451	1.699971e-05
7046.934	1.699971e-05
7047.416	1.699971e-05
7047.898	1.700030e-05
7048.380	1.710007e-05
7048.857	1.710007e-05
7049.339	1.710007e-05
7049.821	1.719998e-05
7050.304	1.720042e-05
7050.786	1.729948e-05
7051.268	1.729992e-05
7051.750	1.739894e-05
7052.237	1.740028e-05
7052.719	1.749948e-05
7053.201	1.749978e-05
7053.684	1.759983e-05
7054.166	1.760013e-05
7054.648	1.769933e-05
7055.130	1.769963e-05
7055.607	1.779865e-05
7056.089	1.779999e-05
7056.571	1.789901e-05
7057.054	1.790034e-05
7057.536	1.799969e-05
7058.018	1.799984e-05
7058.500	1.810005e-05
7058.987	1.810108e-05
7059.469	1.820059e-05
7059.951	1.830006e-05
7060.434	1.830095e-05
7060.916	1.840041e-05
7061.398	1.840130e-05
7061.880	1.849991e-05
7062.357	1.849991e-05
7062.839	1.860012e-05
7063.321	1.860027e-05
7063.804	1.869873e-05
7064.286	1.879908e-05
7064.768	1.880012e-05
7065.250	1.889858e-05
7065.737	1.899998e-05
7066.219	1.899998e-05
7066.701	1.910033e-05
7067.184	1.919983e-05
7067.666	1.930019e-05
7068.148	1.930019e-05
7068.630	1.939969e-05
7069.107	1.950005e-05
7069.589	1.950019e-05
7070.071	1.960055e-05
7070.554	1.970005e-05
7071.036	1.980026e-05
7071.518	1.980040e-05
7072.000	1.989990e-05
7072.487	2.000129e-05
7072.969	2.009961e-05
7073.451	2.010080e-05
7073.934	2.020116e-05
7074.416	2.030149e-05
7074.898	2.039982e-05
7075.380	2.040011e-05
7075.857	2.049943e-05
7076.339	2.059894e-05
7076.821	2.059968e-05
7077.304	2.069929e-05
7077.786	2.079965e-05
7078.268	2.080039e-05
7078.750	2.089915e-05
7079.237	2.100025e-05
7079.719	2.100054e-05
7080.201	2.110004e-05
7080.684	2.119951e-05
7081.166	2.120010e-05
7081.648	2.129901e-05
7082.130	2.139936e-05
7082.607	2.139996e-05
7083.089	2.149868e-05
7083.571	2.150031e-05
7084.054	2.159819e-05
7084.536	2.169853e-05
7085.018	2.170017e-05
7085.500	2.179805e-05
7085.987	2.189943e-05
7086.469	2.190061e-05
7086.951	2.200097e-05
7087.434	2.209988e-05
7087.916	2.210047e-05
7088.398	2.220024e-05
7088.880	2.220082e-05
7089.357	2.229929e-05
7089.839	2.239965e-05
7090.321	2.240009e-05
7090.804	2.249915e-05
7091.286	2.249959e-05
7091.768	2.259950e-05
7092.250	2.259995e-05
7092.737	2.270000e-05
7093.219	2.270030e-05
7093.701	2.279950e-05
7094.184	2.279980e-05
7094.666	2.289986e-05
7095.148	2.290016e-05
7095.630	2.290016e-05
7096.107	2.299833e-05
7096.589	2.299966e-05
7097.071	2.299966e-05
7097.554	2.309868e-05
7098.036	2.310001e-05
7098.518	2.310001e-05
7099.000	2.320022e-05
7099.487	2.320125e-05
7099.969	2.329987e-05
7100.451	2.330076e-05
7100.934	2.340023e-05
7101.416	2.340023e-05
7101.898	2.340111e-05
7102.380	2.349972e-05
7102.857	2.349972e-05
7103.339	2.359994e-05
7103.821	2.360008e-05
7104.304	2.369854e-05
7104.786	2.379889e-05
7105.268	2.379994e-05
7105.750	2.389925e-05
7106.237	2.399979e-05
7106.719	2.399979e-05
7107.201	2.410015e-05
7107.684	2.419965e-05
7108.166	2.419965e-05
7108.648	2.430000e-05
7109.130	2.440036e-05
7109.607	2.440050e-05
7110.089	2.450000e-05
7110.571	2.460022e-05
7111.054	2.460036e-05
7111.536	2.469986e-05
7112.018	2.480007e-05
7112.500	2.480022e-05
7112.987	2.490161e-05
7113.469	2.499993e-05
7113.951	2.500112e-05
7114.434	2.510028e-05
7114.916	2.510145e-05
7115.398	2.519978e-05
7115.880	2.520007e-05
7116.357	2.529939e-05
7116.839	2.530014e-05
7117.321	2.539890e-05
7117.804	2.539964e-05
7118.286	2.539964e-05
7118.768	2.539964e-05
7119.250	2.549925e-05
7119.737	2.549999e-05
7120.219	2.549999e-05
7120.701	2.549999e-05
7121.184	2.549999e-05
7121.666	2.549999e-05
7122.148	2.549999e-05
7122.630	2.549999e-05
7123.107	2.549999e-05
7123.589	2.549999e-05
7124.071	2.540127e-05
7124.554	2.539964e-05
7125.036	2.539964e-05
7125.518	2.539964e-05
7126.000	2.530176e-05
7126.487	2.530014e-05
7126.969	2.529955e-05
7127.451	2.519978e-05
7127.934	2.519978e-05
7128.416	2.519920e-05
7128.898	2.510028e-05
7129.380	2.509969e-05
7129.857	2.500037e-05
7130.339	2.499993e-05
7130.821	2.499993e-05
7131.304	2.490087e-05
7131.786	2.490043e-05
7132.268	2.480052e-05
7132.750	2.480007e-05
7133.237	2.480007e-05
7133.719	2.470001e-05
7134.201	2.469971e-05
7134.684	2.469971e-05
7135.166	2.460051e-05
7135.648	2.460022e-05
7136.130	2.460022e-05
7136.607	2.450119e-05
7137.089	2.449986e-05
7137.571	2.449986e-05
7138.054	2.449986e-05
7138.536	2.440052e-05
7139.018	2.440036e-05
7139.500	2.440036e-05
7139.987	2.440036e-05
7140.469	2.440036e-05
7140.951	2.440036e-05
7141.434	2.440036e-05
7141.916	2.439947e-05
7142.398	2.430000e-05
7142.880	2.430000e-05
7143.357	2.430000e-05
7143.839	2.430000e-05
7144.321	2.430000e-05
7144.804	2.430000e-05
7145.286	2.430000e-05
7145.768	2.430000e-05
7146.250	2.420069e-05
7146.737	2.419965e-05
7147.219	2.419965e-05
7147.701	2.419965e-05
7148.184	2.419965e-05
7148.666	2.419965e-05
7149.148	2.419965e-05
7149.630	2.410015e-05
7150.107	2.410015e-05
7150.589	2.410015e-05
7151.071	2.410015e-05
7151.554	2.410015e-05
7152.036	2.410000e-05
7152.518	2.399979e-05
7153.000	2.399979e-05
7153.487	2.399979e-05
7153.969	2.399979e-05
7154.451	2.399861e-05
7154.934	2.390029e-05
7155.416	2.390029e-05
7155.898	2.390029e-05
7156.380	2.390000e-05
7156.857	2.380068e-05
7157.339	2.379994e-05
7157.821	2.379994e-05
7158.304	2.379994e-05
7158.786	2.370033e-05
7159.268	2.369958e-05
7159.750	2.369958e-05
7160.237	2.369928e-05
7160.719	2.360008e-05
7161.201	2.360008e-05
7161.684	2.360008e-05
7162.166	2.350032e-05
7162.648	2.349972e-05
7163.130	2.349972e-05
7163.607	2.340185e-05
7164.089	2.340023e-05
7164.571	2.340023e-05
7165.054	2.330151e-05
7165.536	2.329987e-05
7166.018	2.320199e-05
7166.500	2.320037e-05
7166.987	2.320037e-05
7167.469	2.310001e-05
7167.951	2.309942e-05
7168.434	2.299966e-05
7168.916	2.299907e-05
7169.398	2.290016e-05
7169.880	2.289957e-05
7170.357	2.280025e-05
7170.839	2.279980e-05
7171.321	2.270074e-05
7171.804	2.270030e-05
7172.286	2.260039e-05
7172.768	2.250004e-05
7173.250	2.249959e-05
7173.737	2.240039e-05
7174.219	2.240009e-05
7174.701	2.230003e-05
7175.184	2.220053e-05
7175.666	2.220024e-05
7176.148	2.210018e-05
7176.630	2.200068e-05
7177.107	2.200038e-05
7177.589	2.190136e-05
7178.071	2.180100e-05
7178.554	2.179967e-05
7179.036	2.170032e-05
7179.518	2.159997e-05
7180.000	2.159981e-05
7180.487	2.149942e-05
7180.969	2.139996e-05
7181.451	2.139907e-05
7181.934	2.129872e-05
7182.416	2.120010e-05
7182.898	2.119921e-05
7183.380	2.109886e-05
7183.857	2.100039e-05
7184.339	2.100025e-05
7184.821	2.090093e-05
7185.304	2.080143e-05
7185.786	2.070108e-05
7186.268	2.070003e-05
7186.750	2.060072e-05
7187.237	2.050018e-05
7187.719	2.050018e-05
7188.201	2.039982e-05
7188.684	2.030032e-05
7189.166	2.019997e-05
7189.648	2.019997e-05
7190.130	2.009961e-05
7190.607	2.000011e-05
7191.089	1.999997e-05
7191.571	1.989961e-05
7192.054	1.980011e-05
7192.536	1.969990e-05
7193.018	1.969976e-05
7193.500	1.960040e-05
7193.987	1.959921e-05
7194.469	1.949885e-05
7194.951	1.939969e-05
7195.434	1.939851e-05
7195.916	1.929901e-05
7196.398	1.919983e-05
7196.880	1.919955e-05
7197.357	1.910107e-05
7197.839	1.910033e-05
7198.321	1.900072e-05
7198.804	1.899998e-05
7199.286	1.890037e-05
7199.768	1.889962e-05
7200.250	1.880086e-05
7200.737	1.879982e-05
7201.219	1.869977e-05
7201.701	1.869946e-05
7202.184	1.860027e-05
7202.666	1.859879e-05
7203.148	1.849991e-05
7203.630	1.849844e-05
7204.107	1.840041e-05
7204.589	1.839997e-05
7205.071	1.830006e-05
7205.554	1.829961e-05
7206.036	1.819970e-05
7206.518	1.819970e-05
7207.000	1.819926e-05
7207.487	1.810020e-05
7207.969	1.810020e-05
7208.451	1.809961e-05
7208.934	1.799984e-05
7209.416	1.799984e-05
7209.898	1.799926e-05
7210.380	1.790034e-05
7210.857	1.790034e-05
7211.339	1.790034e-05
7211.821	1.780043e-05
7212.304	1.779999e-05
7212.786	1.779999e-05
7213.268	1.779999e-05
7213.750	1.770097e-05
7214.237	1.769963e-05
7214.719	1.769963e-05
7215.201	1.769963e-05
7215.684	1.769963e-05
7216.166	1.760043e-05
7216.648	1.760013e-05
7217.130	1.760013e-05
7217.607	1.760013e-05
7218.089	1.760013e-05
7218.571	1.760013e-05
7219.054	1.750111e-05
7219.536	1.749978e-05
7220.018	1.749978e-05
7220.500	1.749978e-05
7220.987	1.749978e-05
7221.469	1.749978e-05
7221.951	1.749978e-05
7222.434	1.749889e-05
7222.916	1.740028e-05
7223.398	1.740028e-05
7223.880	1.740028e-05
7224.357	1.740028e-05
7224.839	1.740028e-05
7225.321	1.740028e-05
7225.804	1.740028e-05
7226.286	1.740028e-05
7226.768	1.740028e-05
7227.250	1.740028e-05
7227.737	1.740028e-05
7228.219	1.740028e-05
7228.701	1.740028e-05
7229.184	1.740028e-05
7229.666	1.740028e-05
7230.148	1.740028e-05
7230.630	1.740028e-05
7231.107	1.740028e-05
7231.589	1.740028e-05
7232.071	1.740028e-05
7232.554	1.740028e-05
7233.036	1.740028e-05
7233.518	1.740028e-05
7234.000	1.740028e-05
7234.487	1.740028e-05
7234.969	1.740028e-05
7235.451	1.740028e-05
7235.934	1.740146e-05
7236.416	1.749978e-05
7236.898	1.749978e-05
7237.380	1.749978e-05
7237.857	1.749978e-05
7238.339	1.749978e-05
7238.821	1.749978e-05
7239.304	1.749978e-05
7239.786	1.749978e-05
7240.268	1.759939e-05
7240.750	1.760013e-05
7241.237	1.760013e-05
7241.719	1.760013e-05
7242.201	1.760013e-05
7242.684	1.760013e-05
7243.166	1.760160e-05
7243.648	1.769963e-05
7244.130	1.769963e-05
7244.607	1.769963e-05
7245.089	1.769963e-05
7245.571	1.769963e-05
7246.054	1.769963e-05
7246.536	1.769963e-05
7247.018	1.769963e-05
7247.500	1.769963e-05
7247.987	1.769963e-05
7248.469	1.769963e-05
7248.951	1.769963e-05
7249.434	1.769963e-05
7249.916	1.769963e-05
7250.398	1.769963e-05
7250.880	1.769963e-05
7251.357	1.769963e-05
7251.839	1.769963e-05
7252.321	1.769963e-05
7252.804	1.769963e-05
7253.286	1.769963e-05
7253.768	1.760057e-05
7254.250	1.760013e-05
7254.737	1.760013e-05
7255.219	1.760013e-05
7255.701	1.760013e-05
7256.184	1.760013e-05
7256.666	1.760013e-05
7257.148	1.760013e-05
7257.630	1.760013e-05
7258.107	1.760013e-05
7258.589	1.750111e-05
7259.071	1.749978e-05
7259.554	1.749978e-05
7260.036	1.749978e-05
7260.518	1.749978e-05
7261.000	1.749978e-05
7261.487	1.749978e-05
7261.969	1.749889e-05
7262.451	1.740028e-05
7262.934	1.740028e-05
7263.416	1.740028e-05
7263.898	1.740028e-05
7264.380	1.740028e-05
7264.857	1.740028e-05
7265.339	1.740028e-05
7265.821	1.740028e-05
7266.304	1.730097e-05
7266.786	1.729992e-05
7267.268	1.729992e-05
7267.750	1.729992e-05
7268.237	1.729992e-05
7268.719	1.729992e-05
7269.201	1.729992e-05
7269.684	1.729992e-05
7270.166	1.729992e-05
7270.648	1.729992e-05
7271.130	1.720042e-05
7271.607	1.720042e-05
7272.089	1.720042e-05
7272.571	1.720042e-05
7273.054	1.720042e-05
7273.536	1.720042e-05
7274.018	1.720042e-05
7274.500	1.720042e-05
7274.987	1.720042e-05
7275.469	1.720042e-05
7275.951	1.720042e-05
7276.434	1.720042e-05
7276.916	1.720042e-05
7277.398	1.720042e-05
7277.880	1.720042e-05
7278.357	1.720042e-05
7278.839	1.720042e-05
7279.321	1.720042e-05
7279.804	1.729918e-05
7280.286	1.729992e-05
7280.768	1.729992e-05
7281.250	1.729992e-05
7281.737	1.730022e-05
7282.219	1.740028e-05
7282.701	1.740028e-05
7283.184	1.740028e-05
7283.666	1.740175e-05
7284.148	1.749978e-05
7284.630	1.749978e-05
7285.107	1.750022e-05
7285.589	1.760013e-05
7286.071	1.760013e-05
7286.554	1.760057e-05
7287.036	1.769963e-05
7287.518	1.770008e-05
7288.000	1.779999e-05
7288.487	1.780147e-05
7288.969	1.790034e-05
7289.451	1.790093e-05
7289.934	1.799984e-05
7290.416	1.799984e-05
7290.898	1.800043e-05
7291.380	1.810020e-05
7291.857	1.810020e-05
7292.339	1.819926e-05
7292.821	1.819970e-05
7293.304	1.819970e-05
7293.786	1.829961e-05
7294.268	1.830006e-05
7294.750	1.830006e-05
7295.237	1.830006e-05
7295.719	1.840011e-05
7296.201	1.840041e-05
7296.684	1.840041e-05
7297.166	1.840041e-05
7297.648	1.840041e-05
7298.130	1.840041e-05
7298.607	1.840041e-05
7299.089	1.840041e-05
7299.571	1.840041e-05
7300.054	1.840041e-05
7300.536	1.840041e-05
7301.018	1.840041e-05
7301.500	1.830021e-05
7301.987	1.830006e-05
7302.469	1.830006e-05
7302.951	1.829916e-05
7303.434	1.819970e-05
7303.916	1.819970e-05
7304.398	1.819882e-05
7304.880	1.810020e-05
7305.357	1.810020e-05
7305.839	1.799999e-05
7306.321	1.799984e-05
7306.804	1.790138e-05
7307.286	1.790034e-05
7307.768	1.780103e-05
7308.250	1.779999e-05
7308.737	1.769963e-05
7309.219	1.760013e-05
7309.701	1.760013e-05
7310.184	1.749978e-05
7310.666	1.749978e-05
7311.148	1.740028e-05
7311.630	1.729992e-05
7312.107	1.729978e-05
7312.589	1.720028e-05
7313.071	1.709992e-05
7313.554	1.699971e-05
7314.036	1.699957e-05
7314.518	1.690007e-05
7315.000	1.679985e-05
7315.487	1.679867e-05
7315.969	1.669916e-05
7316.451	1.660000e-05
7316.934	1.659881e-05
7317.416	1.649847e-05
7317.898	1.640014e-05
7318.380	1.639985e-05
7318.857	1.630053e-05
7319.339	1.620103e-05
7319.821	1.610068e-05
7320.304	1.609993e-05
7320.786	1.600032e-05
7321.268	1.590082e-05
7321.750	1.590008e-05
7322.237	1.579972e-05
7322.719	1.579942e-05
7323.201	1.569992e-05
7323.684	1.559986e-05
7324.166	1.559840e-05
7324.648	1.550037e-05
7325.130	1.549888e-05
7325.607	1.540001e-05
7326.089	1.539956e-05
7326.571	1.529921e-05
7327.054	1.520015e-05
7327.536	1.519971e-05
7328.018	1.509980e-05
7328.500	1.509936e-05
7328.987	1.500030e-05
7329.469	1.499971e-05
7329.951	1.489994e-05
7330.434	1.489935e-05
7330.916	1.479959e-05
7331.398	1.479959e-05
7331.880	1.479900e-05
7332.357	1.470053e-05
7332.839	1.470009e-05
7333.321	1.460018e-05
7333.804	1.459973e-05
7334.286	1.450067e-05
7334.768	1.450023e-05
7335.250	1.440121e-05
7335.737	1.439987e-05
7336.219	1.439987e-05
7336.701	1.430067e-05
7337.184	1.430038e-05
7337.666	1.430038e-05
7338.148	1.420032e-05
7338.630	1.420002e-05
7339.107	1.420002e-05
7339.589	1.410100e-05
7340.071	1.409966e-05
7340.554	1.409966e-05
7341.036	1.409966e-05
7341.518	1.400032e-05
7342.000	1.400016e-05
7342.487	1.399927e-05
7342.969	1.389981e-05
7343.451	1.389981e-05
7343.934	1.389981e-05
7344.416	1.389892e-05
7344.898	1.380031e-05
7345.380	1.380031e-05
7345.857	1.380031e-05
7346.339	1.380031e-05
7346.821	1.370099e-05
7347.304	1.369995e-05
7347.786	1.369995e-05
7348.268	1.360064e-05
7348.750	1.359960e-05
7349.237	1.359960e-05
7349.719	1.350010e-05
7350.201	1.350010e-05
7350.684	1.350010e-05
7351.166	1.339974e-05
7351.648	1.339974e-05
7352.130	1.339974e-05
7352.607	1.330024e-05
7353.089	1.330024e-05
7353.571	1.330010e-05
7354.054	1.319989e-05
7354.536	1.319989e-05
7355.018	1.319974e-05
7355.500	1.310039e-05
7355.987	1.310039e-05
7356.469	1.309920e-05
7356.951	1.300003e-05
7357.434	1.300003e-05
7357.916	1.299885e-05
7358.398	1.289967e-05
7358.880	1.289967e-05
7359.357	1.289967e-05
7359.839	1.280091e-05
7360.321	1.280017e-05
7360.804	1.280017e-05
7361.286	1.270056e-05
7361.768	1.269982e-05
7362.250	1.269982e-05
7362.737	1.260032e-05
7363.219	1.260032e-05
7363.701	1.260002e-05
7364.184	1.249996e-05
7364.666	1.249996e-05
7365.148	1.249848e-05
7365.630	1.239961e-05
7366.107	1.239961e-05
7366.589	1.239916e-05
7367.071	1.230011e-05
7367.554	1.229966e-05
7368.036	1.219975e-05
7368.518	1.219931e-05
7369.000	1.210025e-05
7369.487	1.210025e-05
7369.969	1.209966e-05
7370.451	1.199990e-05
7370.934	1.199990e-05
7371.416	1.199931e-05
7371.898	1.190040e-05
7372.380	1.190040e-05
7372.857	1.190040e-05
7373.339	1.180049e-05
7373.821	1.180004e-05
7374.304	1.180004e-05
7374.786	1.170013e-05
7375.268	1.169968e-05
7375.750	1.169895e-05
7376.237	1.160019e-05
7376.719	1.160019e-05
7377.201	1.159840e-05
7377.684	1.149983e-05
7378.166	1.149983e-05
7378.648	1.149983e-05
7379.130	1.149806e-05
7379.607	1.140033e-05
7380.089	1.140033e-05
7380.571	1.139958e-05
7381.054	1.129997e-05
7381.536	1.129997e-05
7382.018	1.129997e-05
7382.500	1.119977e-05
7382.987	1.119962e-05
7383.469	1.119962e-05
7383.951	1.119873e-05
7384.434	1.110012e-05
7384.916	1.110012e-05
7385.398	1.110012e-05
7385.880	1.109923e-05
7386.357	1.099991e-05
7386.839	1.099976e-05
7387.321	1.099976e-05
7387.804	1.099976e-05
7388.286	1.090130e-05
7388.768	1.090026e-05
7389.250	1.090026e-05
7389.737	1.090026e-05
7390.219	1.090026e-05
7390.701	1.090026e-05
7391.184	1.090026e-05
7391.666	1.079991e-05
7392.148	1.079991e-05
7392.630	1.079991e-05
7393.107	1.079991e-05
7393.589	1.079991e-05
7394.071	1.079991e-05
7394.554	1.079991e-05
7395.036	1.079991e-05
7395.518	1.079991e-05
7396.000	1.079991e-05
7396.487	1.079873e-05
7396.969	1.070041e-05
7397.451	1.070041e-05
7397.934	1.070041e-05
7398.416	1.070041e-05
7398.898	1.070041e-05
7399.380	1.070041e-05
7399.857	1.070041e-05
7400.339	1.070041e-05
7400.821	1.070041e-05
7401.304	1.070041e-05
7401.786	1.060080e-05
7402.268	1.060005e-05
7402.750	1.060005e-05
7403.237	1.060005e-05
7403.719	1.060005e-05
7404.201	1.060005e-05
7404.684	1.059857e-05
7405.166	1.049969e-05
7405.648	1.049969e-05
7406.130	1.049969e-05
7406.607	1.049969e-05
7407.089	1.049969e-05
7407.571	1.049969e-05
7408.054	1.049969e-05
7408.536	1.049969e-05
7409.018	1.049969e-05
7409.500	1.049969e-05
7409.987	1.049969e-05
7410.469	1.049969e-05
7410.951	1.049969e-05
7411.434	1.049969e-05
7411.916	1.049969e-05
7412.398	1.049969e-05
7412.880	1.049969e-05
7413.357	1.049969e-05
7413.839	1.049969e-05
7414.321	1.049969e-05
7414.804	1.049969e-05
7415.286	1.049969e-05
7415.768	1.049969e-05
7416.250	1.049969e-05
7416.737	1.049969e-05
7417.219	1.049969e-05
7417.701	1.049969e-05
7418.184	1.049793e-05
7418.666	1.040020e-05
7419.148	1.040020e-05
7419.630	1.040020e-05
7420.107	1.040020e-05
7420.589	1.040020e-05
7421.071	1.040020e-05
7421.554	1.040020e-05
7422.036	1.040020e-05
7422.518	1.029999e-05
7423.000	1.029984e-05
7423.487	1.029984e-05
7423.969	1.029984e-05
7424.451	1.029984e-05
7424.934	1.029984e-05
7425.416	1.029984e-05
7425.898	1.029984e-05
7426.380	1.029984e-05
7426.857	1.029984e-05
7427.339	1.020048e-05
7427.821	1.020034e-05
7428.304	1.020034e-05
7428.786	1.020034e-05
7429.268	1.020034e-05
7429.750	1.020034e-05
7430.237	1.020034e-05
7430.719	1.020034e-05
7431.201	1.020034e-05
7431.684	1.020034e-05
7432.166	1.020034e-05
7432.648	1.020034e-05
7433.130	1.020034e-05
7433.607	1.020034e-05
7434.089	1.020034e-05
7434.571	1.020034e-05
7435.054	1.020034e-05
7435.536	1.020034e-05
7436.018	1.020034e-05
7436.500	1.020034e-05
7436.987	1.020034e-05
7437.469	1.020034e-05
7437.951	1.020034e-05
7438.434	1.020034e-05
7438.916	1.020034e-05
7439.398	1.020034e-05
7439.880	1.020034e-05
7440.357	1.020034e-05
7440.839	1.020034e-05
7441.321	1.020034e-05
7441.804	1.020034e-05
7442.286	1.020034e-05
7442.768	1.020034e-05
7443.250	1.020034e-05
7443.737	1.020034e-05
7444.219	1.020034e-05
7444.701	1.020034e-05
7445.184	1.020034e-05
7445.666	1.020034e-05
7446.148	1.020181e-05
7446.630	1.029984e-05
7447.107	1.029984e-05
7447.589	1.029984e-05
7448.071	1.029984e-05
7448.554	1.029984e-05
7449.036	1.029984e-05
7449.518	1.029984e-05
7450.000	1.029984e-05
7450.487	1.029984e-05
7450.969	1.029984e-05
7451.451	1.029984e-05
7451.934	1.029984e-05
7452.416	1.029984e-05
7452.898	1.029984e-05
7453.380	1.029984e-05
7453.857	1.029984e-05
7454.339	1.029984e-05
7454.821	1.029984e-05
7455.304	1.029984e-05
7455.786	1.029984e-05
7456.268	1.029984e-05
7456.750	1.029984e-05
7457.237	1.029984e-05
7457.719	1.029984e-05
7458.201	1.029984e-05
7458.684	1.029984e-05
7459.166	1.029984e-05
7459.648	1.029984e-05
7460.130	1.029984e-05
7460.607	1.029984e-05
7461.089	1.029984e-05
7461.571	1.030058e-05
7462.054	1.040020e-05
7462.536	1.040020e-05
7463.018	1.040020e-05
7463.500	1.040020e-05
7463.987	1.040020e-05
7464.469	1.040020e-05
7464.951	1.040020e-05
7465.434	1.040020e-05
7465.916	1.040020e-05
7466.398	1.040020e-05
7466.880	1.040020e-05
7467.357	1.040020e-05
7467.839	1.040020e-05
7468.321	1.040020e-05
7468.804	1.040020e-05
7469.286	1.040020e-05
7469.768	1.040020e-05
7470.250	1.040020e-05
7470.737	1.040020e-05
7471.219	1.049969e-05
7471.701	1.049969e-05
7472.184	1.049969e-05
7472.666	1.049969e-05
7473.148	1.049969e-05
7473.630	1.049969e-05
7474.107	1.049969e-05
7474.589	1.049969e-05
7475.071	1.049969e-05
7475.554	1.049969e-05
7476.036	1.049969e-05
7476.518	1.049969e-05
7477.000	1.049969e-05
7477.487	1.049969e-05
7477.969	1.049969e-05
7478.451	1.049969e-05
7478.934	1.049969e-05
7479.416	1.049969e-05
7479.898	1.049969e-05
7480.380	1.049969e-05
7480.857	1.049969e-05
7481.339	1.049969e-05
7481.821	1.040093e-05
7482.304	1.040020e-05
7482.786	1.040020e-05
7483.268	1.040020e-05
7483.750	1.040020e-05
7484.237	1.040020e-05
7484.719	1.040020e-05
7485.201	1.040020e-05
7485.684	1.040020e-05
7486.166	1.040020e-05
7486.648	1.040020e-05
7487.130	1.040020e-05
7487.607	1.039975e-05
7488.089	1.029984e-05
7488.571	1.029984e-05
7489.054	1.029984e-05
7489.536	1.029984e-05
7490.018	1.029984e-05
7490.500	1.029940e-05
7490.987	1.020034e-05
7491.469	1.020034e-05
7491.951	1.020034e-05
7492.434	1.020034e-05
7492.916	1.019975e-05
7493.398	1.009998e-05
7493.880	1.009998e-05
7494.357	1.009998e-05
7494.839	1.000007e-05
7495.321	9.990234e-06
7495.804	9.950057e-06
7496.286	9.919990e-06
7496.768	9.889969e-06
7497.250	9.859670e-06
7497.737	9.839736e-06
7498.219	9.819992e-06
7498.701	9.799604e-06
7499.184	9.790154e-06
7499.666	9.780044e-06
7500.148	9.780044e-06
7500.630	9.780044e-06
7501.107	9.780044e-06
7501.589	9.780120e-06
7502.071	9.790407e-06
7502.554	9.799848e-06
7503.036	9.810049e-06
7503.518	9.829763e-06
7504.000	9.850347e-06
7504.487	9.859997e-06
7504.969	9.880667e-06
7505.451	9.910505e-06
7505.934	9.920032e-06
7506.416	9.939676e-06
7506.898	9.949878e-06
7507.380	9.949878e-06
7507.857	9.949878e-06
7508.339	9.949878e-06
7508.821	9.939691e-06
7509.304	9.930248e-06
7509.786	9.910627e-06
7510.268	9.900236e-06
7510.750	9.880606e-06
7511.237	9.870107e-06
7511.719	9.850379e-06
7512.201	9.829793e-06
7512.684	9.810065e-06
7513.166	9.790337e-06
7513.648	9.769751e-06
7514.130	9.750023e-06
7514.607	9.719973e-06
7515.089	9.700243e-06
7515.571	9.679674e-06
7516.054	9.670222e-06
7516.536	9.649652e-06
7517.018	9.640231e-06
7517.500	9.640231e-06
7517.987	9.640231e-06
7518.469	9.640231e-06
7518.951	9.640231e-06
7519.434	9.640231e-06
7519.916	9.640231e-06
7520.398	9.640258e-06
7520.880	9.649666e-06
7521.357	9.649666e-06
7521.839	9.649666e-06
7522.321	9.649666e-06
7522.804	9.649666e-06
7523.286	9.649666e-06
7523.768	9.649666e-06
7524.250	9.659883e-06
7524.737	9.659959e-06
7525.219	9.659959e-06
7525.701	9.659959e-06
7526.184	9.659959e-06
7526.666	9.659959e-06
7527.148	9.659807e-06
7527.630	9.649666e-06
7528.107	9.649624e-06
7528.589	9.640185e-06
7529.071	9.629938e-06
7529.554	9.629892e-06
7530.036	9.619603e-06
7530.518	9.610164e-06
7531.000	9.599917e-06
7531.487	9.599765e-06
7531.969	9.589624e-06
7532.451	9.589568e-06
7532.934	9.580188e-06
7533.416	9.580128e-06
7533.898	9.569895e-06
7534.380	9.569835e-06
7534.857	9.559648e-06
7535.339	9.559602e-06
7535.821	9.550209e-06
7536.304	9.539920e-06
7536.786	9.539874e-06
7537.268	9.529627e-06
7537.750	9.529581e-06
7538.237	9.529581e-06
7538.719	9.529581e-06
7539.201	9.529581e-06
7539.684	9.529764e-06
7540.166	9.539874e-06
7540.648	9.539874e-06
7541.130	9.540057e-06
7541.607	9.550167e-06
7542.089	9.550167e-06
7542.571	9.550167e-06
7543.054	9.550167e-06
7543.536	9.550167e-06
7544.018	9.550167e-06
7544.500	9.559588e-06
7544.987	9.559694e-06
7545.469	9.569987e-06
7545.951	9.580188e-06
7546.434	9.580272e-06
7546.916	9.589715e-06
7547.398	9.600008e-06
7547.880	9.610210e-06
7548.357	9.610210e-06
7548.839	9.610210e-06
7549.321	9.610210e-06
7549.804	9.619547e-06
7550.286	9.619645e-06
7550.768	9.619645e-06
7551.250	9.619645e-06
7551.737	9.629938e-06
7552.219	9.629938e-06
7552.701	9.629938e-06
7553.184	9.640231e-06
7553.666	9.640231e-06
7554.148	9.640231e-06
7554.630	9.640231e-06
7555.107	9.640216e-06
7555.589	9.629938e-06
7556.071	9.629923e-06
7556.554	9.619645e-06
7557.036	9.619645e-06
7557.518	9.619645e-06
7558.000	9.619645e-06
7558.487	9.619767e-06
7558.969	9.629938e-06
7559.451	9.630060e-06
7559.934	9.640231e-06
7560.416	9.640342e-06
7560.898	9.649666e-06
7561.380	9.649696e-06
7561.857	9.659883e-06
7562.339	9.670176e-06
7562.821	9.679617e-06
7563.304	9.679687e-06
7563.786	9.689904e-06
7564.268	9.709562e-06
7564.750	9.719925e-06
7565.237	9.739760e-06
7565.719	9.750082e-06
7566.201	9.769813e-06
7566.684	9.790476e-06
7567.166	9.799924e-06
7567.648	9.810356e-06
7568.130	9.829945e-06
7568.607	9.840132e-06
7569.089	9.850467e-06
7569.571	9.870153e-06
7570.054	9.880442e-06
7570.536	9.889927e-06
7571.018	9.910509e-06
7571.500	9.930192e-06
7571.987	9.940027e-06
7572.469	9.969727e-06
7572.951	9.990248e-06
7573.434	9.999627e-06
7573.916	1.000022e-05
7574.398	1.009998e-05
7574.880	1.009998e-05
7575.357	1.009998e-05
7575.839	1.009998e-05
7576.321	1.019989e-05
7576.804	1.020034e-05
7577.286	1.020034e-05
7577.768	1.020034e-05
7578.250	1.029984e-05
7578.727	1.029984e-05
7579.209	1.029984e-05
7579.691	1.029984e-05
7580.174	1.039990e-05
7580.656	1.040020e-05
7581.138	1.040020e-05
7581.620	1.040020e-05
7582.107	1.049969e-05
7582.589	1.049969e-05
7583.071	1.049969e-05
7583.554	1.049969e-05
7584.036	1.049969e-05
7584.518	1.049969e-05
7585.000	1.059990e-05
7585.477	1.060005e-05
7585.959	1.060005e-05
7586.441	1.060005e-05
7586.924	1.060005e-05
7587.406	1.060005e-05
7587.888	1.060005e-05
7588.370	1.060005e-05
7588.857	1.060005e-05
7589.339	1.060005e-05
7589.821	1.070041e-05
7590.304	1.070041e-05
7590.786	1.070041e-05
7591.268	1.070041e-05
7591.750	1.070041e-05
7592.227	1.070041e-05
7592.709	1.070041e-05
7593.191	1.070041e-05
7593.674	1.079991e-05
7594.156	1.079991e-05
7594.638	1.079991e-05
7595.120	1.079991e-05
7595.607	1.090026e-05
7596.089	1.090026e-05
7596.571	1.090026e-05
7597.054	1.090041e-05
7597.536	1.099976e-05
7598.018	1.099976e-05
7598.500	1.099991e-05
7598.977	1.109923e-05
7599.459	1.110012e-05
7599.941	1.110012e-05
7600.424	1.119873e-05
7600.906	1.119962e-05
7601.388	1.129820e-05
7601.870	1.129997e-05
7602.357	1.129997e-05
7602.839	1.129997e-05
7603.321	1.139958e-05
7603.804	1.140033e-05
7604.286	1.140033e-05
7604.768	1.140033e-05
7605.250	1.140033e-05
7605.727	1.149806e-05
7606.209	1.149983e-05
7606.691	1.149983e-05
7607.174	1.149983e-05
7607.656	1.149983e-05
7608.138	1.149983e-05
7608.620	1.159958e-05
7609.107	1.160019e-05
7609.589	1.160019e-05
7610.071	1.160019e-05
7610.554	1.160019e-05
7611.036	1.160019e-05
7611.518	1.160019e-05
7612.000	1.160019e-05
7612.477	1.160019e-05
7612.959	1.160019e-05
7613.441	1.169821e-05
7613.924	1.169968e-05
7614.406	1.169968e-05
7614.888	1.169968e-05
7615.370	1.169968e-05
7615.857	1.169968e-05
7616.339	1.179960e-05
7616.821	1.180004e-05
7617.304	1.180004e-05
7617.786	1.180004e-05
7618.268	1.180004e-05
7618.750	1.180004e-05
7619.227	1.180004e-05
7619.709	1.180004e-05
7620.191	1.190010e-05
7620.674	1.190040e-05
7621.156	1.190040e-05
7621.638	1.190040e-05
7622.120	1.190040e-05
7622.607	1.190040e-05
7623.089	1.190040e-05
7623.571	1.190040e-05
7624.054	1.190040e-05
7624.536	1.190040e-05
7625.018	1.190040e-05
7625.500	1.190040e-05
7625.977	1.190040e-05
7626.459	1.190040e-05
7626.941	1.190040e-05
7627.424	1.190040e-05
7627.906	1.190040e-05
7628.388	1.190040e-05
7628.870	1.190040e-05
7629.357	1.190040e-05
7629.839	1.190040e-05
7630.321	1.190040e-05
7630.804	1.190040e-05
7631.286	1.190040e-05
7631.768	1.190040e-05
7632.250	1.190040e-05
7632.727	1.190040e-05
7633.209	1.190040e-05
7633.691	1.190040e-05
7634.174	1.190040e-05
7634.656	1.190040e-05
7635.138	1.190040e-05
7635.620	1.190040e-05
7636.107	1.190025e-05
7636.589	1.180004e-05
7637.071	1.180004e-05
7637.554	1.180004e-05
7638.036	1.180004e-05
7638.518	1.180004e-05
7639.000	1.180004e-05
7639.477	1.180004e-05
7639.959	1.189951e-05
7640.441	1.190040e-05
7640.924	1.190040e-05
7641.406	1.190040e-05
7641.888	1.190040e-05
7642.370	1.190040e-05
7642.857	1.190040e-05
7643.339	1.190040e-05
7643.821	1.190040e-05
7644.304	1.190040e-05
7644.786	1.190040e-05
7645.268	1.190040e-05
7645.750	1.190040e-05
7646.227	1.190040e-05
7646.709	1.190040e-05
7647.191	1.190040e-05
7647.674	1.190040e-05
7648.156	1.190040e-05
7648.638	1.199930e-05
7649.120	1.199990e-05
7649.607	1.199990e-05
7650.089	1.199945e-05
7650.571	1.190040e-05
7651.054	1.190040e-05
7651.536	1.190040e-05
7652.018	1.190040e-05
7652.500	1.190040e-05
7652.977	1.190040e-05
7653.459	1.190040e-05
7653.941	1.190040e-05
7654.424	1.190040e-05
7654.906	1.190040e-05
7655.388	1.190040e-05
7655.870	1.190040e-05
7656.357	1.190040e-05
7656.839	1.190040e-05
7657.321	1.190040e-05
7657.804	1.190040e-05
7658.286	1.190040e-05
7658.768	1.180049e-05
7659.250	1.180004e-05
7659.727	1.180004e-05
7660.209	1.180004e-05
7660.691	1.180004e-05
7661.174	1.180004e-05
7661.656	1.180004e-05
7662.138	1.180004e-05
7662.620	1.180004e-05
7663.107	1.180004e-05
7663.589	1.180004e-05
7664.071	1.180004e-05
7664.554	1.180004e-05
7665.036	1.180004e-05
7665.518	1.180004e-05
7666.000	1.180004e-05
7666.477	1.180004e-05
7666.959	1.180004e-05
7667.441	1.180004e-05
7667.924	1.189921e-05
7668.406	1.190040e-05
7668.888	1.190040e-05
7669.370	1.190040e-05
7669.857	1.190040e-05
7670.339	1.190040e-05
7670.821	1.190142e-05
7671.304	1.199990e-05
7671.786	1.199990e-05
7672.268	1.199990e-05
7672.750	1.199990e-05
7673.227	1.199990e-05
7673.709	1.199990e-05
7674.191	1.210025e-05
7674.674	1.210025e-05
7675.156	1.210025e-05
7675.638	1.210025e-05
7676.120	1.210025e-05
7676.607	1.219975e-05
7677.089	1.219975e-05
7677.571	1.219975e-05
7678.054	1.219975e-05
7678.536	1.219975e-05
7679.018	1.219990e-05
7679.500	1.230011e-05
7679.977	1.230011e-05
7680.459	1.230011e-05
7680.941	1.230011e-05
7681.424	1.239872e-05
7681.906	1.239961e-05
7682.388	1.239961e-05
7682.870	1.239961e-05
7683.357	1.249922e-05
7683.839	1.249996e-05
7684.321	1.249996e-05
7684.804	1.249996e-05
7685.286	1.249996e-05
7685.768	1.259957e-05
7686.250	1.260032e-05
7686.727	1.260032e-05
7687.209	1.260032e-05
7687.691	1.269805e-05
7688.174	1.269982e-05
7688.656	1.269982e-05
7689.138	1.269982e-05
7689.620	1.279957e-05
7690.107	1.280017e-05
7690.589	1.280017e-05
7691.071	1.280017e-05
7691.554	1.280062e-05
7692.036	1.289967e-05
7692.518	1.289967e-05
7693.000	1.289967e-05
7693.477	1.289967e-05
7693.959	1.289967e-05
7694.441	1.299854e-05
7694.924	1.300003e-05
7695.406	1.300003e-05
7695.888	1.300003e-05
7696.370	1.309890e-05
7696.857	1.310039e-05
7697.339	1.310039e-05
7697.821	1.310039e-05
7698.304	1.310039e-05
7698.786	1.319944e-05
7699.268	1.319989e-05
7699.750	1.319989e-05
7700.227	1.319989e-05
7700.709	1.319989e-05
7701.191	1.319989e-05
7701.674	1.329994e-05
7702.156	1.330024e-05
7702.638	1.330024e-05
7703.120	1.330024e-05
7703.607	1.339974e-05
7704.089	1.339974e-05
7704.571	1.339974e-05
7705.054	1.339974e-05
7705.536	1.339974e-05
7706.018	1.349994e-05
7706.500	1.350010e-05
7706.977	1.350010e-05
7707.459	1.350010e-05
7707.941	1.359842e-05
7708.424	1.359960e-05
7708.906	1.359960e-05
7709.388	1.369876e-05
7709.870	1.369995e-05
7710.357	1.369995e-05
7710.839	1.380016e-05
7711.321	1.380031e-05
7711.804	1.380134e-05
7712.286	1.389981e-05
7712.768	1.389981e-05
7713.250	1.389981e-05
7713.727	1.389981e-05
7714.209	1.400016e-05
7714.691	1.400016e-05
7715.174	1.400016e-05
7715.656	1.409966e-05
7716.138	1.409966e-05
7716.620	1.409966e-05
7717.107	1.409966e-05
7717.589	1.409981e-05
7718.071	1.420002e-05
7718.554	1.420002e-05
7719.036	1.420002e-05
7719.518	1.420002e-05
7720.000	1.420002e-05
7720.477	1.420002e-05
7720.959	1.420002e-05
7721.441	1.429949e-05
7721.924	1.430038e-05
7722.406	1.430038e-05
7722.888	1.430038e-05
7723.370	1.430038e-05
7723.857	1.430038e-05
7724.339	1.439914e-05
7724.821	1.439987e-05
7725.304	1.439987e-05
7725.786	1.439987e-05
7726.268	1.439987e-05
7726.750	1.449949e-05
7727.227	1.450023e-05
7727.709	1.450023e-05
7728.191	1.450023e-05
7728.674	1.450023e-05
7729.156	1.450023e-05
7729.638	1.459914e-05
7730.120	1.459973e-05
7730.607	1.459973e-05
7731.089	1.459973e-05
7731.571	1.460018e-05
7732.054	1.470009e-05
7732.536	1.470009e-05
7733.018	1.470009e-05
7733.500	1.470009e-05
7733.977	1.470009e-05
7734.459	1.479812e-05
7734.941	1.479959e-05
7735.424	1.479959e-05
7735.906	1.479959e-05
7736.388	1.489845e-05
7736.870	1.489994e-05
7737.357	1.489994e-05
7737.839	1.489994e-05
7738.321	1.489994e-05
7738.804	1.499985e-05
7739.286	1.500030e-05
7739.768	1.500030e-05
7740.250	1.500030e-05
7740.727	1.500030e-05
7741.209	1.500030e-05
7741.691	1.509950e-05
7742.174	1.509980e-05
7742.656	1.509980e-05
7743.138	1.509980e-05
7743.620	1.509980e-05
7744.107	1.509980e-05
7744.589	1.509980e-05
7745.071	1.509980e-05
7745.554	1.509980e-05
7746.036	1.509980e-05
7746.518	1.509980e-05
7747.000	1.509980e-05
7747.477	1.509980e-05
7747.959	1.509980e-05
7748.441	1.509980e-05
7748.924	1.509980e-05
7749.406	1.509980e-05
7749.888	1.519896e-05
7750.370	1.520015e-05
7750.857	1.520015e-05
7751.339	1.520015e-05
7751.821	1.520015e-05
7752.304	1.519912e-05
7752.786	1.509980e-05
7753.268	1.509980e-05
7753.750	1.509980e-05
7754.227	1.509980e-05
7754.709	1.509980e-05
7755.191	1.509980e-05
7755.674	1.509980e-05
7756.156	1.509980e-05
7756.638	1.509980e-05
7757.120	1.509980e-05
7757.607	1.509980e-05
7758.089	1.509980e-05
7758.571	1.509980e-05
7759.054	1.509980e-05
7759.536	1.509980e-05
7760.018	1.509980e-05
7760.500	1.509980e-05
7760.977	1.509980e-05
7761.459	1.509980e-05
7761.941	1.509980e-05
7762.424	1.509980e-05
7762.906	1.509980e-05
7763.388	1.509980e-05
7763.870	1.509980e-05
7764.357	1.509980e-05
7764.839	1.509980e-05
7765.321	1.509980e-05
7765.804	1.509980e-05
7766.286	1.509980e-05
7766.768	1.509980e-05
7767.250	1.509980e-05
7767.727	1.509980e-05
7768.209	1.509980e-05
7768.691	1.509980e-05
7769.174	1.509980e-05
7769.656	1.509980e-05
7770.138	1.509980e-05
7770.620	1.509980e-05
7771.107	1.520015e-05
7771.589	1.520015e-05
7772.071	1.520015e-05
7772.554	1.520015e-05
7773.036	1.520015e-05
7773.518	1.520015e-05
7774.000	1.520015e-05
7774.477	1.520015e-05
7774.959	1.520015e-05
7775.441	1.520015e-05
7775.924	1.520015e-05
7776.406	1.520015e-05
7776.888	1.520015e-05
7777.370	1.520015e-05
7777.857	1.520015e-05
7778.339	1.520015e-05
7778.821	1.520015e-05
7779.304	1.520015e-05
7779.786	1.520015e-05
7780.268	1.520015e-05
7780.750	1.520015e-05
7781.227	1.520015e-05
7781.709	1.520015e-05
7782.191	1.520015e-05
7782.674	1.520015e-05
7783.156	1.520015e-05
7783.638	1.520015e-05
7784.120	1.520015e-05
7784.607	1.520015e-05
7785.089	1.520015e-05
7785.571	1.520015e-05
7786.054	1.520015e-05
7786.536	1.520015e-05
7787.018	1.520015e-05
7787.500	1.520015e-05
7787.977	1.520015e-05
7788.459	1.520015e-05
7788.941	1.520015e-05
7789.424	1.520015e-05
7789.906	1.520015e-05
7790.388	1.520015e-05
7790.870	1.520015e-05
7791.357	1.520015e-05
7791.839	1.520015e-05
7792.321	1.520015e-05
7792.804	1.520015e-05
7793.286	1.520015e-05
7793.768	1.520015e-05
7794.250	1.520015e-05
7794.727	1.520015e-05
7795.209	1.520015e-05
7795.691	1.520015e-05
7796.174	1.520015e-05
7796.656	1.520015e-05
7797.138	1.520015e-05
7797.620	1.520015e-05
