# Wavenumber(cm-1)	Reflectance (NIST WebBook, PNNL, talc CAS 14807-96-6)
600.8855	0.023336
601.8500	0.023505
602.8085	0.023526
603.7730	0.023523
604.7375	0.023580
605.7020	0.023677
606.6665	0.023715
607.6310	0.023607
608.5955	0.023377
609.5600	0.023173
610.5285	0.023174
611.4930	0.023463
612.4575	0.023971
613.4220	0.024532
614.3865	0.025020
615.3510	0.025428
616.3155	0.025855
617.2800	0.026404
618.2485	0.027114
619.2130	0.027929
620.1775	0.028766
621.1420	0.029566
622.1065	0.030311
623.0710	0.031019
624.0355	0.031726
625.0000	0.032470
625.9585	0.033270
626.9230	0.034110
627.8875	0.034945
628.8520	0.035721
629.8165	0.036415
630.7810	0.037056
631.7455	0.037703
632.7100	0.038403
633.6785	0.039165
634.6430	0.039956
635.6075	0.040724
636.5720	0.041431
637.5365	0.042059
638.5010	0.042609
639.4655	0.043092
640.4300	0.043536
641.3885	0.043986
642.3530	0.044491
643.3175	0.045068
644.2820	0.045687
645.2465	0.046282
646.2110	0.046797
647.1755	0.047220
648.1400	0.047583
649.1085	0.047927
650.0730	0.048273
651.0375	0.048612
652.0020	0.048916
652.9665	0.049151
653.9310	0.049275
654.8955	0.049243
655.8600	0.049020
656.8285	0.048607
657.7930	0.048033
658.7575	0.047347
659.7220	0.046582
660.6865	0.045750
661.6510	0.044849
662.6155	0.043886
663.5800	0.042893
664.5385	0.041939
665.5030	0.041125
666.4675	0.040568
667.4320	0.040376
668.3965	0.040602
669.3610	0.041211
670.3255	0.042069
671.2900	0.042966
672.2585	0.043686
673.2230	0.044066
674.1875	0.044038
675.1520	0.043630
676.1165	0.042933
677.0810	0.042070
678.0455	0.041162
679.0100	0.040310
679.9685	0.039583
680.9330	0.038991
681.8975	0.038480
682.8620	0.037936
683.8265	0.037229
684.7910	0.036255
685.7555	0.034983
686.7200	0.033467
687.6885	0.031816
688.6530	0.030147
689.6175	0.028547
690.5820	0.027058
691.5465	0.025694
692.5110	0.024462
693.4755	0.023373
694.4400	0.022427
695.4085	0.021608
696.3730	0.020888
697.3375	0.020240
698.3020	0.019655
699.2665	0.019146
700.2310	0.018746
701.1955	0.018483
702.1600	0.018366
703.1185	0.018378
704.0830	0.018473
705.0475	0.018595
706.0120	0.018699
706.9765	0.018771
707.9410	0.018830
708.9055	0.018921
709.8700	0.019089
710.8385	0.019365
711.8030	0.019754
712.7675	0.020242
713.7320	0.020805
714.6965	0.021414
715.6610	0.022045
716.6255	0.022683
717.5900	0.023334
718.5485	0.024013
719.5130	0.024734
720.4775	0.025490
721.4420	0.026259
722.4065	0.027020
723.3710	0.027762
724.3355	0.028482
725.3000	0.029187
726.2685	0.029887
727.2330	0.030606
728.1975	0.031371
729.1620	0.032203
730.1265	0.033102
731.0910	0.034054
732.0555	0.035044
733.0200	0.036065
733.9885	0.037107
734.9530	0.038144
735.9175	0.039140
736.8820	0.040065
737.8465	0.040922
738.8110	0.041746
739.7755	0.042587
740.7400	0.043486
741.6985	0.044455
742.6630	0.045478
743.6275	0.046520
744.5920	0.047550
745.5565	0.048548
746.5210	0.049506
747.4855	0.050416
748.4500	0.051266
749.4185	0.052048
750.3830	0.052771
751.3475	0.053464
752.3120	0.054163
753.2765	0.054885
754.2410	0.055626
755.2055	0.056370
756.1700	0.057107
757.1285	0.057837
758.0930	0.058569
759.0575	0.059310
760.0220	0.060070
760.9865	0.060855
761.9510	0.061670
762.9155	0.062508
763.8800	0.063350
764.8485	0.064170
765.8130	0.064947
766.7775	0.065671
767.7420	0.066344
768.7065	0.066975
769.6710	0.067580
770.6355	0.068168
771.6000	0.068738
772.5685	0.069268
773.5330	0.069717
774.4975	0.070037
775.4620	0.070189
776.4265	0.070150
777.3910	0.069922
778.3555	0.069548
779.3200	0.069136
780.2785	0.068854
781.2430	0.068881
782.2075	0.069313
783.1720	0.070106
784.1365	0.071089
785.1010	0.072062
786.0655	0.072917
787.0300	0.073689
787.9930	0.074524
788.9575	0.075582
789.9220	0.076941
790.8865	0.078560
791.8510	0.080305
792.8155	0.082033
793.7800	0.083659
794.7530	0.085173
795.7175	0.086612
796.6820	0.088007
797.6465	0.089355
798.6110	0.090642
799.5755	0.091866
800.5400	0.093054
801.5030	0.094248
802.4675	0.095489
803.4320	0.096803
804.3965	0.098206
805.3610	0.099690
806.3255	0.101219
807.2900	0.102728
808.2530	0.104158
809.2175	0.105482
810.1820	0.106711
811.1465	0.107874
812.1110	0.108993
813.0755	0.110071
814.0400	0.111116
815.0030	0.112152
815.9675	0.113219
816.9320	0.114347
817.8965	0.115546
818.8610	0.116796
819.8255	0.118068
820.7900	0.119328
821.7530	0.120553
822.7175	0.121732
823.6820	0.122879
824.6465	0.124035
825.6110	0.125258
826.5755	0.126593
827.5400	0.128044
828.5030	0.129571
829.4675	0.131119
830.4320	0.132654
831.3965	0.134182
832.3610	0.135729
833.3255	0.137317
834.2900	0.138946
835.2530	0.140590
836.2175	0.142215
837.1820	0.143778
838.1465	0.145236
839.1110	0.146546
840.0755	0.147678
841.0400	0.148627
842.0130	0.149411
842.9775	0.150058
843.9420	0.150587
844.9065	0.151006
845.8710	0.151324
846.8355	0.151563
847.8000	0.151759
848.7630	0.151955
849.7275	0.152176
850.6920	0.152429
851.6565	0.152699
852.6210	0.152957
853.5855	0.153168
854.5500	0.153297
855.5130	0.153316
856.4775	0.153215
857.4420	0.153011
858.4065	0.152739
859.3710	0.152437
860.3355	0.152122
861.3000	0.151788
862.2630	0.151415
863.2275	0.150988
864.1920	0.150507
865.1565	0.149983
866.1210	0.149428
867.0855	0.148854
868.0500	0.148281
869.0130	0.147737
869.9775	0.147248
870.9420	0.146823
871.9065	0.146450
872.8710	0.146105
873.8355	0.145780
874.8000	0.145495
875.7630	0.145289
876.7275	0.145204
877.6920	0.145262
878.6565	0.145462
879.6210	0.145778
880.5855	0.146169
881.5500	0.146591
882.5230	0.147021
883.4875	0.147460
884.4520	0.147929
885.4165	0.148443
886.3810	0.148996
887.3455	0.149557
888.3100	0.150085
889.2730	0.150543
890.2375	0.150906
891.2020	0.151150
892.1665	0.151256
893.1310	0.151215
894.0955	0.151037
895.0600	0.150757
896.0230	0.150420
896.9875	0.150061
897.9520	0.149688
898.9165	0.149274
899.8810	0.148783
900.8455	0.148190
901.8100	0.147515
902.7730	0.146817
903.7375	0.146174
904.7020	0.145641
905.6665	0.145230
906.6310	0.144910
907.5955	0.144637
908.5600	0.144384
909.5230	0.144146
910.4875	0.143920
911.4520	0.143693
912.4165	0.143441
913.3810	0.143147
914.3455	0.142821
915.3100	0.142490
916.2730	0.142179
917.2375	0.141888
918.2020	0.141587
919.1665	0.141234
920.1310	0.140798
921.0955	0.140273
922.0600	0.139672
923.0230	0.139014
923.9875	0.138305
924.9520	0.137529
925.9165	0.136652
926.8810	0.135642
927.8455	0.134481
928.8100	0.133184
929.7830	0.131785
930.7475	0.130320
931.7120	0.128808
932.6765	0.127241
933.6410	0.125595
934.6055	0.123852
935.5700	0.122010
936.5330	0.120085
937.4975	0.118101
938.4620	0.116081
939.4265	0.114045
940.3910	0.112016
941.3555	0.110018
942.3200	0.108076
943.2830	0.106208
944.2475	0.104413
945.2120	0.102672
946.1765	0.100963
947.1410	0.099279
948.1055	0.097634
949.0700	0.096059
950.0330	0.094578
950.9975	0.093200
951.9620	0.091930
952.9265	0.090778
953.8910	0.089760
954.8555	0.088876
955.8200	0.088099
956.7830	0.087384
957.7475	0.086692
958.7120	0.086005
959.6765	0.085326
960.6410	0.084665
961.6055	0.084027
962.5700	0.083415
963.5330	0.082834
964.4975	0.082285
965.4620	0.081759
966.4265	0.081229
967.3910	0.080661
968.3555	0.080030
969.3200	0.079327
970.2885	0.078563
971.2530	0.077765
972.2175	0.076972
973.1820	0.076221
974.1465	0.075532
975.1110	0.074896
976.0755	0.074284
977.0400	0.073663
978.0085	0.073020
978.9730	0.072355
979.9375	0.071678
980.9020	0.070995
981.8665	0.070307
982.8310	0.069613
983.7955	0.068912
984.7600	0.068211
985.7185	0.067515
986.6830	0.066833
987.6475	0.066171
988.6120	0.065535
989.5765	0.064932
990.5410	0.064373
991.5055	0.063874
992.4700	0.063447
993.4385	0.063089
994.4030	0.062782
995.3675	0.062512
996.3320	0.062283
997.2965	0.062126
998.2610	0.062078
999.2255	0.062151
1000.1900	0.062325
1001.1485	0.062552
1002.1130	0.062795
1003.0775	0.063051
1004.0420	0.063349
1005.0065	0.063729
1005.9710	0.064226
1006.9355	0.064866
1007.9000	0.065670
1008.8685	0.066653
1009.8330	0.067809
1010.7975	0.069101
1011.7620	0.070479
1012.7265	0.071907
1013.6910	0.073375
1014.6555	0.074893
1015.6200	0.076452
1016.5830	0.078017
1017.5475	0.079537
1018.5120	0.080978
1019.4765	0.082335
1020.4410	0.083622
1021.4055	0.084850
1022.3700	0.086010
1023.3330	0.087086
1024.2975	0.088059
1025.2620	0.088922
1026.2265	0.089682
1027.1910	0.090359
1028.1555	0.090985
1029.1200	0.091593
1030.0830	0.092198
1031.0475	0.092777
1032.0120	0.093282
1032.9765	0.093663
1033.9410	0.093900
1034.9055	0.094007
1035.8700	0.094014
1036.8430	0.093943
1037.8075	0.093795
1038.7720	0.093564
1039.7365	0.093254
1040.7010	0.092876
1041.6655	0.092439
1042.6300	0.091943
1043.5930	0.091386
1044.5575	0.090770
1045.5220	0.090113
1046.4865	0.089436
1047.4510	0.088756
1048.4155	0.088086
1049.3800	0.087449
1050.3430	0.086890
1051.3075	0.086478
1052.2720	0.086287
1053.2365	0.086371
1054.2010	0.086749
1055.1655	0.087403
1056.1300	0.088288
1057.0930	0.089351
1058.0575	0.090538
1059.0220	0.091795
1059.9865	0.093080
1060.9510	0.094374
1061.9155	0.095683
1062.8800	0.097029
1063.8430	0.098423
1064.8075	0.099841
1065.7720	0.101233
1066.7365	0.102542
1067.7010	0.103740
1068.6655	0.104835
1069.6300	0.105862
1070.5930	0.106853
1071.5575	0.107821
1072.5220	0.108760
1073.4865	0.109664
1074.4510	0.110533
1075.4155	0.111368
1076.3800	0.112164
1077.3430	0.112906
1078.3075	0.113577
1079.2720	0.114174
1080.2365	0.114705
1081.2010	0.115183
1082.1655	0.115617
1083.1300	0.116015
1084.1030	0.116394
1085.0675	0.116769
1086.0320	0.117142
1086.9965	0.117496
1087.9610	0.117803
1088.9255	0.118050
1089.8900	0.118242
1090.8530	0.118407
1091.8175	0.118585
1092.7820	0.118826
1093.7465	0.119186
1094.7110	0.119705
1095.6755	0.120392
1096.6400	0.121213
1097.6030	0.122101
1098.5675	0.122983
1099.5320	0.123806
1100.4965	0.124536
1101.4610	0.125168
1102.4255	0.125710
1103.3900	0.126179
1104.3530	0.126594
1105.3175	0.126966
1106.2820	0.127302
1107.2465	0.127603
1108.2110	0.127870
1109.1755	0.128100
1110.1400	0.128279
1111.1030	0.128390
1112.0675	0.128422
1113.0320	0.128388
1113.9965	0.128314
1114.9610	0.128228
1115.9255	0.128136
1116.8900	0.128027
1117.8530	0.127883
1118.8175	0.127700
1119.7820	0.127493
1120.7465	0.127285
1121.7110	0.127095
1122.6755	0.126927
1123.6400	0.126778
1124.6030	0.126653
1125.5675	0.126566
1126.5320	0.126534
1127.4965	0.126560
1128.4610	0.126631
1129.4255	0.126724
1130.3900	0.126819
1131.3630	0.126909
1132.3275	0.126996
1133.2920	0.127083
1134.2565	0.127165
1135.2210	0.127233
1136.1855	0.127283
1137.1500	0.127323
1138.1130	0.127379
1139.0775	0.127473
1140.0420	0.127617
1141.0065	0.127792
1141.9710	0.127961
1142.9355	0.128079
1143.9000	0.128112
1144.8630	0.128043
1145.8275	0.127873
1146.7920	0.127609
1147.7565	0.127266
1148.7210	0.126853
1149.6855	0.126372
1150.6500	0.125814
1151.6130	0.125170
1152.5775	0.124441
1153.5420	0.123648
1154.5065	0.122817
1155.4710	0.121963
1156.4355	0.121077
1157.4000	0.120133
1158.3630	0.119119
1159.3275	0.118048
1160.2920	0.116959
1161.2565	0.115888
1162.2210	0.114845
1163.1855	0.113808
1164.1500	0.112734
1165.1130	0.111593
1166.0775	0.110378
1167.0420	0.109104
1168.0065	0.107794
1168.9710	0.106458
1169.9355	0.105092
1170.9000	0.103679
1171.8730	0.102198
1172.8375	0.100638
1173.8020	0.098996
1174.7665	0.097284
1175.7310	0.095525
1176.6955	0.093741
1177.6600	0.091951
1178.6230	0.090174
1179.5875	0.088426
1180.5520	0.086730
1181.5165	0.085108
1182.4810	0.083568
1183.4455	0.082103
1184.4100	0.080690
1185.3730	0.079304
1186.3375	0.077919
1187.3020	0.076518
1188.2665	0.075098
1189.2310	0.073667
1190.1955	0.072240
1191.1600	0.070830
1192.1185	0.069438
1193.0830	0.068055
1194.0475	0.066675
1195.0120	0.065297
1195.9765	0.063934
1196.9410	0.062603
1197.9055	0.061315
1198.8700	0.060074
1199.8385	0.058871
1200.8030	0.057698
1201.7675	0.056550
1202.7320	0.055430
1203.6965	0.054349
1204.6610	0.053315
1205.6255	0.052332
1206.5900	0.051396
1207.5585	0.050503
1208.5230	0.049652
1209.4875	0.048848
1210.4520	0.048094
1211.4165	0.047389
1212.3810	0.046731
1213.3455	0.046118
1214.3100	0.045545
1215.2685	0.045004
1216.2330	0.044480
1217.1975	0.043963
1218.1620	0.043455
1219.1265	0.042970
1220.0910	0.042524
1221.0555	0.042121
1222.0200	0.041744
1222.9885	0.041365
1223.9530	0.040961
1224.9175	0.040526
1225.8820	0.040079
1226.8465	0.039651
1227.8110	0.039269
1228.7755	0.038942
1229.7400	0.038660
1230.6985	0.038397
1231.6630	0.038134
1232.6275	0.037865
1233.5920	0.037601
1234.5565	0.037361
1235.5210	0.037165
1236.4855	0.037028
1237.4500	0.036954
1238.4185	0.036937
1239.3830	0.036965
1240.3475	0.037020
1241.3120	0.037089
1242.2765	0.037163
1243.2410	0.037245
1244.2055	0.037345
1245.1700	0.037469
1246.1385	0.037614
1247.1030	0.037764
1248.0675	0.037904
1249.0320	0.038031
1249.9965	0.038163
1250.9610	0.038332
1251.9255	0.038557
1252.8900	0.038839
1253.8485	0.039156
1254.8130	0.039484
1255.7775	0.039814
1256.7420	0.040158
1257.7065	0.040537
1258.6710	0.040971
1259.6355	0.041463
1260.6000	0.041997
1261.5685	0.042546
1262.5330	0.043089
1263.4975	0.043625
1264.4620	0.044166
1265.4265	0.044731
1266.3910	0.045323
1267.3555	0.045927
1268.3200	0.046520
1269.2785	0.047078
1270.2430	0.047588
1271.2075	0.048049
1272.1720	0.048470
1273.1365	0.048871
1274.1010	0.049270
1275.0655	0.049676
1276.0300	0.050087
1276.9985	0.050495
1277.9630	0.050892
1278.9275	0.051276
1279.8920	0.051652
1280.8565	0.052032
1281.8210	0.052425
1282.7855	0.052832
1283.7500	0.053247
1284.7185	0.053650
1285.6830	0.054023
1286.6475	0.054357
1287.6120	0.054653
1288.5765	0.054919
1289.5410	0.055166
1290.5055	0.055399
1291.4700	0.055624
1292.4285	0.055853
1293.3930	0.056106
1294.3575	0.056404
1295.3220	0.056761
1296.2865	0.057181
1297.2510	0.057660
1298.2155	0.058192
1299.1800	0.058772
1300.1485	0.059394
1301.1130	0.060046
1302.0775	0.060714
1303.0420	0.061388
1304.0065	0.062057
1304.9710	0.062715
1305.9355	0.063353
1306.9000	0.063971
1307.8585	0.064581
1308.8230	0.065205
1309.7875	0.065858
1310.7520	0.066543
1311.7165	0.067247
1312.6810	0.067963
1313.6455	0.068698
1314.6100	0.069468
1315.5785	0.070286
1316.5430	0.071156
1317.5075	0.072070
1318.4720	0.073024
1319.4365	0.074021
1320.4010	0.075073
1321.3655	0.076186
1322.3300	0.077355
1323.2930	0.078562
1324.2575	0.079789
1325.2220	0.081025
1326.1865	0.082265
1327.1510	0.083503
1328.1155	0.084722
1329.0800	0.085896
1330.0430	0.087004
1331.0075	0.088042
1331.9720	0.089023
1332.9365	0.089968
1333.9010	0.090900
1334.8655	0.091835
1335.8300	0.092776
1336.8030	0.093710
1337.7675	0.094620
1338.7320	0.095495
1339.6965	0.096335
1340.6610	0.097141
1341.6255	0.097906
1342.5900	0.098611
1343.5530	0.099240
1344.5175	0.099794
1345.4820	0.100296
1346.4465	0.100776
1347.4110	0.101261
1348.3755	0.101772
1349.3400	0.102317
1350.3030	0.102899
1351.2675	0.103512
1352.2320	0.104148
1353.1965	0.104803
1354.1610	0.105478
1355.1255	0.106184
1356.0900	0.106926
1357.0530	0.107706
1358.0175	0.108515
1358.9820	0.109343
1359.9465	0.110175
1360.9110	0.111006
1361.8755	0.111834
1362.8400	0.112663
1363.8030	0.113490
1364.7675	0.114303
1365.7320	0.115089
1366.6965	0.115842
1367.6610	0.116568
1368.6255	0.117279
1369.5900	0.117976
1370.5530	0.118652
1371.5175	0.119291
1372.4820	0.119882
1373.4465	0.120421
1374.4110	0.120903
1375.3755	0.121316
1376.3400	0.121638
1377.3030	0.121851
1378.2675	0.121956
1379.2320	0.121972
1380.1965	0.121931
1381.1610	0.121856
1382.1255	0.121760
1383.0900	0.121654
1384.0630	0.121554
1385.0275	0.121486
1385.9920	0.121471
1386.9565	0.121516
1387.9210	0.121613
1388.8855	0.121747
1389.8500	0.121908
1390.8130	0.122100
1391.7775	0.122337
1392.7420	0.122631
1393.7065	0.122990
1394.6710	0.123415
1395.6355	0.123902
1396.6000	0.124449
1397.5630	0.125051
1398.5275	0.125700
1399.4920	0.126381
1400.4565	0.127074
1401.4210	0.127770
1402.3855	0.128472
1403.3500	0.129205
1404.3130	0.129991
1405.2775	0.130842
1406.2420	0.131741
1407.2065	0.132653
1408.1710	0.133542
1409.1355	0.134392
1410.1000	0.135209
1411.0630	0.136020
1412.0275	0.136857
1412.9920	0.137749
1413.9565	0.138710
1414.9210	0.139739
1415.8855	0.140821
1416.8500	0.141947
1417.8130	0.143111
1418.7775	0.144316
1419.7420	0.145552
1420.7065	0.146790
1421.6710	0.147996
1422.6355	0.149145
1423.6000	0.150228
1424.5630	0.151246
1425.5275	0.152192
1426.4920	0.153054
1427.4565	0.153820
1428.4210	0.154502
1429.3855	0.155129
1430.3500	0.155730
1431.3230	0.156322
1432.2875	0.156897
1433.2520	0.157446
1434.2165	0.157979
1435.1810	0.158529
1436.1455	0.159149
1437.1100	0.159877
1438.0730	0.160727
1439.0375	0.161687
1440.0020	0.162730
1440.9665	0.163830
1441.9310	0.164961
1442.8955	0.166100
1443.8600	0.167229
1444.8230	0.168334
1445.7875	0.169408
1446.7520	0.170434
1447.7165	0.171390
1448.6810	0.172255
1449.6455	0.173021
1450.6100	0.173697
1451.5730	0.174293
1452.5375	0.174805
1453.5020	0.175228
1454.4665	0.175576
1455.4310	0.175900
1456.3955	0.176286
1457.3600	0.176813
1458.3230	0.177519
1459.2875	0.178389
1460.2520	0.179379
1461.2165	0.180446
1462.1810	0.181577
1463.1455	0.182783
1464.1100	0.184091
1465.0730	0.185520
1466.0375	0.187066
1467.0020	0.188703
1467.9665	0.190383
1468.9310	0.192057
1469.8955	0.193691
1470.8600	0.195276
1471.8330	0.196832
1472.7975	0.198390
1473.7620	0.199972
1474.7265	0.201581
1475.6910	0.203203
1476.6555	0.204818
1477.6200	0.206415
1478.5830	0.207996
1479.5475	0.209573
1480.5120	0.211157
1481.4765	0.212753
1482.4410	0.214362
1483.4055	0.215987
1484.3700	0.217631
1485.3330	0.219292
1486.2975	0.220961
1487.2620	0.222622
1488.2265	0.224263
1489.1910	0.225879
1490.1555	0.227473
1491.1200	0.229036
1492.0830	0.230544
1493.0475	0.231964
1494.0120	0.233276
1494.9765	0.234491
1495.9410	0.235647
1496.9055	0.236788
1497.8700	0.237942
1498.8330	0.239103
1499.7975	0.240240
1500.7620	0.241303
1501.7265	0.242232
1502.6910	0.242980
1503.6555	0.243545
1504.6200	0.243993
1505.5830	0.244447
1506.5475	0.245037
1507.5120	0.245820
1508.4765	0.246757
1509.4410	0.247744
1510.4055	0.248679
1511.3700	0.249511
1512.3330	0.250234
1513.2975	0.250857
1514.2620	0.251386
1515.2265	0.251828
1516.1910	0.252204
1517.1555	0.252551
1518.1200	0.252910
1519.0930	0.253321
1520.0575	0.253820
1521.0220	0.254446
1521.9865	0.255224
1522.9510	0.256159
1523.9155	0.257232
1524.8800	0.258409
1525.8430	0.259665
1526.8075	0.260985
1527.7720	0.262356
1528.7365	0.263758
1529.7010	0.265166
1530.6655	0.266560
1531.6300	0.267947
1532.5930	0.269362
1533.5575	0.270851
1534.5220	0.272437
1535.4865	0.274104
1536.4510	0.275816
1537.4155	0.277549
1538.3800	0.279329
1539.3430	0.281219
1540.3075	0.283266
1541.2720	0.285459
1542.2365	0.287724
1543.2010	0.289965
1544.1655	0.292107
1545.1300	0.294110
1546.0930	0.295961
1547.0575	0.297656
1548.0220	0.299189
1548.9865	0.300558
1549.9510	0.301755
1550.9155	0.302782
1551.8800	0.303652
1552.8430	0.304393
1553.8075	0.305037
1554.7720	0.305599
1555.7365	0.306082
1556.7010	0.306511
1557.6655	0.306969
1558.6300	0.307583
1559.5930	0.308464
1560.5575	0.309629
1561.5220	0.310984
1562.4865	0.312375
1563.4510	0.313671
1564.4155	0.314804
1565.3800	0.315763
1566.3530	0.316568
1567.3175	0.317251
1568.2820	0.317859
1569.2465	0.318438
1570.2110	0.319010
1571.1755	0.319542
1572.1400	0.319958
1573.1030	0.320187
1574.0675	0.320226
1575.0320	0.320154
1575.9965	0.320097
1576.9610	0.320150
1577.9255	0.320324
1578.8900	0.320559
1579.8530	0.320781
1580.8175	0.320955
1581.7820	0.321093
1582.7465	0.321223
1583.7110	0.321360
1584.6755	0.321510
1585.6400	0.321677
1586.6030	0.321878
1587.5675	0.322130
1588.5320	0.322434
1589.4965	0.322764
1590.4610	0.323081
1591.4255	0.323346
1592.3900	0.323538
1593.3530	0.323648
1594.3175	0.323672
1595.2820	0.323597
1596.2465	0.323388
1597.2110	0.323003
1598.1755	0.322413
1599.1400	0.321615
1600.1030	0.320632
1601.0675	0.319493
1602.0320	0.318224
1602.9965	0.316835
1603.9610	0.315327
1604.9255	0.313709
1605.8900	0.311998
1606.8630	0.310224
1607.8275	0.308418
1608.7920	0.306612
1609.7565	0.304818
1610.7210	0.303034
1611.6855	0.301240
1612.6500	0.299405
1613.6130	0.297513
1614.5775	0.295575
1615.5420	0.293638
1616.5065	0.291764
1617.4710	0.289991
1618.4355	0.288294
1619.4000	0.286596
1620.3630	0.284806
1621.3275	0.282875
1622.2920	0.280813
1623.2565	0.278661
1624.2210	0.276448
1625.1855	0.274170
1626.1500	0.271787
1627.1130	0.269247
1628.0775	0.266495
1629.0420	0.263483
1630.0065	0.260172
1630.9710	0.256531
1631.9355	0.252546
1632.9000	0.248229
1633.8630	0.243635
1634.8275	0.238873
1635.7920	0.234087
1636.7565	0.229419
1637.7210	0.224965
1638.6855	0.220766
1639.6500	0.216835
1640.6130	0.213193
1641.5775	0.209880
1642.5420	0.206946
1643.5065	0.204424
1644.4710	0.202333
1645.4355	0.200680
1646.4000	0.199457
1647.3630	0.198624
1648.3275	0.198084
1649.2920	0.197707
1650.2565	0.197385
1651.2210	0.197084
1652.1855	0.196842
1653.1500	0.196712
1654.1230	0.196684
1655.0875	0.196659
1656.0520	0.196492
1657.0165	0.196067
1657.9810	0.195337
1658.9455	0.194318
1659.9100	0.193062
1660.8730	0.191626
1661.8375	0.190069
1662.8020	0.188451
1663.7665	0.186826
1664.7310	0.185231
1665.6955	0.183685
1666.6600	0.182215
1667.6230	0.180873
1668.5875	0.179744
1669.5520	0.178925
1670.5165	0.178499
1671.4810	0.178521
1672.4455	0.179029
1673.4100	0.180063
1674.3730	0.181669
1675.3375	0.183888
1676.3020	0.186738
1677.2665	0.190203
1678.2310	0.194234
1679.1955	0.198752
1680.1600	0.203657
1681.1230	0.208835
1682.0875	0.214191
1683.0520	0.219661
1684.0165	0.225206
1684.9810	0.230764
1685.9455	0.236211
1686.9100	0.241371
1687.8730	0.246069
1688.8375	0.250181
1689.8020	0.253644
1690.7665	0.256415
1691.7310	0.258446
1692.6955	0.259698
1693.6600	0.260174
1694.6230	0.259943
1695.5875	0.259113
1696.5520	0.257776
1697.5165	0.255981
1698.4810	0.253759
1699.4455	0.251175
1700.4100	0.248349
1701.3830	0.245431
1702.3475	0.242543
1703.3120	0.239766
1704.2765	0.237171
1705.2410	0.234861
1706.2055	0.232965
1707.1700	0.231602
1708.1330	0.230842
1709.0975	0.230704
1710.0620	0.231183
1711.0265	0.232269
1711.9910	0.233951
1712.9555	0.236202
1713.9200	0.238971
1714.8830	0.242194
1715.8475	0.245801
1716.8120	0.249719
1717.7765	0.253856
1718.7410	0.258087
1719.7055	0.262264
1720.6700	0.266240
1721.6330	0.269910
1722.5975	0.273232
1723.5620	0.276217
1724.5265	0.278893
1725.4910	0.281285
1726.4555	0.283406
1727.4200	0.285262
1728.3830	0.286855
1729.3475	0.288182
1730.3120	0.289242
1731.2765	0.290052
1732.2410	0.290678
1733.2055	0.291227
1734.1700	0.291799
1735.1330	0.292423
1736.0975	0.293034
1737.0620	0.293516
1738.0265	0.293784
1738.9910	0.293823
1739.9555	0.293681
1740.9200	0.293413
1741.8930	0.293044
1742.8575	0.292563
1743.8220	0.291951
1744.7865	0.291195
1745.7510	0.290291
1746.7155	0.289242
1747.6800	0.288055
1748.6430	0.286756
1749.6075	0.285385
1750.5720	0.283986
1751.5365	0.282583
1752.5010	0.281168
1753.4655	0.279710
1754.4300	0.278179
1755.3930	0.276578
1756.3575	0.274952
1757.3220	0.273377
1758.2865	0.271931
1759.2510	0.270672
1760.2155	0.269640
1761.1800	0.268869
1762.1430	0.268387
1763.1075	0.268206
1764.0720	0.268314
1765.0365	0.268684
1766.0010	0.269294
1766.9655	0.270131
1767.9300	0.271179
1768.8930	0.272406
1769.8575	0.273757
1770.8220	0.275170
1771.7865	0.276587
1772.7510	0.277955
1773.7155	0.279218
1774.6800	0.280315
1775.6430	0.281192
1776.6075	0.281817
1777.5720	0.282187
1778.5365	0.282319
1779.5010	0.282231
1780.4655	0.281930
1781.4300	0.281403
1782.3930	0.280629
1783.3575	0.279596
1784.3220	0.278308
1785.2865	0.276784
1786.2510	0.275042
1787.2155	0.273093
1788.1800	0.270937
1789.1530	0.268585
1790.1175	0.266078
1791.0820	0.263499
1792.0465	0.260952
1793.0110	0.258534
1793.9755	0.256298
1794.9400	0.254241
1795.9030	0.252329
1796.8675	0.250528
1797.8320	0.248832
1798.7965	0.247268
1799.7610	0.245881
1800.7255	0.244702
1801.6900	0.243732
1802.6530	0.242937
1803.6175	0.242262
1804.5820	0.241661
1805.5465	0.241106
1806.5110	0.240598
1807.4755	0.240143
1808.4400	0.239743
1809.4030	0.239389
1810.3675	0.239064
1811.3320	0.238754
1812.2965	0.238447
1813.2610	0.238130
1814.2255	0.237788
1815.1900	0.237414
1816.1530	0.237015
1817.1175	0.236617
1818.0820	0.236266
1819.0465	0.236017
1820.0110	0.235921
1820.9755	0.236020
1821.9400	0.236351
1822.9030	0.236946
1823.8675	0.237840
1824.8320	0.239063
1825.7965	0.240630
1826.7610	0.242538
1827.7255	0.244769
1828.6900	0.247311
1829.6630	0.250165
1830.6275	0.253335
1831.5920	0.256812
1832.5565	0.260562
1833.5210	0.264518
1834.4855	0.268599
1835.4500	0.272717
1836.4130	0.276797
1837.3775	0.280773
1838.3420	0.284591
1839.3065	0.288198
1840.2710	0.291541
1841.2355	0.294577
1842.2000	0.297280
1843.1630	0.299648
1844.1275	0.301694
1845.0920	0.303423
1846.0565	0.304824
1847.0210	0.305870
1847.9855	0.306538
1848.9500	0.306829
1849.9130	0.306778
1850.8775	0.306446
1851.8420	0.305901
1852.8065	0.305209
1853.7710	0.304428
1854.7355	0.303610
1855.7000	0.302810
1856.6630	0.302077
1857.6275	0.301453
1858.5920	0.300965
1859.5565	0.300621
1860.5210	0.300421
1861.4855	0.300356
1862.4500	0.300417
1863.4130	0.300591
1864.3775	0.300866
1865.3420	0.301226
1866.3065	0.301665
1867.2710	0.302195
1868.2355	0.302847
1869.2000	0.303660
1870.1630	0.304671
1871.1275	0.305895
1872.0920	0.307326
1873.0565	0.308939
1874.0210	0.310707
1874.9855	0.312611
1875.9500	0.314644
1876.9230	0.316810
1877.8875	0.319101
1878.8520	0.321487
1879.8165	0.323908
1880.7810	0.326289
1881.7455	0.328556
1882.7100	0.330652
1883.6730	0.332536
1884.6375	0.334183
1885.6020	0.335580
1886.5665	0.336732
1887.5310	0.337656
1888.4955	0.338379
1889.4600	0.338929
1890.4230	0.339324
1891.3875	0.339575
1892.3520	0.339684
1893.3165	0.339644
1894.2810	0.339441
1895.2455	0.339065
1896.2100	0.338512
1897.1730	0.337793
1898.1375	0.336924
1899.1020	0.335917
1900.0665	0.334781
1901.0310	0.333519
1901.9955	0.332132
1902.9600	0.330621
1903.9230	0.328990
1904.8875	0.327238
1905.8520	0.325365
1906.8165	0.323381
1907.7810	0.321309
1908.7455	0.319182
1909.7100	0.317040
1910.6730	0.314921
1911.6375	0.312861
1912.6020	0.310897
1913.5665	0.309069
1914.5310	0.307427
1915.4955	0.306038
1916.4600	0.304974
1917.4230	0.304308
1918.3875	0.304086
1919.3520	0.304322
1920.3165	0.305001
1921.2810	0.306091
1922.2455	0.307562
1923.2100	0.309377
1924.1830	0.311491
1925.1475	0.313846
1926.1120	0.316383
1927.0765	0.319052
1928.0410	0.321806
1929.0055	0.324596
1929.9700	0.327370
1930.9330	0.330078
1931.8975	0.332685
1932.8620	0.335169
1933.8265	0.337514
1934.7910	0.339699
1935.7555	0.341697
1936.7200	0.343483
1937.6830	0.345044
1938.6475	0.346377
1939.6120	0.347494
1940.5765	0.348427
1941.5410	0.349222
1942.5055	0.349938
1943.4700	0.350636
1944.4330	0.351373
1945.3975	0.352200
1946.3620	0.353172
1947.3265	0.354338
1948.2910	0.355733
1949.2555	0.357375
1950.2200	0.359269
1951.1830	0.361429
1952.1475	0.363886
1953.1120	0.366681
1954.0765	0.369856
1955.0410	0.373442
1956.0055	0.377465
1956.9700	0.381946
1957.9330	0.386894
1958.8975	0.392287
1959.8620	0.398063
1960.8265	0.404136
1961.7910	0.410414
1962.7555	0.416814
1963.7200	0.423267
1964.6930	0.429707
1965.6575	0.436077
1966.6220	0.442321
1967.5865	0.448393
1968.5510	0.454248
1969.5155	0.459844
1970.4800	0.465150
1971.4430	0.470152
1972.4075	0.474854
1973.3720	0.479273
1974.3365	0.483417
1975.3010	0.487291
1976.2655	0.490892
1977.2300	0.494224
1978.1930	0.497302
1979.1575	0.500147
1980.1220	0.502773
1981.0865	0.505181
1982.0510	0.507359
1983.0155	0.509300
1983.9800	0.511017
1984.9430	0.512535
1985.9075	0.513882
1986.8720	0.515077
1987.8365	0.516121
1988.8010	0.517014
1989.7655	0.517763
1990.7300	0.518391
1991.6930	0.518932
1992.6575	0.519415
1993.6220	0.519853
1994.5865	0.520243
1995.5510	0.520577
1996.5155	0.520863
1997.4800	0.521115
1998.4430	0.521355
1999.4075	0.521588
2000.3720	0.521808
2001.3365	0.522002
2002.3010	0.522164
2003.2655	0.522302
2004.2300	0.522428
2005.1930	0.522555
2006.1575	0.522682
2007.1220	0.522794
2008.0865	0.522870
2009.0510	0.522893
2010.0155	0.522852
2010.9800	0.522747
2011.9530	0.522581
2012.9175	0.522346
2013.8820	0.522033
2014.8465	0.521628
2015.8110	0.521135
2016.7755	0.520575
2017.7400	0.519988
2018.7030	0.519421
2019.6675	0.518913
2020.6320	0.518502
2021.5965	0.518224
2022.5610	0.518121
2023.5255	0.518235
2024.4900	0.518591
2025.4530	0.519197
2026.4175	0.520039
2027.3820	0.521105
2028.3465	0.522390
2029.3110	0.523884
2030.2755	0.525559
2031.2400	0.527356
2032.2030	0.529206
2033.1675	0.531053
2034.1320	0.532875
2035.0965	0.534686
2036.0610	0.536511
2037.0255	0.538361
2037.9900	0.540229
2038.9530	0.542097
2039.9175	0.543957
2040.8820	0.545810
2041.8465	0.547664
2042.8110	0.549512
2043.7755	0.551337
2044.7400	0.553117
2045.7030	0.554838
2046.6675	0.556499
2047.6320	0.558106
2048.5965	0.559661
2049.5610	0.561159
2050.5255	0.562589
2051.4900	0.563946
2052.4530	0.565232
2053.4175	0.566450
2054.3820	0.567600
2055.3465	0.568675
2056.3110	0.569661
2057.2755	0.570545
2058.2400	0.571325
2059.2130	0.572013
2060.1775	0.572626
2061.1420	0.573183
2062.1065	0.573695
2063.0710	0.574163
2064.0355	0.574588
2065.0000	0.574973
2065.9630	0.575333
2066.9275	0.575695
2067.8920	0.576095
2068.8565	0.576563
2069.8210	0.577115
2070.7855	0.577746
2071.7500	0.578435
2072.7130	0.579155
2073.6775	0.579883
2074.6420	0.580607
2075.6065	0.581327
2076.5710	0.582052
2077.5355	0.582798
2078.5000	0.583573
2079.4630	0.584379
2080.4275	0.585207
2081.3920	0.586045
2082.3565	0.586888
2083.3210	0.587737
2084.2855	0.588597
2085.2500	0.589469
2086.2130	0.590346
2087.1775	0.591216
2088.1420	0.592073
2089.1065	0.592924
2090.0710	0.593797
2091.0355	0.594723
2092.0000	0.595728
2092.9630	0.596826
2093.9275	0.598019
2094.8920	0.599309
2095.8565	0.600697
2096.8210	0.602176
2097.7855	0.603727
2098.7500	0.605311
2099.7230	0.606885
2100.6875	0.608407
2101.6520	0.609837
2102.6165	0.611141
2103.5810	0.612296
2104.5455	0.613295
2105.5100	0.614141
2106.4730	0.614840
2107.4375	0.615394
2108.4020	0.615795
2109.3665	0.616036
2110.3310	0.616116
2111.2955	0.616046
2112.2600	0.615839
2113.2230	0.615503
2114.1875	0.615054
2115.1520	0.614518
2116.1165	0.613942
2117.0810	0.613382
2118.0455	0.612885
2119.0100	0.612469
2119.9730	0.612126
2120.9375	0.611841
2121.9020	0.611621
2122.8665	0.611489
2123.8310	0.611477
2124.7955	0.611599
2125.7600	0.611841
2126.7230	0.612179
2127.6875	0.612601
2128.6520	0.613109
2129.6165	0.613711
2130.5810	0.614404
2131.5455	0.615163
2132.5100	0.615953
2133.4730	0.616745
2134.4375	0.617518
2135.4020	0.618259
2136.3665	0.618952
2137.3310	0.619584
2138.2955	0.620144
2139.2600	0.620631
2140.2230	0.621055
2141.1875	0.621427
2142.1520	0.621758
2143.1165	0.622050
2144.0810	0.622303
2145.0455	0.622519
2146.0100	0.622716
2146.9830	0.622922
2147.9475	0.623175
2148.9120	0.623510
2149.8765	0.623959
2150.8410	0.624544
2151.8055	0.625291
2152.7700	0.626228
2153.7330	0.627378
2154.6975	0.628747
2155.6620	0.630320
2156.6265	0.632063
2157.5910	0.633937
2158.5555	0.635912
2159.5200	0.637970
2160.4830	0.640093
2161.4475	0.642259
2162.4120	0.644446
2163.3765	0.646647
2164.3410	0.648867
2165.3055	0.651109
2166.2700	0.653358
2167.2330	0.655578
2168.1975	0.657724
2169.1620	0.659773
2170.1265	0.661724
2171.0910	0.663599
2172.0555	0.665419
2173.0200	0.667198
2173.9830	0.668935
2174.9475	0.670619
2175.9120	0.672235
2176.8765	0.673774
2177.8410	0.675234
2178.8055	0.676622
2179.7700	0.677948
2180.7330	0.679218
2181.6975	0.680432
2182.6620	0.681584
2183.6265	0.682666
2184.5910	0.683674
2185.5555	0.684610
2186.5200	0.685493
2187.4830	0.686344
2188.4475	0.687186
2189.4120	0.688025
2190.3765	0.688850
2191.3410	0.689639
2192.3055	0.690371
2193.2700	0.691043
2194.2430	0.691669
2195.2075	0.692272
2196.1720	0.692871
2197.1365	0.693477
2198.1010	0.694086
2199.0655	0.694687
2200.0300	0.695265
2200.9930	0.695805
2201.9575	0.696297
2202.9220	0.696736
2203.8865	0.697122
2204.8510	0.697469
2205.8155	0.697796
2206.7800	0.698126
2207.7430	0.698469
2208.7075	0.698818
2209.6720	0.699161
2210.6365	0.699489
2211.6010	0.699802
2212.5655	0.700107
2213.5300	0.700402
2214.4930	0.700672
2215.4575	0.700908
2216.4220	0.701109
2217.3865	0.701288
2218.3510	0.701460
2219.3155	0.701633
2220.2800	0.701804
2221.2430	0.701976
2222.2075	0.702157
2223.1720	0.702361
2224.1365	0.702594
2225.1010	0.702848
2226.0655	0.703109
2227.0300	0.703364
2227.9930	0.703614
2228.9575	0.703865
2229.9220	0.704125
2230.8865	0.704387
2231.8510	0.704633
2232.8155	0.704845
2233.7800	0.705020
2234.7530	0.705174
2235.7175	0.705326
2236.6820	0.705486
2237.6465	0.705648
2238.6110	0.705801
2239.5755	0.705937
2240.5400	0.706060
2241.5030	0.706183
2242.4675	0.706324
2243.4320	0.706500
2244.3965	0.706732
2245.3610	0.707036
2246.3255	0.707414
2247.2900	0.707850
2248.2530	0.708326
2249.2175	0.708829
2250.1820	0.709369
2251.1465	0.709965
2252.1110	0.710630
2253.0755	0.711360
2254.0400	0.712129
2255.0030	0.712901
2255.9675	0.713649
2256.9320	0.714364
2257.8965	0.715055
2258.8610	0.715737
2259.8255	0.716416
2260.7900	0.717085
2261.7530	0.717723
2262.7175	0.718314
2263.6820	0.718853
2264.6465	0.719355
2265.6110	0.719839
2266.5755	0.720322
2267.5400	0.720810
2268.5030	0.721304
2269.4675	0.721805
2270.4320	0.722315
2271.3965	0.722834
2272.3610	0.723359
2273.3255	0.723886
2274.2900	0.724409
2275.2530	0.724927
2276.2175	0.725445
2277.1820	0.725975
2278.1465	0.726522
2279.1110	0.727075
2280.0755	0.727607
2281.0400	0.728088
2282.0130	0.728506
2282.9775	0.728873
2283.9420	0.729215
2284.9065	0.729553
2285.8710	0.729893
2286.8355	0.730226
2287.8000	0.730542
2288.7630	0.730839
2289.7275	0.731117
2290.6920	0.731382
2291.6565	0.731637
2292.6210	0.731879
2293.5855	0.732101
2294.5500	0.732296
2295.5130	0.732460
2296.4775	0.732597
2297.4420	0.732721
2298.4065	0.732851
2299.3710	0.733005
2300.3355	0.733194
2301.3000	0.733412
2302.2630	0.733633
2303.2275	0.733819
2304.1920	0.733942
2305.1565	0.734004
2306.1210	0.734034
2307.0855	0.734074
2308.0500	0.734153
2309.0130	0.734273
2309.9775	0.734422
2310.9420	0.734584
2311.9065	0.734744
2312.8710	0.734891
2313.8355	0.735014
2314.8000	0.735107
2315.7630	0.735172
2316.7275	0.735224
2317.6920	0.735289
2318.6565	0.735389
2319.6210	0.735537
2320.5855	0.735727
2321.5500	0.735939
2322.5230	0.736144
2323.4875	0.736321
2324.4520	0.736461
2325.4165	0.736573
2326.3810	0.736672
2327.3455	0.736771
2328.3100	0.736872
2329.2730	0.736969
2330.2375	0.737063
2331.2020	0.737168
2332.1665	0.737305
2333.1310	0.737481
2334.0955	0.737683
2335.0600	0.737884
2336.0230	0.738057
2336.9875	0.738199
2337.9520	0.738327
2338.9165	0.738469
2339.8810	0.738644
2340.8455	0.738856
2341.8100	0.739092
2342.7730	0.739336
2343.7375	0.739573
2344.7020	0.739795
2345.6665	0.740004
2346.6310	0.740203
2347.5955	0.740391
2348.5600	0.740564
2349.5230	0.740716
2350.4875	0.740843
2351.4520	0.740950
2352.4165	0.741051
2353.3810	0.741161
2354.3455	0.741294
2355.3100	0.741452
2356.2730	0.741623
2357.2375	0.741789
2358.2020	0.741936
2359.1665	0.742056
2360.1310	0.742152
2361.0955	0.742226
2362.0600	0.742280
2363.0230	0.742315
2363.9875	0.742333
2364.9520	0.742332
2365.9165	0.742309
2366.8810	0.742265
2367.8455	0.742211
2368.8100	0.742169
2369.7830	0.742164
2370.7475	0.742208
2371.7120	0.742297
2372.6765	0.742414
2373.6410	0.742546
2374.6055	0.742693
2375.5700	0.742860
2376.5330	0.743047
2377.4975	0.743237
2378.4620	0.743404
2379.4265	0.743528
2380.3910	0.743605
2381.3555	0.743652
2382.3200	0.743686
2383.2830	0.743714
2384.2475	0.743730
2385.2120	0.743722
2386.1765	0.743687
2387.1410	0.743637
2388.1055	0.743601
2389.0700	0.743606
2390.0330	0.743669
2390.9975	0.743781
2391.9620	0.743911
2392.9265	0.744027
2393.8910	0.744111
2394.8555	0.744165
2395.8200	0.744211
2396.7830	0.744265
2397.7475	0.744335
2398.7120	0.744411
2399.6765	0.744484
2400.6410	0.744553
2401.6055	0.744628
2402.5700	0.744721
2403.5330	0.744833
2404.4975	0.744945
2405.4620	0.745031
2406.4265	0.745070
2407.3910	0.745066
2408.3555	0.745042
2409.3200	0.745032
2410.2830	0.745058
2411.2475	0.745126
2412.2120	0.745221
2413.1765	0.745317
2414.1410	0.745395
2415.1055	0.745453
2416.0700	0.745506
2417.0430	0.745574
2418.0075	0.745667
2418.9720	0.745782
2419.9365	0.745905
2420.9010	0.746022
2421.8655	0.746123
2422.8300	0.746205
2423.7930	0.746269
2424.7575	0.746323
2425.7220	0.746377
2426.6865	0.746435
2427.6510	0.746495
2428.6155	0.746545
2429.5800	0.746579
2430.5430	0.746593
2431.5075	0.746594
2432.4720	0.746590
2433.4365	0.746585
2434.4010	0.746583
2435.3655	0.746581
2436.3300	0.746571
2437.2930	0.746547
2438.2575	0.746504
2439.2220	0.746439
2440.1865	0.746355
2441.1510	0.746252
2442.1155	0.746139
2443.0800	0.746028
2444.0430	0.745932
2445.0075	0.745861
2445.9720	0.745816
2446.9365	0.745794
2447.9010	0.745788
2448.8655	0.745786
2449.8300	0.745769
2450.7930	0.745719
2451.7575	0.745630
2452.7220	0.745517
2453.6865	0.745409
2454.6510	0.745335
2455.6155	0.745307
2456.5800	0.745315
2457.5530	0.745333
2458.5175	0.745340
2459.4820	0.745324
2460.4465	0.745292
2461.4110	0.745259
2462.3755	0.745234
2463.3400	0.745221
2464.3030	0.745207
2465.2675	0.745178
2466.2320	0.745124
2467.1965	0.745042
2468.1610	0.744943
2469.1255	0.744843
2470.0900	0.744755
2471.0530	0.744680
2472.0175	0.744608
2472.9820	0.744520
2473.9465	0.744405
2474.9110	0.744265
2475.8755	0.744107
2476.8400	0.743942
2477.8030	0.743773
2478.7675	0.743594
2479.7320	0.743400
2480.6965	0.743191
2481.6610	0.742970
2482.6255	0.742741
2483.5900	0.742503
2484.5530	0.742249
2485.5175	0.741973
2486.4820	0.741673
2487.4465	0.741349
2488.4110	0.741001
2489.3755	0.740622
2490.3400	0.740201
2491.3030	0.739721
2492.2675	0.739166
2493.2320	0.738528
2494.1965	0.737807
2495.1610	0.737013
2496.1255	0.736157
2497.0900	0.735244
2498.0530	0.734270
2499.0175	0.733235
2499.9820	0.732150
2500.9465	0.731039
2501.9110	0.729927
2502.8755	0.728818
2503.8400	0.727696
2504.8130	0.726540
2505.7775	0.725341
2506.7420	0.724108
2507.7065	0.722856
2508.6710	0.721593
2509.6355	0.720320
2510.6000	0.719035
2511.5630	0.717741
2512.5275	0.716449
2513.4920	0.715165
2514.4565	0.713899
2515.4210	0.712667
2516.3855	0.711496
2517.3500	0.710426
2518.3130	0.709504
2519.2775	0.708765
2520.2420	0.708227
2521.2065	0.707891
2522.1710	0.707747
2523.1355	0.707777
2524.1000	0.707959
2525.0630	0.708267
2526.0275	0.708671
2526.9920	0.709145
2527.9565	0.709674
2528.9210	0.710255
2529.8855	0.710890
2530.8500	0.711579
2531.8130	0.712311
2532.7775	0.713060
2533.7420	0.713798
2534.7065	0.714502
2535.6710	0.715171
2536.6355	0.715817
2537.6000	0.716453
2538.5630	0.717076
2539.5275	0.717667
2540.4920	0.718198
2541.4565	0.718652
2542.4210	0.719031
2543.3855	0.719354
2544.3500	0.719647
2545.3130	0.719939
2546.2775	0.720245
2547.2420	0.720570
2548.2065	0.720908
2549.1710	0.721252
2550.1355	0.721604
2551.1000	0.721980
2552.0730	0.722408
2553.0375	0.722909
2554.0020	0.723494
2554.9665	0.724157
2555.9310	0.724882
2556.8955	0.725648
2557.8600	0.726430
2558.8230	0.727212
2559.7875	0.727986
2560.7520	0.728751
2561.7165	0.729507
2562.6810	0.730244
2563.6455	0.730943
2564.6100	0.731585
2565.5730	0.732153
2566.5375	0.732639
2567.5020	0.733044
2568.4665	0.733375
2569.4310	0.733644
2570.3955	0.733871
2571.3600	0.734072
2572.3230	0.734257
2573.2875	0.734429
2574.2520	0.734591
2575.2165	0.734757
2576.1810	0.734947
2577.1455	0.735177
2578.1100	0.735445
2579.0730	0.735729
2580.0375	0.736007
2581.0020	0.736267
2581.9665	0.736519
2582.9310	0.736781
2583.8955	0.737068
2584.8600	0.737388
2585.8230	0.737740
2586.7875	0.738117
2587.7520	0.738512
2588.7165	0.738918
2589.6810	0.739335
2590.6455	0.739773
2591.6100	0.740249
2592.5830	0.740779
2593.5475	0.741365
2594.5120	0.741985
2595.4765	0.742606
2596.4410	0.743192
2597.4055	0.743722
2598.3700	0.744194
2599.3330	0.744615
2600.2975	0.744992
2601.2620	0.745324
2602.2265	0.745604
2603.1910	0.745827
2604.1555	0.745990
2605.1200	0.746093
2606.0830	0.746142
2607.0475	0.746145
2608.0120	0.746110
2608.9765	0.746045
2609.9410	0.745953
2610.9055	0.745843
2611.8700	0.745729
2612.8330	0.745625
2613.7975	0.745528
2614.7620	0.745415
2615.7265	0.745255
2616.6910	0.745035
2617.6555	0.744767
2618.6200	0.744483
2619.5830	0.744213
2620.5475	0.743965
2621.5120	0.743732
2622.4765	0.743503
2623.4410	0.743278
2624.4055	0.743071
2625.3700	0.742906
2626.3330	0.742807
2627.2975	0.742800
2628.2620	0.742905
2629.2265	0.743131
2630.1910	0.743475
2631.1555	0.743912
2632.1200	0.744405
2633.0830	0.744919
2634.0475	0.745438
2635.0120	0.745959
2635.9765	0.746487
2636.9410	0.747019
2637.9055	0.747542
2638.8700	0.748044
2639.8430	0.748522
2640.8075	0.748981
2641.7720	0.749429
2642.7365	0.749867
2643.7010	0.750295
2644.6655	0.750707
2645.6300	0.751098
2646.5930	0.751466
2647.5575	0.751816
2648.5220	0.752152
2649.4865	0.752482
2650.4510	0.752809
2651.4155	0.753138
2652.3800	0.753472
2653.3430	0.753807
2654.3075	0.754135
2655.2720	0.754445
2656.2365	0.754730
2657.2010	0.754991
2658.1655	0.755237
2659.1300	0.755478
2660.0930	0.755718
2661.0575	0.755954
2662.0220	0.756175
2662.9865	0.756366
2663.9510	0.756520
2664.9155	0.756637
2665.8800	0.756729
2666.8430	0.756813
2667.8075	0.756902
2668.7720	0.757003
2669.7365	0.757111
2670.7010	0.757213
2671.6655	0.757298
2672.6300	0.757353
2673.5930	0.757380
2674.5575	0.757388
2675.5220	0.757389
2676.4865	0.757388
2677.4510	0.757379
2678.4155	0.757352
2679.3800	0.757298
2680.3430	0.757214
2681.3075	0.757106
2682.2720	0.756988
2683.2365	0.756875
2684.2010	0.756784
2685.1655	0.756722
2686.1300	0.756689
2687.1030	0.756676
2688.0675	0.756669
2689.0320	0.756655
2689.9965	0.756624
2690.9610	0.756572
2691.9255	0.756497
2692.8900	0.756403
2693.8530	0.756296
2694.8175	0.756191
2695.7820	0.756098
2696.7465	0.756018
2697.7110	0.755938
2698.6755	0.755850
2699.6400	0.755763
2700.6030	0.755697
2701.5675	0.755664
2702.5320	0.755652
2703.4965	0.755620
2704.4610	0.755491
2705.4255	0.755129
2706.3900	0.754361
2707.3530	0.753077
2708.3175	0.751393
2709.2820	0.749716
2710.2465	0.748612
2711.2110	0.748489
2712.1755	0.749336
2713.1400	0.750736
2714.1030	0.752130
2715.0675	0.753132
2716.0320	0.753659
2716.9965	0.753839
2717.9610	0.753840
2718.9255	0.753769
2719.8900	0.753665
2720.8530	0.753542
2721.8175	0.753412
2722.7820	0.753278
2723.7465	0.753136
2724.7110	0.752982
2725.6755	0.752818
2726.6400	0.752652
2727.6130	0.752484
2728.5775	0.752314
2729.5420	0.752140
2730.5065	0.751969
2731.4710	0.751819
2732.4355	0.751702
2733.4000	0.751621
2734.3630	0.751565
2735.3275	0.751518
2736.2920	0.751471
2737.2565	0.751420
2738.2210	0.751363
2739.1855	0.751282
2740.1500	0.751154
2741.1130	0.750962
2742.0775	0.750714
2743.0420	0.750443
2744.0065	0.750187
2744.9710	0.749979
2745.9355	0.749829
2746.9000	0.749724
2747.8630	0.749641
2748.8275	0.749556
2749.7920	0.749458
2750.7565	0.749347
2751.7210	0.749227
2752.6855	0.749105
2753.6500	0.748983
2754.6130	0.748865
2755.5775	0.748751
2756.5420	0.748632
2757.5065	0.748501
2758.4710	0.748362
2759.4355	0.748236
2760.4000	0.748144
2761.3630	0.748089
2762.3275	0.748049
2763.2920	0.747995
2764.2565	0.747910
2765.2210	0.747800
2766.1855	0.747675
2767.1500	0.747545
2768.1130	0.747410
2769.0775	0.747274
2770.0420	0.747141
2771.0065	0.747017
2771.9710	0.746904
2772.9355	0.746799
2773.9000	0.746703
2774.8730	0.746613
2775.8375	0.746525
2776.8020	0.746420
2777.7665	0.746280
2778.7310	0.746095
2779.6955	0.745878
2780.6600	0.745660
2781.6230	0.745474
2782.5875	0.745328
2783.5520	0.745209
2784.5165	0.745090
2785.4810	0.744952
2786.4455	0.744789
2787.4100	0.744602
2788.3730	0.744394
2789.3375	0.744171
2790.3020	0.743939
2791.2665	0.743705
2792.2310	0.743470
2793.1955	0.743228
2794.1600	0.742969
2795.1230	0.742694
2796.0875	0.742416
2797.0520	0.742156
2798.0165	0.741929
2798.9810	0.741735
2799.9455	0.741556
2800.9100	0.741371
2801.8730	0.741162
2802.8375	0.740930
2803.8020	0.740688
2804.7665	0.740445
2805.7310	0.740205
2806.6955	0.739963
2807.6600	0.739711
2808.6230	0.739444
2809.5875	0.739161
2810.5520	0.738869
2811.5165	0.738577
2812.4810	0.738296
2813.4455	0.738028
2814.4100	0.737762
2815.3730	0.737482
2816.3375	0.737180
2817.3020	0.736859
2818.2665	0.736531
2819.2310	0.736210
2820.1955	0.735904
2821.1600	0.735610
2822.1330	0.735316
2823.0975	0.735007
2824.0620	0.734678
2825.0265	0.734331
2825.9910	0.733982
2826.9555	0.733637
2827.9200	0.733289
2828.8830	0.732913
2829.8475	0.732481
2830.8120	0.731981
2831.7765	0.731417
2832.7410	0.730814
2833.7055	0.730193
2834.6700	0.729566
2835.6330	0.728923
2836.5975	0.728247
2837.5620	0.727525
2838.5265	0.726760
2839.4910	0.725966
2840.4555	0.725156
2841.4200	0.724328
2842.3830	0.723469
2843.3475	0.722561
2844.3120	0.721601
2845.2765	0.720599
2846.2410	0.719577
2847.2055	0.718552
2848.1700	0.717533
2849.1330	0.716515
2850.0975	0.715480
2851.0620	0.714418
2852.0265	0.713342
2852.9910	0.712288
2853.9555	0.711303
2854.9200	0.710423
2855.8830	0.709649
2856.8475	0.708956
2857.8120	0.708305
2858.7765	0.707675
2859.7410	0.707060
2860.7055	0.706470
2861.6700	0.705907
2862.6430	0.705364
2863.6075	0.704821
2864.5720	0.704269
2865.5365	0.703710
2866.5010	0.703156
2867.4655	0.702619
2868.4300	0.702102
2869.3930	0.701604
2870.3575	0.701126
2871.3220	0.700682
2872.2865	0.700295
2873.2510	0.699993
2874.2155	0.699799
2875.1800	0.699720
2876.1430	0.699737
2877.1075	0.699816
2878.0720	0.699912
2879.0365	0.699991
2880.0010	0.700040
2880.9655	0.700063
2881.9300	0.700078
2882.8930	0.700102
2883.8575	0.700141
2884.8220	0.700183
2885.7865	0.700202
2886.7510	0.700167
2887.7155	0.700060
2888.6800	0.699877
2889.6430	0.699626
2890.6075	0.699315
2891.5720	0.698953
2892.5365	0.698548
2893.5010	0.698119
2894.4655	0.697686
2895.4300	0.697269
2896.3930	0.696869
2897.3575	0.696483
2898.3220	0.696106
2899.2865	0.695745
2900.2510	0.695415
2901.2155	0.695126
2902.1800	0.694873
2903.1430	0.694628
2904.1075	0.694365
2905.0720	0.694071
2906.0365	0.693761
2907.0010	0.693468
2907.9655	0.693217
2908.9300	0.693000
2909.9030	0.692778
2910.8675	0.692498
2911.8320	0.692124
2912.7965	0.691656
2913.7610	0.691115
2914.7255	0.690523
2915.6900	0.689886
2916.6530	0.689196
2917.6175	0.688448
2918.5820	0.687650
2919.5465	0.686823
2920.5110	0.686000
2921.4755	0.685214
2922.4400	0.684491
2923.4030	0.683847
2924.3675	0.683282
2925.3320	0.682787
2926.2965	0.682362
2927.2610	0.682013
2928.2255	0.681751
2929.1900	0.681572
2930.1530	0.681455
2931.1175	0.681379
2932.0820	0.681338
2933.0465	0.681340
2934.0110	0.681388
2934.9755	0.681466
2935.9400	0.681537
2936.9030	0.681575
2937.8675	0.681568
2938.8320	0.681512
2939.7965	0.681399
2940.7610	0.681215
2941.7255	0.680957
2942.6900	0.680647
2943.6530	0.680314
2944.6175	0.679972
2945.5820	0.679599
2946.5465	0.679145
2947.5110	0.678566
2948.4755	0.677847
2949.4400	0.677012
2950.4130	0.676111
2951.3775	0.675198
2952.3420	0.674306
2953.3065	0.673431
2954.2710	0.672543
2955.2355	0.671610
2956.2000	0.670621
2957.1630	0.669597
2958.1275	0.668570
2959.0920	0.667556
2960.0565	0.666546
2961.0210	0.665508
2961.9855	0.664414
2962.9500	0.663249
2963.9130	0.662010
2964.8775	0.660694
2965.8420	0.659291
2966.8065	0.657784
2967.7710	0.656151
2968.7355	0.654363
2969.7000	0.652379
2970.6630	0.650156
2971.6275	0.647662
2972.5920	0.644897
2973.5565	0.641911
2974.5210	0.638798
2975.4855	0.635695
2976.4500	0.632764
2977.4130	0.630181
2978.3775	0.628123
2979.3420	0.626746
2980.3065	0.626164
2981.2710	0.626423
2982.2355	0.627489
2983.2000	0.629265
2984.1630	0.631607
2985.1275	0.634360
2986.0920	0.637363
2987.0565	0.640454
2988.0210	0.643472
2988.9855	0.646267
2989.9500	0.648733
2990.9130	0.650813
2991.8775	0.652501
2992.8420	0.653810
2993.8065	0.654763
2994.7710	0.655377
2995.7355	0.655673
2996.7000	0.655662
2997.6730	0.655336
2998.6375	0.654670
2999.6020	0.653639
3000.5665	0.652234
3001.5310	0.650475
3002.4955	0.648398
3003.4600	0.646037
3004.4230	0.643432
3005.3875	0.640628
3006.3520	0.637680
3007.3165	0.634640
3008.2810	0.631552
3009.2455	0.628446
3010.2100	0.625348
3011.1730	0.622296
3012.1375	0.619339
3013.1020	0.616530
3014.0665	0.613925
3015.0310	0.611576
3015.9955	0.609529
3016.9600	0.607829
3017.9230	0.606513
3018.8875	0.605620
3019.8520	0.605179
3020.8165	0.605217
3021.7810	0.605746
3022.7455	0.606770
3023.7100	0.608286
3024.6730	0.610285
3025.6375	0.612744
3026.6020	0.615621
3027.5665	0.618846
3028.5310	0.622327
3029.4955	0.625954
3030.4600	0.629602
3031.4230	0.633125
3032.3875	0.636376
3033.3520	0.639232
3034.3165	0.641626
3035.2810	0.643555
3036.2455	0.645062
3037.2100	0.646201
3038.1730	0.647015
3039.1375	0.647542
3040.1020	0.647825
3041.0665	0.647925
3042.0310	0.647904
3042.9955	0.647812
3043.9600	0.647676
3044.9330	0.647515
3045.8975	0.647358
3046.8620	0.647247
3047.8265	0.647233
3048.7910	0.647355
3049.7555	0.647621
3050.7200	0.648016
3051.6830	0.648501
3052.6475	0.649035
3053.6120	0.649573
3054.5765	0.650072
3055.5410	0.650496
3056.5055	0.650820
3057.4700	0.651038
3058.4330	0.651158
3059.3975	0.651198
3060.3620	0.651166
3061.3265	0.651065
3062.2910	0.650887
3063.2555	0.650631
3064.2200	0.650306
3065.1830	0.649932
3066.1475	0.649534
3067.1120	0.649134
3068.0765	0.648744
3069.0410	0.648372
3070.0055	0.648014
3070.9700	0.647660
3071.9330	0.647300
3072.8975	0.646925
3073.8620	0.646536
3074.8265	0.646139
3075.7910	0.645745
3076.7555	0.645359
3077.7200	0.644977
3078.6830	0.644583
3079.6475	0.644154
3080.6120	0.643677
3081.5765	0.643157
3082.5410	0.642612
3083.5055	0.642065
3084.4700	0.641522
3085.4430	0.640977
3086.4075	0.640413
3087.3720	0.639819
3088.3365	0.639197
3089.3010	0.638557
3090.2655	0.637919
3091.2300	0.637302
3092.1930	0.636714
3093.1575	0.636143
3094.1220	0.635561
3095.0865	0.634934
3096.0510	0.634250
3097.0155	0.633525
3097.9800	0.632792
3098.9430	0.632075
3099.9075	0.631373
3100.8720	0.630673
3101.8365	0.629966
3102.8010	0.629267
3103.7655	0.628601
3104.7300	0.627985
3105.6930	0.627406
3106.6575	0.626840
3107.6220	0.626270
3108.5865	0.625695
3109.5510	0.625126
3110.5155	0.624564
3111.4800	0.623992
3112.4430	0.623385
3113.4075	0.622727
3114.3720	0.622022
3115.3365	0.621280
3116.3010	0.620517
3117.2655	0.619750
3118.2300	0.618998
3119.1930	0.618271
3120.1575	0.617558
3121.1220	0.616821
3122.0865	0.616018
3123.0510	0.615132
3124.0155	0.614185
3124.9800	0.613222
3125.9430	0.612278
3126.9075	0.611354
3127.8720	0.610426
3128.8365	0.609473
3129.8010	0.608490
3130.7655	0.607492
3131.7300	0.606499
3132.7030	0.605519
3133.6675	0.604546
3134.6320	0.603571
3135.5965	0.602585
3136.5610	0.601588
3137.5255	0.600598
3138.4900	0.599645
3139.4530	0.598759
3140.4175	0.597954
3141.3820	0.597208
3142.3465	0.596473
3143.3110	0.595696
3144.2755	0.594855
3145.2400	0.593962
3146.2030	0.593050
3147.1675	0.592146
3148.1320	0.591255
3149.0965	0.590361
3150.0610	0.589442
3151.0255	0.588484
3151.9900	0.587490
3152.9530	0.586479
3153.9175	0.585478
3154.8820	0.584515
3155.8465	0.583609
3156.8110	0.582769
3157.7755	0.581994
3158.7400	0.581266
3159.7030	0.580548
3160.6675	0.579778
3161.6320	0.578892
3162.5965	0.577856
3163.5610	0.576687
3164.5255	0.575454
3165.4900	0.574248
3166.4530	0.573153
3167.4175	0.572232
3168.3820	0.571519
3169.3465	0.571011
3170.3110	0.570665
3171.2755	0.570400
3172.2400	0.570125
3173.2030	0.569761
3174.1675	0.569270
3175.1320	0.568658
3176.0965	0.567975
3177.0610	0.567299
3178.0255	0.566712
3178.9900	0.566267
3179.9630	0.565974
3180.9275	0.565793
3181.8920	0.565661
3182.8565	0.565520
3183.8210	0.565326
3184.7855	0.565046
3185.7500	0.564654
3186.7130	0.564138
3187.6775	0.563510
3188.6420	0.562809
3189.6065	0.562081
3190.5710	0.561353
3191.5355	0.560629
3192.5000	0.559902
3193.4630	0.559175
3194.4275	0.558457
3195.3920	0.557748
3196.3565	0.557027
3197.3210	0.556256
3198.2855	0.555416
3199.2500	0.554522
3200.2130	0.553621
3201.1775	0.552752
3202.1420	0.551915
3203.1065	0.551078
3204.0710	0.550199
3205.0355	0.549263
3206.0000	0.548287
3206.9630	0.547305
3207.9275	0.546335
3208.8920	0.545371
3209.8565	0.544392
3210.8210	0.543380
3211.7855	0.542327
3212.7500	0.541234
3213.7130	0.540109
3214.6775	0.538965
3215.6420	0.537826
3216.6065	0.536714
3217.5710	0.535644
3218.5355	0.534614
3219.5000	0.533602
3220.4730	0.532580
3221.4375	0.531525
3222.4020	0.530422
3223.3665	0.529267
3224.3310	0.528063
3225.2955	0.526818
3226.2600	0.525549
3227.2230	0.524281
3228.1875	0.523053
3229.1520	0.521908
3230.1165	0.520878
3231.0810	0.519967
3232.0455	0.519146
3233.0100	0.518369
3233.9730	0.517596
3234.9375	0.516799
3235.9020	0.515963
3236.8665	0.515068
3237.8310	0.514092
3238.7955	0.513020
3239.7600	0.511865
3240.7230	0.510660
3241.6875	0.509448
3242.6520	0.508257
3243.6165	0.507097
3244.5810	0.505965
3245.5455	0.504855
3246.5100	0.503766
3247.4730	0.502696
3248.4375	0.501638
3249.4020	0.500575
3250.3665	0.499492
3251.3310	0.498389
3252.2955	0.497285
3253.2600	0.496210
3254.2230	0.495191
3255.1875	0.494236
3256.1520	0.493327
3257.1165	0.492427
3258.0810	0.491490
3259.0455	0.490487
3260.0100	0.489412
3260.9730	0.488279
3261.9375	0.487113
3262.9020	0.485941
3263.8665	0.484781
3264.8310	0.483647
3265.7955	0.482545
3266.7600	0.481472
3267.7330	0.480414
3268.6975	0.479356
3269.6620	0.478280
3270.6265	0.477174
3271.5910	0.476033
3272.5555	0.474855
3273.5200	0.473648
3274.4830	0.472428
3275.4475	0.471210
3276.4120	0.470008
3277.3765	0.468837
3278.3410	0.467711
3279.3055	0.466647
3280.2700	0.465650
3281.2330	0.464705
3282.1975	0.463778
3283.1620	0.462822
3284.1265	0.461792
3285.0910	0.460665
3286.0555	0.459446
3287.0200	0.458173
3287.9830	0.456890
3288.9475	0.455629
3289.9120	0.454391
3290.8765	0.453153
3291.8410	0.451892
3292.8055	0.450602
3293.7700	0.449305
3294.7330	0.448030
3295.6975	0.446800
3296.6620	0.445617
3297.6265	0.444465
3298.5910	0.443324
3299.5555	0.442176
3300.5200	0.441015
3301.4830	0.439850
3302.4475	0.438693
3303.4120	0.437551
3304.3765	0.436423
3305.3410	0.435299
3306.3055	0.434168
3307.2700	0.433022
3308.2330	0.431864
3309.1975	0.430697
3310.1620	0.429525
3311.1265	0.428338
3312.0910	0.427124
3313.0555	0.425872
3314.0200	0.424587
3314.9930	0.423292
3315.9575	0.422023
3316.9220	0.420807
3317.8865	0.419645
3318.8510	0.418510
3319.8155	0.417359
3320.7800	0.416161
3321.7430	0.414914
3322.7075	0.413639
3323.6720	0.412357
3324.6365	0.411071
3325.6010	0.409765
3326.5655	0.408424
3327.5300	0.407053
3328.4930	0.405672
3329.4575	0.404302
3330.4220	0.402950
3331.3865	0.401620
3332.3510	0.400319
3333.3155	0.399063
3334.2800	0.397856
3335.2430	0.396682
3336.2075	0.395510
3337.1720	0.394312
3338.1365	0.393084
3339.1010	0.391851
3340.0655	0.390644
3341.0300	0.389488
3341.9930	0.388385
3342.9575	0.387319
3343.9220	0.386260
3344.8865	0.385187
3345.8510	0.384088
3346.8155	0.382963
3347.7800	0.381819
3348.7430	0.380669
3349.7075	0.379531
3350.6720	0.378430
3351.6365	0.377385
3352.6010	0.376401
3353.5655	0.375463
3354.5300	0.374546
3355.5030	0.373634
3356.4675	0.372715
3357.4320	0.371785
3358.3965	0.370834
3359.3610	0.369852
3360.3255	0.368842
3361.2900	0.367823
3362.2530	0.366825
3363.2175	0.365871
3364.1820	0.364956
3365.1465	0.364055
3366.1110	0.363134
3367.0755	0.362182
3368.0400	0.361216
3369.0030	0.360274
3369.9675	0.359394
3370.9320	0.358584
3371.8965	0.357816
3372.8610	0.357039
3373.8255	0.356213
3374.7900	0.355335
3375.7530	0.354442
3376.7175	0.353585
3377.6820	0.352797
3378.6465	0.352069
3379.6110	0.351357
3380.5755	0.350613
3381.5400	0.349814
3382.5030	0.348978
3383.4675	0.348151
3384.4320	0.347378
3385.3965	0.346680
3386.3610	0.346049
3387.3255	0.345462
3388.2900	0.344891
3389.2530	0.344317
3390.2175	0.343729
3391.1820	0.343124
3392.1465	0.342506
3393.1110	0.341887
3394.0755	0.341275
3395.0400	0.340666
3396.0030	0.340046
3396.9675	0.339408
3397.9320	0.338765
3398.8965	0.338146
3399.8610	0.337577
3400.8255	0.337068
3401.7900	0.336617
3402.7630	0.336227
3403.7275	0.335903
3404.6920	0.335634
3405.6565	0.335384
3406.6210	0.335095
3407.5855	0.334729
3408.5500	0.334289
3409.5130	0.333817
3410.4775	0.333368
3411.4420	0.332983
3412.4065	0.332674
3413.3710	0.332438
3414.3355	0.332265
3415.3000	0.332144
3416.2630	0.332070
3417.2275	0.332036
3418.1920	0.332028
3419.1565	0.332027
3420.1210	0.332018
3421.0855	0.332002
3422.0500	0.332000
3423.0130	0.332035
3423.9775	0.332114
3424.9420	0.332225
3425.9065	0.332352
3426.8710	0.332489
3427.8355	0.332642
3428.8000	0.332816
3429.7630	0.333003
3430.7275	0.333192
3431.6920	0.333376
3432.6565	0.333559
3433.6210	0.333747
3434.5855	0.333941
3435.5500	0.334134
3436.5130	0.334319
3437.4775	0.334503
3438.4420	0.334704
3439.4065	0.334945
3440.3710	0.335242
3441.3355	0.335588
3442.3000	0.335959
3443.2630	0.336327
3444.2275	0.336680
3445.1920	0.337023
3446.1565	0.337372
3447.1210	0.337731
3448.0855	0.338098
3449.0500	0.338469
3450.0230	0.338856
3450.9875	0.339277
3451.9520	0.339739
3452.9165	0.340227
3453.8810	0.340708
3454.8455	0.341159
3455.8100	0.341582
3456.7730	0.342007
3457.7375	0.342464
3458.7020	0.342961
3459.6665	0.343477
3460.6310	0.343973
3461.5955	0.344424
3462.5600	0.344829
3463.5230	0.345207
3464.4875	0.345573
3465.4520	0.345917
3466.4165	0.346215
3467.3810	0.346455
3468.3455	0.346656
3469.3100	0.346862
3470.2730	0.347108
3471.2375	0.347390
3472.2020	0.347676
3473.1665	0.347925
3474.1310	0.348115
3475.0955	0.348250
3476.0600	0.348348
3477.0230	0.348430
3477.9875	0.348513
3478.9520	0.348610
3479.9165	0.348725
3480.8810	0.348849
3481.8455	0.348957
3482.8100	0.349015
3483.7730	0.348999
3484.7375	0.348901
3485.7020	0.348741
3486.6665	0.348560
3487.6310	0.348395
3488.5955	0.348263
3489.5600	0.348151
3490.5330	0.348031
3491.4975	0.347877
3492.4620	0.347678
3493.4265	0.347431
3494.3910	0.347133
3495.3555	0.346783
3496.3200	0.346389
3497.2830	0.345973
3498.2475	0.345565
3499.2120	0.345189
3500.1765	0.344839
3501.1410	0.344486
3502.1055	0.344086
3503.0700	0.343611
3504.0330	0.343068
3504.9975	0.342496
3505.9620	0.341929
3506.9265	0.341379
3507.8910	0.340832
3508.8555	0.340268
3509.8200	0.339680
3510.7830	0.339073
3511.7475	0.338447
3512.7120	0.337794
3513.6765	0.337100
3514.6410	0.336360
3515.6055	0.335584
3516.5700	0.334791
3517.5330	0.333998
3518.4975	0.333213
3519.4620	0.332427
3520.4265	0.331622
3521.3910	0.330778
3522.3555	0.329882
3523.3200	0.328928
3524.2830	0.327919
3525.2475	0.326857
3526.2120	0.325756
3527.1765	0.324642
3528.1410	0.323548
3529.1055	0.322499
3530.0700	0.321505
3531.0330	0.320558
3531.9975	0.319633
3532.9620	0.318690
3533.9265	0.317689
3534.8910	0.316611
3535.8555	0.315468
3536.8200	0.314298
3537.7930	0.313144
3538.7575	0.312032
3539.7220	0.310963
3540.6865	0.309917
3541.6510	0.308865
3542.6155	0.307779
3543.5800	0.306651
3544.5430	0.305493
3545.5075	0.304339
3546.4720	0.303213
3547.4365	0.302122
3548.4010	0.301047
3549.3655	0.299964
3550.3300	0.298854
3551.2930	0.297719
3552.2575	0.296572
3553.2220	0.295432
3554.1865	0.294315
3555.1510	0.293219
3556.1155	0.292137
3557.0800	0.291062
3558.0430	0.289999
3559.0075	0.288965
3559.9720	0.287980
3560.9365	0.287060
3561.9010	0.286217
3562.8655	0.285452
3563.8300	0.284763
3564.7930	0.284143
3565.7575	0.283595
3566.7220	0.283124
3567.6865	0.282727
3568.6510	0.282383
3569.6155	0.282060
3570.5800	0.281725
3571.5430	0.281353
3572.5075	0.280925
3573.4720	0.280415
3574.4365	0.279800
3575.4010	0.279076
3576.3655	0.278265
3577.3300	0.277407
3578.3030	0.276550
3579.2675	0.275744
3580.2320	0.275050
3581.1965	0.274536
3582.1610	0.274268
3583.1255	0.274292
3584.0900	0.274621
3585.0530	0.275233
3586.0175	0.276079
3586.9820	0.277107
3587.9465	0.278282
3588.9110	0.279585
3589.8755	0.280988
3590.8400	0.282446
3591.8030	0.283907
3592.7675	0.285342
3593.7320	0.286755
3594.6965	0.288166
3595.6610	0.289591
3596.6255	0.291038
3597.5900	0.292511
3598.5530	0.294019
3599.5175	0.295571
3600.4820	0.297164
3601.4465	0.298787
3602.4110	0.300421
3603.3755	0.302047
3604.3400	0.303642
3605.3030	0.305188
3606.2675	0.306687
3607.2320	0.308155
3608.1965	0.309619
3609.1610	0.311107
3610.1255	0.312636
3611.0900	0.314203
3612.0530	0.315777
3613.0175	0.317312
3613.9820	0.318778
3614.9465	0.320176
3615.9110	0.321534
3616.8755	0.322881
3617.8400	0.324235
3618.8030	0.325615
3619.7675	0.327044
3620.7320	0.328541
3621.6965	0.330102
3622.6610	0.331694
3623.6255	0.333264
3624.5900	0.334751
3625.5630	0.336104
3626.5275	0.337306
3627.4920	0.338399
3628.4565	0.339475
3629.4210	0.340622
3630.3855	0.341855
3631.3500	0.343122
3632.3130	0.344341
3633.2775	0.345464
3634.2420	0.346481
3635.2065	0.347413
3636.1710	0.348296
3637.1355	0.349159
3638.1000	0.350003
3639.0630	0.350775
3640.0275	0.351388
3640.9920	0.351791
3641.9565	0.352031
3642.9210	0.352256
3643.8855	0.352631
3644.8500	0.353257
3645.8130	0.354106
3646.7775	0.355034
3647.7420	0.355860
3648.7065	0.356468
3649.6710	0.356863
3650.6355	0.357132
3651.6000	0.357308
3652.5630	0.357228
3653.5275	0.356407
3654.4920	0.353953
3655.4565	0.348622
3656.4210	0.339253
3657.3855	0.325650
3658.3500	0.309504
3659.3130	0.294521
3660.2775	0.285160
3661.2420	0.284390
3662.2065	0.291921
3663.1710	0.304241
3664.1355	0.316459
3665.1000	0.324504
3666.0630	0.326274
3667.0275	0.321390
3667.9920	0.310261
3668.9565	0.293353
3669.9210	0.271084
3670.8855	0.244140
3671.8500	0.213779
3672.8230	0.181954
3673.7875	0.151349
3674.7520	0.125416
3675.7165	0.108156
3676.6810	0.103216
3677.6455	0.112431
3678.6100	0.134682
3679.5730	0.166072
3680.5375	0.201406
3681.5020	0.236031
3682.4665	0.267015
3683.4310	0.293303
3684.3955	0.315178
3685.3600	0.333609
3686.3230	0.349847
3687.2875	0.365213
3688.2520	0.380863
3689.2165	0.397496
3690.1810	0.415163
3691.1455	0.433385
3692.1100	0.451485
3693.0730	0.468922
3694.0375	0.485435
3695.0020	0.500997
3695.9665	0.515685
3696.9310	0.529552
3697.8955	0.542578
3698.8600	0.554694
3699.8230	0.565849
3700.7875	0.576054
3701.7520	0.585381
3702.7165	0.593914
3703.6810	0.601714
3704.6455	0.608815
3705.6100	0.615248
3706.5730	0.621061
3707.5375	0.626330
3708.5020	0.631157
3709.4665	0.635656
3710.4310	0.639939
3711.3955	0.644103
3712.3600	0.648220
3713.3330	0.652322
3714.2975	0.656395
3715.2620	0.660401
3716.2265	0.664311
3717.1910	0.668142
3718.1555	0.671944
3719.1200	0.675758
3720.0830	0.679579
3721.0475	0.683351
3722.0120	0.687003
3722.9765	0.690484
3723.9410	0.693777
3724.9055	0.696903
3725.8700	0.699901
3726.8330	0.702804
3727.7975	0.705592
3728.7620	0.708198
3729.7265	0.710547
3730.6910	0.712632
3731.6555	0.714556
3732.6200	0.716495
3733.5830	0.718626
3734.5475	0.721059
3735.5120	0.723813
3736.4765	0.726820
3737.4410	0.729959
3738.4055	0.733068
3739.3700	0.735963
3740.3330	0.738468
3741.2975	0.740475
3742.2620	0.742018
3743.2265	0.743301
3744.1910	0.744622
3745.1555	0.746200
3746.1200	0.748029
3747.0830	0.749882
3748.0475	0.751484
3749.0120	0.752710
3749.9765	0.753653
3750.9410	0.754538
3751.9055	0.755570
3752.8700	0.756819
3753.8330	0.758199
3754.7975	0.759535
3755.7620	0.760652
3756.7265	0.761453
3757.6910	0.761953
3758.6555	0.762248
3759.6200	0.762455
3760.5930	0.762648
3761.5575	0.762841
3762.5220	0.763016
3763.4865	0.763161
3764.4510	0.763273
3765.4155	0.763354
3766.3800	0.763397
3767.3430	0.763399
3768.3075	0.763375
3769.2720	0.763366
3770.2365	0.763418
3771.2010	0.763543
3772.1655	0.763699
3773.1300	0.763812
3774.0930	0.763821
3775.0575	0.763722
3776.0220	0.763559
3776.9865	0.763398
3777.9510	0.763296
3778.9155	0.763287
3779.8800	0.763379
3780.8430	0.763545
3781.8075	0.763729
3782.7720	0.763906
3783.7365	0.764077
3784.7010	0.764260
3785.6655	0.764471
3786.6300	0.764717
3787.5930	0.764990
3788.5575	0.765277
3789.5220	0.765567
3790.4865	0.765855
3791.4510	0.766127
3792.4155	0.766364
3793.3800	0.766543
3794.3430	0.766651
3795.3075	0.766686
3796.2720	0.766647
3797.2365	0.766526
3798.2010	0.766311
3799.1655	0.766014
3800.1300	0.765688
3801.0930	0.765424
3802.0575	0.765296
3803.0220	0.765316
3803.9865	0.765422
3804.9510	0.765529
3805.9155	0.765587
3806.8800	0.765606
3807.8530	0.765624
3808.8175	0.765655
3809.7820	0.765664
3810.7465	0.765585
3811.7110	0.765356
3812.6755	0.764964
3813.6400	0.764451
3814.6030	0.763912
3815.5675	0.763453
3816.5320	0.763144
3817.4965	0.762982
3818.4610	0.762907
3819.4255	0.762860
3820.3900	0.762843
3821.3530	0.762927
3822.3175	0.763187
3823.2820	0.763641
3824.2465	0.764224
3825.2110	0.764820
3826.1755	0.765326
3827.1400	0.765682
3828.1030	0.765867
3829.0675	0.765873
3830.0320	0.765696
3830.9965	0.765335
3831.9610	0.764790
3832.9255	0.764054
3833.8900	0.763108
3834.8530	0.761940
3835.8175	0.760580
3836.7820	0.759129
3837.7465	0.757759
3838.7110	0.756654
3839.6755	0.755950
3840.6400	0.755687
3841.6030	0.755804
3842.5675	0.756173
3843.5320	0.756631
3844.4965	0.757019
3845.4610	0.757199
3846.4255	0.757078
3847.3900	0.756626
3848.3630	0.755885
3849.3275	0.754954
3850.2920	0.753979
3851.2565	0.753122
3852.2210	0.752546
3853.1855	0.752372
3854.1500	0.752638
3855.1130	0.753260
3856.0775	0.754043
3857.0420	0.754735
3858.0065	0.755119
3858.9710	0.755089
3859.9355	0.754668
3860.9000	0.753974
3861.8630	0.753152
3862.8275	0.752326
3863.7920	0.751558
3864.7565	0.750842
3865.7210	0.750123
3866.6855	0.749333
3867.6500	0.748442
3868.6130	0.747496
3869.5775	0.746604
3870.5420	0.745888
3871.5065	0.745411
3872.4710	0.745143
3873.4355	0.744977
3874.4000	0.744767
3875.3630	0.744383
3876.3275	0.743745
3877.2920	0.742853
3878.2565	0.741803
3879.2210	0.740783
3880.1855	0.740029
3881.1500	0.739745
3882.1130	0.740024
3883.0775	0.740814
3884.0420	0.741937
3885.0065	0.743155
3885.9710	0.744227
3886.9355	0.744964
3887.9000	0.745263
3888.8630	0.745127
3889.8275	0.744673
3890.7920	0.744094
3891.7565	0.743599
3892.7210	0.743331
3893.6855	0.743331
3894.6500	0.743543
3895.6230	0.743867
3896.5875	0.744223
3897.5520	0.744576
3898.5165	0.744927
3899.4810	0.745278
3900.4455	0.745601
3901.4100	0.745848
3902.3730	0.745973
3903.3375	0.745967
3904.3020	0.745870
3905.2665	0.745745
3906.2310	0.745635
3907.1955	0.745544
3908.1600	0.745442
3909.1230	0.745293
3910.0875	0.745089
3911.0520	0.744859
3912.0165	0.744653
3912.9810	0.744529
3913.9455	0.744543
3914.9100	0.744747
3915.8730	0.745187
3916.8375	0.745894
3917.8020	0.746860
3918.7665	0.748029
3919.7310	0.749304
3920.6955	0.750572
3921.6600	0.751742
3922.6230	0.752774
3923.5875	0.753671
3924.5520	0.754453
3925.5165	0.755117
3926.4810	0.755623
3927.4455	0.755905
3928.4100	0.755903
3929.3730	0.755605
3930.3375	0.755053
3931.3020	0.754329
3932.2665	0.753522
3933.2310	0.752693
3934.1955	0.751868
3935.1600	0.751058
3936.1230	0.750284
3937.0875	0.749590
3938.0520	0.749028
3939.0165	0.748629
3939.9810	0.748382
3940.9455	0.748237
3941.9100	0.748128
3942.8830	0.748001
3943.8475	0.747821
3944.8120	0.747565
3945.7765	0.747212
3946.7410	0.746743
3947.7055	0.746152
3948.6700	0.745456
3949.6330	0.744698
3950.5975	0.743938
3951.5620	0.743239
3952.5265	0.742668
3953.4910	0.742290
3954.4555	0.742164
3955.4200	0.742332
3956.3830	0.742798
3957.3475	0.743510
3958.3120	0.744363
3959.2765	0.745222
3960.2410	0.745954
3961.2055	0.746462
3962.1700	0.746702
3963.1330	0.746679
3964.0975	0.746436
3965.0620	0.746033
3966.0265	0.745527
3966.9910	0.744962
3967.9555	0.744363
3968.9200	0.743746
3969.8830	0.743127
3970.8475	0.742530
3971.8120	0.741992
3972.7765	0.741551
3973.7410	0.741242
3974.7055	0.741098
3975.6700	0.741154
3976.6330	0.741446
3977.5975	0.742012
3978.5620	0.742870
3979.5265	0.744004
3980.4910	0.745351
3981.4555	0.746808
3982.4200	0.748253
3983.3930	0.749574
3984.3575	0.750692
3985.3220	0.751573
3986.2865	0.752223
3987.2510	0.752675
3988.2155	0.752962
3989.1800	0.753099
3990.1430	0.753067
3991.1075	0.752807
3992.0720	0.752248
3993.0365	0.751334
3994.0010	0.750063
3994.9655	0.748507
3995.9300	0.746806
3996.8930	0.745139
3997.8575	0.743685
3998.8220	0.742571
3999.7865	0.741847
4000.7510	0.741477
4001.7155	0.741359
4002.6800	0.741367
4003.6430	0.741400
4004.6075	0.741429
4005.5720	0.741507
4006.5365	0.741742
4007.5010	0.742241
4008.4655	0.743055
4009.4300	0.744162
4010.3930	0.745481
4011.3575	0.746917
4012.3220	0.748387
4013.2865	0.749828
4014.2510	0.751193
4015.2155	0.752440
4016.1800	0.753540
4017.1430	0.754478
4018.1075	0.755253
4019.0720	0.755870
4020.0365	0.756337
4021.0010	0.756658
4021.9655	0.756848
4022.9300	0.756941
4023.8930	0.756998
4024.8575	0.757099
4025.8220	0.757315
4026.7865	0.757680
4027.7510	0.758165
4028.7155	0.758686
4029.6800	0.759127
4030.6530	0.759375
4031.6175	0.759340
4032.5820	0.758966
4033.5465	0.758232
4034.5110	0.757145
4035.4755	0.755746
4036.4400	0.754100
4037.4030	0.752279
4038.3675	0.750347
4039.3320	0.748340
4040.2965	0.746262
4041.2610	0.744098
4042.2255	0.741831
4043.1900	0.739449
4044.1530	0.736951
4045.1175	0.734347
4046.0820	0.731656
4047.0465	0.728919
4048.0110	0.726203
4048.9755	0.723605
4049.9400	0.721243
4050.9030	0.719240
4051.8675	0.717699
4052.8320	0.716678
4053.7965	0.716167
4054.7610	0.716087
4055.7255	0.716306
4056.6900	0.716687
4057.6530	0.717136
4058.6175	0.717640
4059.5820	0.718274
4060.5465	0.719163
4061.5110	0.720428
4062.4755	0.722125
4063.4400	0.724200
4064.4030	0.726492
4065.3675	0.728769
4066.3320	0.730793
4067.2965	0.732397
4068.2610	0.733531
4069.2255	0.734259
4070.1900	0.734727
4071.1630	0.735107
4072.1275	0.735544
4073.0920	0.736126
4074.0565	0.736879
4075.0210	0.737773
4075.9855	0.738742
4076.9500	0.739709
4077.9130	0.740602
4078.8775	0.741377
4079.8420	0.742020
4080.8065	0.742548
4081.7710	0.742989
4082.7355	0.743378
4083.7000	0.743749
4084.6630	0.744142
4085.6275	0.744604
4086.5920	0.745172
4087.5565	0.745860
4088.5210	0.746631
4089.4855	0.747404
4090.4500	0.748071
4091.4130	0.748529
4092.3775	0.748709
4093.3420	0.748589
4094.3065	0.748200
4095.2710	0.747618
4096.2355	0.746954
4097.2000	0.746329
4098.1630	0.745845
4099.1275	0.745539
4100.0920	0.745374
4101.0565	0.745251
4102.0210	0.745065
4102.9855	0.744762
4103.9500	0.744375
4104.9130	0.744021
4105.8775	0.743862
4106.8420	0.744050
4107.8065	0.744673
4108.7710	0.745720
4109.7355	0.747067
4110.7000	0.748493
4111.6630	0.749729
4112.6275	0.750531
4113.5920	0.750726
4114.5565	0.750248
4115.5210	0.749133
4116.4855	0.747503
4117.4500	0.745548
4118.4230	0.743516
4119.3875	0.741694
4120.3520	0.740376
4121.3165	0.739811
4122.2810	0.740148
4123.2455	0.741396
4124.2100	0.743424
4125.1730	0.745996
4126.1375	0.748836
4127.1020	0.751692
4128.0665	0.754379
4129.0310	0.756799
4129.9955	0.758930
4130.9600	0.760800
4131.9230	0.762460
4132.8875	0.763952
4133.8520	0.765289
4134.8165	0.766460
4135.7810	0.767440
4136.7455	0.768215
4137.7100	0.768795
4138.6730	0.769211
4139.6375	0.769510
4140.6020	0.769744
4141.5665	0.769960
4142.5310	0.770202
4143.4955	0.770504
4144.4600	0.770881
4145.4230	0.771323
4146.3875	0.771791
4147.3520	0.772226
4148.3165	0.772558
4149.2810	0.772722
4150.2455	0.772661
4151.2100	0.772331
4152.1730	0.771704
4153.1375	0.770771
4154.1020	0.769542
4155.0665	0.768044
4156.0310	0.766305
4156.9955	0.764342
4157.9600	0.762152
4158.9230	0.759711
4159.8875	0.756983
4160.8520	0.753925
4161.8165	0.750494
4162.7810	0.746644
4163.7455	0.742336
4164.7100	0.737534
4165.6830	0.732232
4166.6475	0.726474
4167.6120	0.720383
4168.5765	0.714175
4169.5410	0.708132
4170.5055	0.702555
4171.4700	0.697684
4172.4330	0.693633
4173.3975	0.690354
4174.3620	0.687643
4175.3265	0.685195
4176.2910	0.682701
4177.2555	0.679959
4178.2200	0.676978
4179.1830	0.674005
4180.1475	0.671465
4181.1120	0.669806
4182.0765	0.669335
4183.0410	0.670099
4184.0055	0.671873
4184.9700	0.674248
4185.9330	0.676765
4186.8975	0.679048
4187.8620	0.680875
4188.8265	0.682202
4189.7910	0.683121
4190.7555	0.683800
4191.7200	0.684408
4192.6830	0.685070
4193.6475	0.685849
4194.6120	0.686760
4195.5765	0.687794
4196.5410	0.688944
4197.5055	0.690217
4198.4700	0.691635
4199.4330	0.693223
4200.3975	0.694992
4201.3620	0.696919
4202.3265	0.698934
4203.2910	0.700937
4204.2555	0.702824
4205.2200	0.704524
4206.1930	0.706018
4207.1575	0.707353
4208.1220	0.708626
4209.0865	0.709972
4210.0510	0.711533
4211.0155	0.713429
4211.9800	0.715727
4212.9430	0.718413
4213.9075	0.721389
4214.8720	0.724503
4215.8365	0.727589
4216.8010	0.730516
4217.7655	0.733210
4218.7300	0.735660
4219.6930	0.737901
4220.6575	0.739990
4221.6220	0.741990
4222.5865	0.743951
4223.5510	0.745891
4224.5155	0.747798
4225.4800	0.749632
4226.4430	0.751342
4227.4075	0.752890
4228.3720	0.754260
4229.3365	0.755452
4230.3010	0.756475
4231.2655	0.757334
4232.2300	0.758027
4233.1930	0.758547
4234.1575	0.758885
4235.1220	0.759034
4236.0865	0.758990
4237.0510	0.758759
4238.0155	0.758369
4238.9800	0.757872
4239.9430	0.757340
4240.9075	0.756853
4241.8720	0.756477
4242.8365	0.756254
4243.8010	0.756198
4244.7655	0.756303
4245.7300	0.756550
4246.6930	0.756923
4247.6575	0.757411
4248.6220	0.758014
4249.5865	0.758726
4250.5510	0.759531
4251.5155	0.760395
4252.4800	0.761274
4253.4530	0.762131
4254.4175	0.762948
4255.3820	0.763726
4256.3465	0.764479
4257.3110	0.765220
4258.2755	0.765953
4259.2400	0.766672
4260.2030	0.767366
4261.1675	0.768025
4262.1320	0.768644
4263.0965	0.769222
4264.0610	0.769751
4265.0255	0.770212
4265.9900	0.770576
4266.9530	0.770815
4267.9175	0.770915
4268.8820	0.770879
4269.8465	0.770726
4270.8110	0.770473
4271.7755	0.770127
4272.7400	0.769677
4273.7030	0.769100
4274.6675	0.768377
4275.6320	0.767496
4276.5965	0.766461
4277.5610	0.765276
4278.5255	0.763943
4279.4900	0.762460
4280.4530	0.760824
4281.4175	0.759041
4282.3820	0.757124
4283.3465	0.755091
4284.3110	0.752948
4285.2755	0.750684
4286.2400	0.748273
4287.2030	0.745672
4288.1675	0.742819
4289.1320	0.739638
4290.0965	0.736040
4291.0610	0.731944
4292.0255	0.727293
4292.9900	0.722070
4293.9530	0.716302
4294.9175	0.710065
4295.8820	0.703483
4296.8465	0.696731
4297.8110	0.690020
4298.7755	0.683577
4299.7400	0.677611
4300.7130	0.672283
4301.6775	0.667690
4302.6420	0.663851
4303.6065	0.660704
4304.5710	0.658106
4305.5355	0.655845
4306.5000	0.653659
4307.4630	0.651260
4308.4275	0.648370
4309.3920	0.644734
4310.3565	0.640128
4311.3210	0.634357
4312.2855	0.627256
4313.2500	0.618712
4314.2130	0.608705
4315.1775	0.597369
4316.1420	0.585038
4317.1065	0.572254
4318.0710	0.559718
4319.0355	0.548183
4320.0000	0.538326
4320.9630	0.530620
4321.9275	0.525274
4322.8920	0.522241
4323.8565	0.521287
4324.8210	0.522096
4325.7855	0.524355
4326.7500	0.527801
4327.7130	0.532229
4328.6775	0.537464
4329.6420	0.543355
4330.6065	0.549762
4331.5710	0.556571
4332.5355	0.563696
4333.5000	0.571070
4334.4630	0.578630
4335.4275	0.586306
4336.3920	0.594009
4337.3565	0.601640
4338.3210	0.609099
4339.2855	0.616298
4340.2500	0.623181
4341.2230	0.629725
4342.1875	0.635944
4343.1520	0.641866
4344.1165	0.647509
4345.0810	0.652861
4346.0455	0.657874
4347.0100	0.662481
4347.9730	0.666617
4348.9375	0.670230
4349.9020	0.673279
4350.8665	0.675714
4351.8310	0.677451
4352.7955	0.678363
4353.7600	0.678288
4354.7230	0.677057
4355.6875	0.674529
4356.6520	0.670629
4357.6165	0.665376
4358.5810	0.658899
4359.5455	0.651447
4360.5100	0.643367
4361.4730	0.635086
4362.4375	0.627077
4363.4020	0.619835
4364.3665	0.613835
4365.3310	0.609492
4366.2955	0.607100
4367.2600	0.606791
4368.2230	0.608515
4369.1875	0.612059
4370.1520	0.617112
4371.1165	0.623327
4372.0810	0.630384
4373.0455	0.638012
4374.0100	0.645989
4374.9730	0.654121
4375.9375	0.662219
4376.9020	0.670101
4377.8665	0.677593
4378.8310	0.684561
4379.7955	0.690926
4380.7600	0.696682
4381.7230	0.701893
4382.6875	0.706665
4383.6520	0.711118
4384.6165	0.715347
4385.5810	0.719403
4386.5455	0.723286
4387.5100	0.726962
4388.4830	0.730392
4389.4475	0.733554
4390.4120	0.736461
4391.3765	0.739157
4392.3410	0.741703
4393.3055	0.744154
4394.2700	0.746549
4395.2330	0.748901
4396.1975	0.751206
4397.1620	0.753454
4398.1265	0.755631
4399.0910	0.757722
4400.0555	0.759711
4401.0200	0.761577
4401.9830	0.763309
4402.9475	0.764911
4403.9120	0.766417
4404.8765	0.767881
4405.8410	0.769356
4406.8055	0.770874
4407.7700	0.772426
4408.7330	0.773971
4409.6975	0.775451
4410.6620	0.776818
4411.6265	0.778046
4412.5910	0.779139
4413.5555	0.780129
4414.5200	0.781056
4415.4830	0.781963
4416.4475	0.782885
4417.4120	0.783838
4418.3765	0.784820
4419.3410	0.785807
4420.3055	0.786763
4421.2700	0.787657
4422.2330	0.788475
4423.1975	0.789225
4424.1620	0.789923
4425.1265	0.790585
4426.0910	0.791217
4427.0555	0.791815
4428.0200	0.792377
4428.9875	0.792907
4429.9520	0.793419
4430.9165	0.793938
4431.8810	0.794479
4432.8455	0.795047
4433.8100	0.795623
4434.7775	0.796175
4435.7420	0.796668
4436.7065	0.797086
4437.6710	0.797436
4438.6355	0.797743
4439.6000	0.798042
4440.5575	0.798359
4441.5220	0.798702
4442.4865	0.799065
4443.4510	0.799429
4444.4155	0.799779
4445.3800	0.800106
4446.3475	0.800407
4447.3120	0.800687
4448.2765	0.800947
4449.2410	0.801184
4450.2055	0.801401
4451.1700	0.801604
4452.1375	0.801805
4453.1020	0.802022
4454.0665	0.802271
4455.0310	0.802559
4455.9955	0.802885
4456.9600	0.803235
4457.9275	0.803590
4458.8920	0.803932
4459.8565	0.804245
4460.8210	0.804518
4461.7855	0.804740
4462.7500	0.804902
4463.7075	0.805000
4464.6720	0.805042
4465.6365	0.805046
4466.6010	0.805028
4467.5655	0.804989
4468.5300	0.804903
4469.4975	0.804723
4470.4620	0.804402
4471.4265	0.803914
4472.3910	0.803266
4473.3555	0.802493
4474.3200	0.801651
4475.2875	0.800802
4476.2520	0.800013
4477.2165	0.799345
4478.1810	0.798858
4479.1455	0.798590
4480.1100	0.798556
4481.0675	0.798733
4482.0320	0.799065
4482.9965	0.799484
4483.9610	0.799936
4484.9255	0.800400
4485.8900	0.800893
4486.8575	0.801449
4487.8220	0.802112
4488.7865	0.802917
4489.7510	0.803896
4490.7155	0.805072
4491.6800	0.806447
4492.6475	0.807990
4493.6120	0.809627
4494.5765	0.811262
4495.5410	0.812799
4496.5055	0.814177
4497.4700	0.815384
4498.4275	0.816444
4499.3920	0.817393
4500.3565	0.818246
4501.3210	0.818994
4502.2855	0.819621
4503.2500	0.820128
4504.2175	0.820544
4505.1820	0.820912
4506.1465	0.821262
4507.1110	0.821598
4508.0755	0.821909
4509.0400	0.822180
4510.0075	0.822410
4510.9720	0.822608
4511.9365	0.822792
4512.9010	0.822976
4513.8655	0.823168
4514.8300	0.823362
4515.7975	0.823550
4516.7620	0.823718
4517.7265	0.823863
4518.6910	0.823989
4519.6555	0.824108
4520.6200	0.824227
4521.5775	0.824351
4522.5420	0.824475
4523.5065	0.824594
4524.4710	0.824701
4525.4355	0.824800
4526.4000	0.824896
4527.3675	0.825002
4528.3320	0.825123
4529.2965	0.825255
4530.2610	0.825382
4531.2255	0.825491
4532.1900	0.825576
4533.1575	0.825643
4534.1220	0.825702
4535.0865	0.825767
4536.0510	0.825849
4537.0155	0.825953
4537.9800	0.826079
4538.9375	0.826217
4539.9020	0.826351
4540.8665	0.826468
4541.8310	0.826567
4542.7955	0.826660
4543.7600	0.826764
4544.7275	0.826885
4545.6920	0.827008
4546.6565	0.827111
4547.6210	0.827179
4548.5855	0.827217
4549.5500	0.827248
4550.5175	0.827297
4551.4820	0.827381
4552.4465	0.827505
4553.4110	0.827663
4554.3755	0.827842
4555.3400	0.828027
4556.2975	0.828201
4557.2620	0.828341
4558.2265	0.828430
4559.1910	0.828458
4560.1555	0.828428
4561.1200	0.828352
4562.0875	0.828243
4563.0520	0.828119
4564.0165	0.827999
4564.9810	0.827909
4565.9455	0.827869
4566.9100	0.827880
4567.8775	0.827917
4568.8420	0.827934
4569.8065	0.827890
4570.7710	0.827773
4571.7355	0.827603
4572.7000	0.827420
4573.6675	0.827262
4574.6320	0.827149
4575.5965	0.827075
4576.5610	0.827013
4577.5255	0.826928
4578.4900	0.826799
4579.4475	0.826626
4580.4120	0.826428
4581.3765	0.826223
4582.3410	0.826012
4583.3055	0.825776
4584.2700	0.825495
4585.2375	0.825171
4586.2020	0.824835
4587.1665	0.824534
4588.1310	0.824311
4589.0955	0.824184
4590.0600	0.824151
4591.0275	0.824195
4591.9920	0.824298
4592.9565	0.824438
4593.9210	0.824585
4594.8855	0.824699
4595.8500	0.824734
4596.8075	0.824664
4597.7720	0.824492
4598.7365	0.824254
4599.7010	0.824006
4600.6655	0.823807
4601.6300	0.823691
4602.5975	0.823675
4603.5620	0.823753
4604.5265	0.823916
4605.4910	0.824146
4606.4555	0.824422
4607.4200	0.824718
4608.3875	0.825011
4609.3520	0.825291
4610.3165	0.825561
4611.2810	0.825833
4612.2455	0.826113
4613.2100	0.826392
4614.1675	0.826662
4615.1320	0.826922
4616.0965	0.827186
4617.0610	0.827465
4618.0255	0.827748
4618.9900	0.828001
4619.9575	0.828185
4620.9220	0.828280
4621.8865	0.828299
4622.8510	0.828279
4623.8155	0.828262
4624.7800	0.828276
4625.7475	0.828333
4626.7120	0.828425
4627.6765	0.828540
4628.6410	0.828668
4629.6055	0.828805
4630.5700	0.828957
4631.5375	0.829124
4632.5020	0.829293
4633.4665	0.829442
4634.4310	0.829549
4635.3955	0.829609
4636.3600	0.829642
4637.3175	0.829677
4638.2820	0.829745
4639.2465	0.829867
4640.2110	0.830049
4641.1755	0.830281
4642.1400	0.830537
4643.1075	0.830773
4644.0720	0.830938
4645.0365	0.830995
4646.0010	0.830932
4646.9655	0.830772
4647.9300	0.830558
4648.8975	0.830332
4649.8620	0.830112
4650.8265	0.829886
4651.7910	0.829629
4652.7555	0.829326
4653.7200	0.828985
4654.6775	0.828638
4655.6420	0.828319
4656.6065	0.828050
4657.5710	0.827829
4658.5355	0.827639
4659.5000	0.827457
4660.4675	0.827271
4661.4320	0.827084
4662.3965	0.826915
4663.3610	0.826789
4664.3255	0.826731
4665.2900	0.826750
4666.2575	0.826835
4667.2220	0.826961
4668.1865	0.827099
4669.1510	0.827229
4670.1155	0.827337
4671.0800	0.827412
4672.0375	0.827435
4673.0020	0.827390
4673.9665	0.827274
4674.9310	0.827112
4675.8955	0.826958
4676.8600	0.826862
4677.8275	0.826845
4678.7920	0.826885
4679.7565	0.826936
4680.7210	0.826962
4681.6855	0.826959
4682.6500	0.826953
4683.6175	0.826972
4684.5820	0.827019
4685.5465	0.827064
4686.5110	0.827051
4687.4755	0.826925
4688.4400	0.826658
4689.4075	0.826265
4690.3720	0.825800
4691.3365	0.825343
4692.3010	0.824970
4693.2655	0.824725
4694.2300	0.824604
4695.1875	0.824570
4696.1520	0.824564
4697.1165	0.824543
4698.0810	0.824492
4699.0455	0.824433
4700.0100	0.824413
4700.9775	0.824485
4701.9420	0.824685
4702.9065	0.825027
4703.8710	0.825496
4704.8355	0.826057
4705.8000	0.826666
4706.7675	0.827275
4707.7320	0.827848
4708.6965	0.828372
4709.6610	0.828856
4710.6255	0.829315
4711.5900	0.829753
4712.5475	0.830149
4713.5120	0.830472
4714.4765	0.830698
4715.4410	0.830829
4716.4055	0.830886
4717.3700	0.830894
4718.3375	0.830858
4719.3020	0.830771
4720.2665	0.830617
4721.2310	0.830388
4722.1955	0.830097
4723.1600	0.829776
4724.1275	0.829473
4725.0920	0.829239
4726.0565	0.829119
4727.0210	0.829136
4727.9855	0.829291
4728.9500	0.829566
4729.9075	0.829934
4730.8720	0.830369
4731.8365	0.830846
4732.8010	0.831338
4733.7655	0.831809
4734.7300	0.832215
4735.6975	0.832515
4736.6620	0.832691
4737.6265	0.832758
4738.5910	0.832750
4739.5555	0.832705
4740.5200	0.832646
4741.4875	0.832579
4742.4520	0.832511
4743.4165	0.832453
4744.3810	0.832424
4745.3455	0.832435
4746.3100	0.832486
4747.2775	0.832561
4748.2420	0.832638
4749.2065	0.832687
4750.1710	0.832685
4751.1355	0.832617
4752.1000	0.832492
4753.0575	0.832350
4754.0220	0.832246
4754.9865	0.832227
4755.9510	0.832306
4756.9155	0.832456
4757.8800	0.832627
4758.8475	0.832776
4759.8120	0.832889
4760.7765	0.832981
4761.7410	0.833073
4762.7055	0.833173
4763.6700	0.833267
4764.6375	0.833328
4765.6020	0.833338
4766.5665	0.833294
4767.5310	0.833215
4768.4955	0.833125
4769.4600	0.833038
4770.4175	0.832950
4771.3820	0.832847
4772.3465	0.832713
4773.3110	0.832545
4774.2755	0.832352
4775.2400	0.832148
4776.2075	0.831942
4777.1720	0.831743
4778.1365	0.831558
4779.1010	0.831393
4780.0655	0.831244
4781.0300	0.831094
4781.9975	0.830923
4782.9620	0.830730
4783.9265	0.830543
4784.8910	0.830416
4785.8555	0.830395
4786.8200	0.830494
4787.7775	0.830683
4788.7420	0.830906
4789.7065	0.831108
4790.6710	0.831252
4791.6355	0.831323
4792.6000	0.831329
4793.5675	0.831290
4794.5320	0.831227
4795.4965	0.831153
4796.4610	0.831063
4797.4255	0.830939
4798.3900	0.830765
4799.3575	0.830544
4800.3220	0.830291
4801.2865	0.830022
4802.2510	0.829740
4803.2155	0.829443
4804.1800	0.829128
4805.1475	0.828795
4806.1120	0.828442
4807.0765	0.828060
4808.0410	0.827639
4809.0055	0.827182
4809.9700	0.826706
4810.9275	0.826243
4811.8920	0.825830
4812.8565	0.825496
4813.8210	0.825276
4814.7855	0.825200
4815.7500	0.825293
4816.7175	0.825553
4817.6820	0.825954
4818.6465	0.826456
4819.6110	0.827026
4820.5755	0.827650
4821.5400	0.828324
4822.5075	0.829032
4823.4720	0.829738
4824.4365	0.830399
4825.4010	0.830995
4826.3655	0.831544
4827.3300	0.832093
4828.2875	0.832678
4829.2520	0.833302
4830.2165	0.833932
4831.1810	0.834526
4832.1455	0.835056
4833.1100	0.835518
4834.0775	0.835918
4835.0420	0.836263
4836.0065	0.836553
4836.9710	0.836785
4837.9355	0.836964
4838.9000	0.837095
4839.8675	0.837189
4840.8320	0.837257
4841.7965	0.837317
4842.7610	0.837394
4843.7255	0.837517
4844.6900	0.837701
4845.6475	0.837943
4846.6120	0.838213
4847.5765	0.838470
4848.5410	0.838672
4849.5055	0.838805
4850.4700	0.838886
4851.4375	0.838953
4852.4020	0.839035
4853.3665	0.839132
4854.3310	0.839221
4855.2955	0.839277
4856.2600	0.839300
4857.2275	0.839316
4858.1920	0.839354
4859.1565	0.839419
4860.1210	0.839486
4861.0855	0.839514
4862.0500	0.839468
4863.0175	0.839335
4863.9820	0.839127
4864.9465	0.838875
4865.9110	0.838620
4866.8755	0.838404
4867.8400	0.838259
4868.7975	0.838195
4869.7620	0.838204
4870.7265	0.838265
4871.6910	0.838354
4872.6555	0.838453
4873.6200	0.838553
4874.5875	0.838656
4875.5520	0.838765
4876.5165	0.838880
4877.4810	0.838996
4878.4455	0.839096
4879.4100	0.839162
4880.3775	0.839189
4881.3420	0.839183
4882.3065	0.839165
4883.2710	0.839151
4884.2355	0.839143
4885.2000	0.839139
4886.1575	0.839137
4887.1220	0.839147
4888.0865	0.839174
4889.0510	0.839208
4890.0155	0.839227
4890.9800	0.839216
4891.9475	0.839185
4892.9120	0.839170
4893.8765	0.839198
4894.8410	0.839271
4895.8055	0.839358
4896.7700	0.839426
4897.7375	0.839458
4898.7020	0.839467
4899.6665	0.839479
4900.6310	0.839512
4901.5955	0.839568
4902.5600	0.839637
4903.5175	0.839716
4904.4820	0.839813
4905.4465	0.839942
4906.4110	0.840116
4907.3755	0.840330
4908.3400	0.840562
4909.3075	0.840778
4910.2720	0.840941
4911.2365	0.841020
4912.2010	0.841003
4913.1655	0.840907
4914.1300	0.840772
4915.0975	0.840655
4916.0620	0.840595
4917.0265	0.840605
4917.9910	0.840674
4918.9555	0.840777
4919.9200	0.840897
4920.8875	0.841019
4921.8520	0.841116
4922.8165	0.841151
4923.7810	0.841085
4924.7455	0.840908
4925.7100	0.840643
4926.6675	0.840338
4927.6320	0.840046
4928.5965	0.839807
4929.5610	0.839640
4930.5255	0.839545
4931.4900	0.839500
4932.4575	0.839468
4933.4220	0.839415
4934.3865	0.839331
4935.3510	0.839238
4936.3155	0.839172
4937.2800	0.839152
4938.2475	0.839157
4939.2120	0.839138
4940.1765	0.839043
4941.1410	0.838849
4942.1055	0.838564
4943.0700	0.838220
4944.0275	0.837861
4944.9920	0.837533
4945.9565	0.837273
4946.9210	0.837106
4947.8855	0.837032
4948.8500	0.837033
4949.8175	0.837074
4950.7820	0.837124
4951.7465	0.837154
4952.7110	0.837145
4953.6755	0.837081
4954.6400	0.836957
4955.6075	0.836779
4956.5720	0.836577
4957.5365	0.836397
4958.5010	0.836282
4959.4655	0.836252
4960.4300	0.836282
4961.3875	0.836312
4962.3520	0.836280
4963.3165	0.836157
4964.2810	0.835963
4965.2455	0.835746
4966.2100	0.835546
4967.1775	0.835369
4968.1420	0.835200
4969.1065	0.835016
4970.0710	0.834816
4971.0355	0.834617
4972.0000	0.834451
4972.9675	0.834354
4973.9320	0.834354
4974.8965	0.834468
4975.8610	0.834680
4976.8255	0.834941
4977.7900	0.835187
4978.7575	0.835366
4979.7220	0.835472
4980.6865	0.835536
4981.6510	0.835602
4982.6155	0.835700
4983.5800	0.835829
4984.5375	0.835967
4985.5020	0.836085
4986.4665	0.836167
4987.4310	0.836214
4988.3955	0.836252
4989.3600	0.836320
4990.3275	0.836449
4991.2920	0.836638
4992.2565	0.836849
4993.2210	0.837022
4994.1855	0.837113
4995.1500	0.837115
4996.1175	0.837057
4997.0820	0.836976
4998.0465	0.836896
4999.0110	0.836814
4999.9755	0.836719
5000.9400	0.836615
5001.8975	0.836530
5002.8620	0.836502
5003.8265	0.836549
5004.7910	0.836651
5005.7555	0.836764
5006.7200	0.836849
5007.6875	0.836888
5008.6520	0.836890
5009.6165	0.836866
5010.5810	0.836826
5011.5455	0.836777
5012.5100	0.836739
5013.4775	0.836740
5014.4420	0.836798
5015.4065	0.836902
5016.3710	0.837018
5017.3355	0.837104
5018.3000	0.837141
5019.2575	0.837135
5020.2220	0.837107
5021.1865	0.837071
5022.1510	0.837035
5023.1155	0.837002
5024.0800	0.836986
5025.0475	0.837003
5026.0120	0.837068
5026.9765	0.837183
5027.9410	0.837338
5028.9055	0.837513
5029.8700	0.837687
5030.8375	0.837834
5031.8020	0.837929
5032.7665	0.837960
5033.7310	0.837939
5034.6955	0.837897
5035.6600	0.837872
5036.6275	0.837882
5037.5920	0.837919
5038.5565	0.837952
5039.5210	0.837949
5040.4855	0.837898
5041.4500	0.837820
5042.4075	0.837770
5043.3720	0.837813
5044.3365	0.837988
5045.3010	0.838284
5046.2655	0.838627
5047.2300	0.838918
5048.1975	0.839075
5049.1620	0.839076
5050.1265	0.838967
5051.0910	0.838833
5052.0555	0.838753
5053.0200	0.838765
5053.9875	0.838851
5054.9520	0.838947
5055.9165	0.838976
5056.8810	0.838887
5057.8455	0.838683
5058.8100	0.838423
5059.7675	0.838193
5060.7320	0.838070
5061.6965	0.838083
5062.6610	0.838208
5063.6255	0.838387
5064.5900	0.838558
5065.5575	0.838683
5066.5220	0.838753
5067.4865	0.838784
5068.4510	0.838800
5069.4155	0.838817
5070.3800	0.838830
5071.3475	0.838821
5072.3120	0.838775
5073.2765	0.838698
5074.2410	0.838614
5075.2055	0.838542
5076.1700	0.838483
5077.1275	0.838422
5078.0920	0.838347
5079.0565	0.838260
5080.0210	0.838172
5080.9855	0.838095
5081.9500	0.838024
5082.9175	0.837952
5083.8820	0.837879
5084.8465	0.837820
5085.8110	0.837795
5086.7755	0.837814
5087.7400	0.837863
5088.7075	0.837911
5089.6720	0.837929
5090.6365	0.837908
5091.6010	0.837861
5092.5655	0.837849
5093.5300	0.837928
5094.4975	0.838096
5095.4620	0.838122
5096.4265	0.838153
5097.3910	0.838190
5098.3555	0.838229
5099.3200	0.838268
5100.2775	0.838305
5101.2420	0.838340
5102.2065	0.838374
5103.1710	0.838409
5104.1355	0.838448
5105.1000	0.838489
5106.0675	0.838518
5107.0320	0.838547
5107.9965	0.838575
5108.9610	0.838603
5109.9255	0.838631
5110.8900	0.838658
5111.8575	0.838683
5112.8220	0.838706
5113.7865	0.838728
5114.7510	0.838748
5115.7155	0.838767
5116.6800	0.838783
5117.6375	0.838798
5118.6020	0.838811
5119.5665	0.838822
5120.5310	0.838832
5121.4955	0.838839
5122.4600	0.838845
5123.4275	0.838849
5124.3920	0.838852
5125.3565	0.838855
5126.3210	0.838858
5127.2855	0.838862
5128.2500	0.838866
5129.2175	0.838872
5130.1820	0.838878
5131.1465	0.838885
5132.1110	0.838894
5133.0755	0.838906
5134.0400	0.838921
5134.9975	0.838940
5135.9620	0.838964
5136.9265	0.838992
5137.8910	0.839024
5138.8555	0.839057
5139.8200	0.839091
5140.7875	0.839125
5141.7520	0.839158
5142.7165	0.839190
5143.6810	0.839222
5144.6455	0.839255
5145.6100	0.839290
5146.5775	0.839328
5147.5420	0.839369
5148.5065	0.839414
5149.4710	0.839460
5150.4355	0.839509
5151.4000	0.839558
5152.3675	0.839608
5153.3320	0.839658
5154.2965	0.839709
5155.2610	0.839759
5156.2255	0.839808
5157.1900	0.839854
5158.1475	0.839897
5159.1120	0.839936
5160.0765	0.839970
5161.0410	0.839999
5162.0055	0.840024
5162.9700	0.840047
5163.9375	0.840067
5164.9020	0.840085
5165.8665	0.840102
5166.8310	0.840117
5167.7955	0.840130
5168.7600	0.840140
5169.7275	0.840145
5170.6920	0.840145
5171.6565	0.840139
5172.6210	0.840126
5173.5855	0.840106
5174.5500	0.840080
5175.5075	0.840048
5176.4720	0.840009
5177.4365	0.839965
5178.4010	0.839914
5179.3655	0.839857
5180.3300	0.839795
5181.2975	0.839726
5182.2620	0.839654
5183.2265	0.839577
5184.1910	0.839498
5185.1555	0.839417
5186.1200	0.839335
5187.0875	0.839252
5188.0520	0.839170
5189.0165	0.839089
5189.9810	0.839008
5190.9455	0.838928
5191.9100	0.838849
5192.8775	0.838771
5193.8420	0.838694
5194.8065	0.838619
5195.7710	0.838547
5196.7355	0.838478
5197.7000	0.838414
5198.6575	0.838354
5199.6220	0.838299
5200.5865	0.838250
5201.5510	0.838205
5202.5155	0.838165
5203.4800	0.838130
5204.4475	0.838099
5205.4120	0.838074
5206.3765	0.838053
5207.3410	0.838035
5208.3055	0.838022
5209.2700	0.838011
5210.2375	0.838002
5211.2020	0.837994
5212.1665	0.837986
5213.1310	0.837978
5214.0955	0.837969
5215.0600	0.837960
5216.0175	0.837953
5216.9820	0.837946
5217.9465	0.837940
5218.9110	0.837935
5219.8755	0.837930
5220.8400	0.837923
5221.8075	0.837915
5222.7720	0.837904
5223.7365	0.837891
5224.7010	0.837877
5225.6655	0.837863
5226.6300	0.837850
5227.5975	0.837838
5228.5620	0.837827
5229.5265	0.837818
5230.4910	0.837810
5231.4555	0.837803
5232.4200	0.837796
5233.3775	0.837790
5234.3420	0.837783
5235.3065	0.837778
5236.2710	0.837775
5237.2355	0.837775
5238.2000	0.837777
5239.1675	0.837782
5240.1320	0.837788
5241.0965	0.837797
5242.0610	0.837807
5243.0255	0.837821
5243.9900	0.837839
5244.9575	0.837863
5245.9220	0.837891
5246.8865	0.837925
5247.8510	0.837964
5248.8155	0.838006
5249.7800	0.838052
5250.7475	0.838099
5251.7120	0.838148
5252.6765	0.838197
5253.6410	0.838246
5254.6055	0.838296
5255.5700	0.838347
5256.5275	0.838399
5257.4920	0.838453
5258.4565	0.838509
5259.4210	0.838566
5260.3855	0.838623
5261.3500	0.838682
5262.3175	0.838740
5263.2820	0.838798
5264.2465	0.838855
5265.2110	0.838911
5266.1755	0.838965
5267.1400	0.839016
5268.1075	0.839064
5269.0720	0.839109
5270.0365	0.839150
5271.0010	0.839188
5271.9655	0.839223
5272.9300	0.839256
5273.8875	0.839287
5274.8520	0.839317
5275.8165	0.839346
5276.7810	0.839375
5277.7455	0.839403
5278.7100	0.839432
5279.6775	0.839463
5280.6420	0.839495
5281.6065	0.839530
5282.5710	0.839568
5283.5355	0.839610
5284.5000	0.839655
5285.4675	0.839704
5286.4320	0.839760
5287.3965	0.839822
5288.3610	0.839892
5289.3255	0.839970
5290.2900	0.840057
5291.2475	0.840152
5292.2120	0.840256
5293.1765	0.840369
5294.1410	0.840490
5295.1055	0.840618
5296.0700	0.840754
5297.0375	0.840896
5298.0020	0.841045
5298.9665	0.841200
5299.9310	0.841362
5300.8955	0.841529
5301.8600	0.841701
5302.8275	0.841877
5303.7920	0.842054
5304.7565	0.842231
5305.7210	0.842406
5306.6855	0.842578
5307.6500	0.842746
5308.6175	0.842910
5309.5820	0.843068
5310.5465	0.843219
5311.5110	0.843362
5312.4755	0.843496
5313.4400	0.843623
5314.3975	0.843741
5315.3620	0.843851
5316.3265	0.843953
5317.2910	0.844046
5318.2555	0.844132
5319.2200	0.844211
5320.1875	0.844282
5321.1520	0.844346
5322.1165	0.844403
5323.0810	0.844452
5324.0455	0.844495
5325.0100	0.844532
5325.9775	0.844564
5326.9420	0.844592
5327.9065	0.844619
5328.8710	0.844647
5329.8355	0.844675
5330.8000	0.844707
5331.7575	0.844741
5332.7220	0.844779
5333.6865	0.844821
5334.6510	0.844866
5335.6155	0.844914
5336.5800	0.844965
5337.5475	0.845019
5338.5120	0.845075
5339.4765	0.845133
5340.4410	0.845194
5341.4055	0.845257
5342.3700	0.845323
5343.3375	0.845392
5344.3020	0.845463
5345.2665	0.845535
5346.2310	0.845610
5347.1955	0.845686
5348.1600	0.845764
5349.1175	0.845843
5350.0820	0.845923
5351.0465	0.846003
5352.0110	0.846083
5352.9755	0.846161
5353.9400	0.846237
5354.9075	0.846310
5355.8720	0.846379
5356.8365	0.846444
5357.8010	0.846506
5358.7655	0.846564
5359.7300	0.846618
5360.6975	0.846670
5361.6620	0.846718
5362.6265	0.846763
5363.5910	0.846805
5364.5555	0.846843
5365.5200	0.846876
5366.4875	0.846905
5367.4520	0.846928
5368.4165	0.846948
5369.3810	0.846963
5370.3455	0.846974
5371.3100	0.846983
5372.2675	0.846988
5373.2320	0.846990
5374.1965	0.846988
5375.1610	0.846982
5376.1255	0.846974
5377.0900	0.846963
5378.0575	0.846951
5379.0220	0.846939
5379.9865	0.846928
5380.9510	0.846918
5381.9155	0.846910
5382.8800	0.846904
5383.8475	0.846900
5384.8120	0.846897
5385.7765	0.846897
5386.7410	0.846901
5387.7055	0.846908
5388.6700	0.846918
5389.6275	0.846932
5390.5920	0.846949
5391.5565	0.846970
5392.5210	0.846993
5393.4855	0.847019
5394.4500	0.847047
5395.4175	0.847078
5396.3820	0.847110
5397.3465	0.847144
5398.3110	0.847180
5399.2755	0.847218
5400.2400	0.847257
5401.2075	0.847297
5402.1720	0.847335
5403.1365	0.847372
5404.1010	0.847407
5405.0655	0.847439
5406.0300	0.847470
5406.9875	0.847500
5407.9520	0.847530
5408.9165	0.847558
5409.8810	0.847585
5410.8455	0.847610
5411.8100	0.847630
5412.7775	0.847648
5413.7420	0.847664
5414.7065	0.847679
5415.6710	0.847693
5416.6355	0.847707
5417.6000	0.847720
5418.5675	0.847733
5419.5320	0.847747
5420.4965	0.847761
5421.4610	0.847776
5422.4255	0.847791
5423.3900	0.847807
5424.3575	0.847823
5425.3220	0.847839
5426.2865	0.847857
5427.2510	0.847875
5428.2155	0.847894
5429.1800	0.847913
5430.1375	0.847931
5431.1020	0.847947
5432.0665	0.847961
5433.0310	0.847975
5433.9955	0.847989
5434.9600	0.848004
5435.9275	0.848022
5436.8920	0.848041
5437.8565	0.848061
5438.8210	0.848083
5439.7855	0.848106
5440.7500	0.848129
5441.7175	0.848152
5442.6820	0.848173
5443.6465	0.848193
5444.6110	0.848209
5445.5755	0.848224
5446.5400	0.848238
5447.4975	0.848250
5448.4620	0.848261
5449.4265	0.848272
5450.3910	0.848282
5451.3555	0.848293
5452.3200	0.848305
5453.2875	0.848319
5454.2520	0.848337
5455.2165	0.848358
5456.1810	0.848381
5457.1455	0.848406
5458.1100	0.848433
5459.0775	0.848461
5460.0420	0.848491
5461.0065	0.848524
5461.9710	0.848560
5462.9355	0.848600
5463.9000	0.848643
5464.8575	0.848692
5465.8220	0.848746
5466.7865	0.848806
5467.7510	0.848871
5468.7155	0.848942
5469.6800	0.849017
5470.6475	0.849096
5471.6120	0.849177
5472.5765	0.849261
5473.5410	0.849348
5474.5055	0.849438
5475.4700	0.849529
5476.4375	0.849621
5477.4020	0.849712
5478.3665	0.849802
5479.3310	0.849889
5480.2955	0.849975
5481.2600	0.850058
5482.2275	0.850139
5483.1920	0.850216
5484.1565	0.850290
5485.1210	0.850358
5486.0855	0.850419
5487.0500	0.850472
5488.0075	0.850515
5488.9720	0.850547
5489.9365	0.850569
5490.9010	0.850581
5491.8655	0.850584
5492.8300	0.850579
5493.7975	0.850569
5494.7620	0.850555
5495.7265	0.850537
5496.6910	0.850516
5497.6555	0.850491
5498.6200	0.850463
5499.5875	0.850433
5500.5520	0.850402
5501.5165	0.850370
5502.4810	0.850338
5503.4455	0.850306
5504.4100	0.850274
5505.3675	0.850243
5506.3320	0.850211
5507.2965	0.850180
5508.2610	0.850148
5509.2255	0.850117
5510.1900	0.850087
5511.1575	0.850061
5512.1220	0.850039
5513.0865	0.850021
5514.0510	0.850009
5515.0155	0.850001
5515.9800	0.849997
5516.9475	0.849998
5517.9120	0.850004
5518.8765	0.850013
5519.8410	0.850025
5520.8055	0.850039
5521.7700	0.850054
5522.7275	0.850069
5523.6920	0.850083
5524.6565	0.850097
5525.6210	0.850111
5526.5855	0.850125
5527.5500	0.850141
5528.5175	0.850157
5529.4820	0.850174
5530.4465	0.850191
5531.4110	0.850208
5532.3755	0.850225
5533.3400	0.850243
5534.3075	0.850261
5535.2720	0.850280
5536.2365	0.850300
5537.2010	0.850321
5538.1655	0.850343
5539.1300	0.850367
5540.0975	0.850391
5541.0620	0.850414
5542.0265	0.850435
5542.9910	0.850453
5543.9555	0.850468
5544.9200	0.850480
5545.8775	0.850491
5546.8420	0.850500
5547.8065	0.850507
5548.7710	0.850510
5549.7355	0.850508
5550.7000	0.850501
5551.6675	0.850488
5552.6320	0.850470
5553.5965	0.850450
5554.5610	0.850429
5555.5255	0.850407
5556.4900	0.850385
5557.4575	0.850362
5558.4220	0.850339
5559.3865	0.850314
5560.3510	0.850289
5561.3155	0.850264
5562.2800	0.850239
5563.2375	0.850214
5564.2020	0.850190
5565.1665	0.850167
5566.1310	0.850146
5567.0955	0.850128
5568.0600	0.850114
5569.0275	0.850104
5569.9920	0.850101
5570.9565	0.850104
5571.9210	0.850117
5572.8855	0.850139
5573.8500	0.850172
5574.8175	0.850214
5575.7820	0.850264
5576.7465	0.850320
5577.7110	0.850379
5578.6755	0.850439
5579.6400	0.850500
5580.5975	0.850561
5581.5620	0.850623
5582.5265	0.850687
5583.4910	0.850751
5584.4555	0.850816
5585.4200	0.850880
5586.3875	0.850944
5587.3520	0.851005
5588.3165	0.851065
5589.2810	0.851122
5590.2455	0.851176
5591.2100	0.851226
5592.1775	0.851273
5593.1420	0.851315
5594.1065	0.851351
5595.0710	0.851378
5596.0355	0.851396
5597.0000	0.851406
5597.9675	0.851408
5598.9320	0.851403
5599.8965	0.851395
5600.8610	0.851384
5601.8255	0.851373
5602.7900	0.851363
5603.7475	0.851355
5604.7120	0.851350
5605.6765	0.851346
5606.6410	0.851344
5607.6055	0.851342
5608.5700	0.851340
5609.5375	0.851337
5610.5020	0.851334
5611.4665	0.851330
5612.4310	0.851328
5613.3955	0.851326
5614.3600	0.851327
5615.3275	0.851330
5616.2920	0.851338
5617.2565	0.851349
5618.2210	0.851366
5619.1855	0.851388
5620.1500	0.851415
5621.1075	0.851448
5622.0720	0.851485
5623.0365	0.851526
5624.0010	0.851569
5624.9655	0.851614
5625.9300	0.851661
5626.8975	0.851710
5627.8620	0.851759
5628.8265	0.851809
5629.7910	0.851859
5630.7555	0.851908
5631.7200	0.851956
5632.6875	0.852002
5633.6520	0.852046
5634.6165	0.852090
5635.5810	0.852131
5636.5455	0.852171
5637.5100	0.852207
5638.4675	0.852240
5639.4320	0.852269
5640.3965	0.852295
5641.3610	0.852318
5642.3255	0.852337
5643.2900	0.852352
5644.2575	0.852362
5645.2220	0.852368
5646.1865	0.852369
5647.1510	0.852367
5648.1155	0.852361
5649.0800	0.852352
5650.0475	0.852339
5651.0120	0.852320
5651.9765	0.852297
5652.9410	0.852271
5653.9055	0.852242
5654.8700	0.852214
5655.8375	0.852188
5656.8020	0.852165
5657.7665	0.852145
5658.7310	0.852130
5659.6955	0.852119
5660.6600	0.852114
5661.6175	0.852114
5662.5820	0.852118
5663.5465	0.852125
5664.5110	0.852134
5665.4755	0.852144
5666.4400	0.852154
5667.4075	0.852166
5668.3720	0.852178
5669.3365	0.852192
5670.3010	0.852206
5671.2655	0.852221
5672.2300	0.852236
5673.1975	0.852253
5674.1620	0.852273
5675.1265	0.852296
5676.0910	0.852322
5677.0555	0.852351
5678.0200	0.852381
5678.9775	0.852411
5679.9420	0.852441
5680.9065	0.852469
5681.8710	0.852495
5682.8355	0.852519
5683.8000	0.852540
5684.7675	0.852557
5685.7320	0.852570
5686.6965	0.852578
5687.6610	0.852580
5688.6255	0.852577
5689.5900	0.852570
5690.5575	0.852561
5691.5220	0.852550
5692.4865	0.852538
5693.4510	0.852528
5694.4155	0.852518
5695.3800	0.852509
5696.3375	0.852499
5697.3020	0.852489
5698.2665	0.852476
5699.2310	0.852460
5700.1955	0.852442
5701.1600	0.852422
5702.1275	0.852401
5703.0920	0.852380
5704.0565	0.852359
5705.0210	0.852337
5705.9855	0.852314
5706.9500	0.852291
5707.9175	0.852265
5708.8820	0.852239
5709.8465	0.852215
5710.8110	0.852193
5711.7755	0.852177
5712.7400	0.852167
5713.7075	0.852164
5714.6720	0.852165
5715.6365	0.852170
5716.6010	0.852178
5717.5655	0.852186
5718.5300	0.852194
5719.4875	0.852202
5720.4520	0.852211
5721.4165	0.852221
5722.3810	0.852233
5723.3455	0.852247
5724.3100	0.852263
5725.2775	0.852281
5726.2420	0.852300
5727.2065	0.852321
5728.1710	0.852342
5729.1355	0.852362
5730.1000	0.852381
5731.0675	0.852398
5732.0320	0.852413
5732.9965	0.852426
5733.9610	0.852438
5734.9255	0.852448
5735.8900	0.852454
5736.8475	0.852456
5737.8120	0.852455
5738.7765	0.852452
5739.7410	0.852446
5740.7055	0.852440
5741.6700	0.852434
5742.6375	0.852430
5743.6020	0.852428
5744.5665	0.852429
5745.5310	0.852432
5746.4955	0.852438
5747.4600	0.852446
5748.4275	0.852454
5749.3920	0.852460
5750.3565	0.852465
5751.3210	0.852466
5752.2855	0.852467
5753.2500	0.852468
5754.2075	0.852472
5755.1720	0.852482
5756.1365	0.852499
5757.1010	0.852523
5758.0655	0.852553
5759.0300	0.852588
5759.9975	0.852625
5760.9620	0.852665
5761.9265	0.852704
5762.8910	0.852742
5763.8555	0.852776
5764.8200	0.852807
5765.7875	0.852835
5766.7520	0.852859
5767.7165	0.852878
5768.6810	0.852889
5769.6455	0.852894
5770.6100	0.852890
5771.5775	0.852878
5772.5420	0.852860
5773.5065	0.852837
5774.4710	0.852811
5775.4355	0.852783
5776.4000	0.852752
5777.3575	0.852717
5778.3220	0.852677
5779.2865	0.852631
5780.2510	0.852580
5781.2155	0.852525
5782.1800	0.852466
5783.1475	0.852405
5784.1120	0.852343
5785.0765	0.852283
5786.0410	0.852225
5787.0055	0.852171
5787.9700	0.852121
5788.9375	0.852073
5789.9020	0.852028
5790.8665	0.851984
5791.8310	0.851940
5792.7955	0.851896
5793.7600	0.851852
5794.7175	0.851809
5795.6820	0.851769
5796.6465	0.851730
5797.6110	0.851692
5798.5755	0.851655
5799.5400	0.851618
5800.5075	0.851581
5801.4720	0.851546
5802.4365	0.851513
5803.4010	0.851480
5804.3655	0.851446
5805.3300	0.851409
5806.2975	0.851369
5807.2620	0.851323
5808.2265	0.851274
5809.1910	0.851223
5810.1555	0.851170
5811.1200	0.851117
5812.0775	0.851065
5813.0420	0.851012
5814.0065	0.850962
5814.9710	0.850915
5815.9355	0.850875
5816.9000	0.850842
5817.8675	0.850818
5818.8320	0.850802
5819.7965	0.850795
5820.7610	0.850796
5821.7255	0.850805
5822.6900	0.850822
5823.6575	0.850848
5824.6220	0.850881
5825.5865	0.850919
5826.5510	0.850962
5827.5155	0.851009
5828.4800	0.851062
5829.4475	0.851121
5830.4120	0.851187
5831.3765	0.851260
5832.3410	0.851338
5833.3055	0.851418
5834.2700	0.851499
5835.2275	0.851578
5836.1920	0.851655
5837.1565	0.851732
5838.1210	0.851807
5839.0855	0.851880
5840.0500	0.851951
5841.0175	0.852018
5841.9820	0.852082
5842.9465	0.852140
5843.9110	0.852192
5844.8755	0.852236
5845.8400	0.852271
5846.8075	0.852297
5847.7720	0.852314
5848.7365	0.852324
5849.7010	0.852328
5850.6655	0.852326
5851.6300	0.852318
5852.5875	0.852302
5853.5520	0.852279
5854.5165	0.852247
5855.4810	0.852206
5856.4455	0.852156
5857.4100	0.852099
5858.3775	0.852035
5859.3420	0.851966
5860.3065	0.851891
5861.2710	0.851809
5862.2355	0.851722
5863.2000	0.851629
5864.1675	0.851532
5865.1320	0.851432
5866.0965	0.851330
5867.0610	0.851228
5868.0255	0.851129
5868.9900	0.851035
5869.9475	0.850948
5870.9120	0.850867
5871.8765	0.850793
5872.8410	0.850725
5873.8055	0.850663
5874.7700	0.850608
5875.7375	0.850561
5876.7020	0.850522
5877.6665	0.850492
5878.6310	0.850470
5879.5955	0.850456
5880.5600	0.850452
5881.5275	0.850457
5882.4920	0.850470
5883.4565	0.850492
5884.4210	0.850521
5885.3855	0.850556
5886.3500	0.850596
5887.3175	0.850640
5888.2820	0.850688
5889.2465	0.850737
5890.2110	0.850785
5891.1755	0.850829
5892.1400	0.850869
5893.0975	0.850903
5894.0620	0.850931
5895.0265	0.850953
5895.9910	0.850969
5896.9555	0.850979
5897.9200	0.850983
5898.8875	0.850980
5899.8520	0.850970
5900.8165	0.850952
5901.7810	0.850927
5902.7455	0.850898
5903.7100	0.850866
5904.6775	0.850829
5905.6420	0.850789
5906.6065	0.850745
5907.5710	0.850699
5908.5355	0.850651
5909.5000	0.850604
5910.4575	0.850558
5911.4220	0.850514
5912.3865	0.850473
5913.3510	0.850436
5914.3155	0.850403
5915.2800	0.850377
5916.2475	0.850357
5917.2120	0.850343
5918.1765	0.850334
5919.1410	0.850330
5920.1055	0.850330
5921.0700	0.850334
5922.0375	0.850341
5923.0020	0.850354
5923.9665	0.850371
5924.9310	0.850393
5925.8955	0.850418
5926.8600	0.850444
5927.8175	0.850472
5928.7820	0.850503
5929.7465	0.850538
5930.7110	0.850580
5931.6755	0.850628
5932.6400	0.850683
5933.6075	0.850743
5934.5720	0.850809
5935.5365	0.850879
5936.5010	0.850951
5937.4655	0.851025
5938.4300	0.851099
5939.3975	0.851171
5940.3620	0.851243
5941.3265	0.851312
5942.2910	0.851382
5943.2555	0.851451
5944.2200	0.851522
5945.1875	0.851594
5946.1520	0.851667
5947.1165	0.851739
5948.0810	0.851811
5949.0455	0.851882
5950.0100	0.851951
5950.9675	0.852017
5951.9320	0.852079
5952.8965	0.852134
5953.8610	0.852180
5954.8255	0.852216
5955.7900	0.852239
5956.7575	0.852251
5957.7220	0.852251
5958.6865	0.852242
5959.6510	0.852223
5960.6155	0.852197
5961.5800	0.852164
5962.5475	0.852127
5963.5120	0.852087
5964.4765	0.852045
5965.4410	0.852001
5966.4055	0.851955
5967.3700	0.851906
5968.3275	0.851854
5969.2920	0.851797
5970.2565	0.851737
5971.2210	0.851673
5972.1855	0.851609
5973.1500	0.851545
5974.1175	0.851484
5975.0820	0.851428
5976.0465	0.851378
5977.0110	0.851334
5977.9755	0.851298
5978.9400	0.851269
5979.9075	0.851247
5980.8720	0.851232
5981.8365	0.851222
5982.8010	0.851215
5983.7655	0.851209
5984.7300	0.851203
5985.6875	0.851194
5986.6520	0.851184
5987.6165	0.851173
5988.5810	0.851160
5989.5455	0.851146
5990.5100	0.851131
5991.4775	0.851115
5992.4420	0.851098
5993.4065	0.851081
5994.3710	0.851063
5995.3355	0.851045
5996.3000	0.851027
5997.2675	0.851009
5998.2320	0.850991
5999.1965	0.850973
6000.1610	0.850955
6001.1255	0.850936
6002.0900	0.850917
6003.0575	0.850897
6004.0220	0.850875
6004.9865	0.850850
6005.9510	0.850822
6006.9155	0.850792
6007.8800	0.850760
6008.8375	0.850728
6009.8020	0.850696
6010.7665	0.850663
6011.7310	0.850626
6012.6955	0.850585
6013.6600	0.850539
6014.6275	0.850490
6015.5920	0.850437
6016.5565	0.850383
6017.5210	0.850326
6018.4855	0.850269
6019.4500	0.850208
6020.4175	0.850142
6021.3820	0.850071
6022.3465	0.849991
6023.3110	0.849904
6024.2755	0.849811
6025.2400	0.849711
6026.1975	0.849607
6027.1620	0.849500
6028.1265	0.849391
6029.0910	0.849283
6030.0555	0.849178
6031.0200	0.849078
6031.9875	0.848986
6032.9520	0.848901
6033.9165	0.848826
6034.8810	0.848762
6035.8455	0.848710
6036.8100	0.848670
6037.7775	0.848641
6038.7420	0.848621
6039.7065	0.848610
6040.6710	0.848605
6041.6355	0.848605
6042.6000	0.848612
6043.5575	0.848627
6044.5220	0.848652
6045.4865	0.848688
6046.4510	0.848737
6047.4155	0.848798
6048.3800	0.848870
6049.3475	0.848953
6050.3120	0.849045
6051.2765	0.849146
6052.2410	0.849254
6053.2055	0.849368
6054.1700	0.849486
6055.1375	0.849605
6056.1020	0.849723
6057.0665	0.849837
6058.0310	0.849944
6058.9955	0.850044
6059.9600	0.850138
6060.9275	0.850227
6061.8920	0.850313
6062.8565	0.850397
6063.8210	0.850480
6064.7855	0.850561
6065.7500	0.850638
6066.7075	0.850709
6067.6720	0.850772
6068.6365	0.850824
6069.6010	0.850865
6070.5655	0.850892
6071.5300	0.850907
6072.4975	0.850908
6073.4620	0.850896
6074.4265	0.850873
6075.3910	0.850839
6076.3555	0.850794
6077.3200	0.850737
6078.2875	0.850670
6079.2520	0.850594
6080.2165	0.850512
6081.1810	0.850428
6082.1455	0.850341
6083.1100	0.850254
6084.0675	0.850165
6085.0320	0.850073
6085.9965	0.849977
6086.9610	0.849878
6087.9255	0.849778
6088.8900	0.849679
6089.8575	0.849585
6090.8220	0.849499
6091.7865	0.849423
6092.7510	0.849358
6093.7155	0.849304
6094.6800	0.849263
6095.6475	0.849232
6096.6120	0.849210
6097.5765	0.849194
6098.5410	0.849182
6099.5055	0.849173
6100.4700	0.849169
6101.4275	0.849172
6102.3920	0.849183
6103.3565	0.849200
6104.3210	0.849222
6105.2855	0.849248
6106.2500	0.849274
6107.2175	0.849301
6108.1820	0.849328
6109.1465	0.849356
6110.1110	0.849385
6111.0755	0.849413
6112.0400	0.849440
6113.0075	0.849463
6113.9720	0.849479
6114.9365	0.849488
6115.9010	0.849489
6116.8655	0.849480
6117.8300	0.849463
6118.7975	0.849437
6119.7620	0.849405
6120.7265	0.849370
6121.6910	0.849336
6122.6555	0.849306
6123.6200	0.849281
6124.5775	0.849262
6125.5420	0.849246
6126.5065	0.849233
6127.4710	0.849220
6128.4355	0.849210
6129.4000	0.849203
6130.3675	0.849199
6131.3320	0.849198
6132.2965	0.849197
6133.2610	0.849196
6134.2255	0.849193
6135.1900	0.849187
6136.1575	0.849179
6137.1220	0.849170
6138.0865	0.849163
6139.0510	0.849158
6140.0155	0.849157
6140.9800	0.849160
6141.9375	0.849166
6142.9020	0.849174
6143.8665	0.849180
6144.8310	0.849183
6145.7955	0.849179
6146.7600	0.849166
6147.7275	0.849144
6148.6920	0.849113
6149.6565	0.849076
6150.6210	0.849033
6151.5855	0.848984
6152.5500	0.848931
6153.5175	0.848872
6154.4820	0.848809
6155.4465	0.848744
6156.4110	0.848680
6157.3755	0.848618
6158.3400	0.848559
6159.2975	0.848502
6160.2620	0.848445
6161.2265	0.848387
6162.1910	0.848327
6163.1555	0.848262
6164.1200	0.848193
6165.0875	0.848118
6166.0520	0.848038
6167.0165	0.847957
6167.9810	0.847878
6168.9455	0.847802
6169.9100	0.847731
6170.8775	0.847662
6171.8420	0.847592
6172.8065	0.847517
6173.7710	0.847435
6174.7355	0.847344
6175.7000	0.847244
6176.6675	0.847138
6177.6320	0.847027
6178.5965	0.846911
6179.5610	0.846789
6180.5255	0.846663
6181.4900	0.846532
6182.4475	0.846400
6183.4120	0.846268
6184.3765	0.846139
6185.3410	0.846014
6186.3055	0.845892
6187.2700	0.845774
6188.2375	0.845660
6189.2020	0.845551
6190.1665	0.845445
6191.1310	0.845342
6192.0955	0.845240
6193.0600	0.845139
6194.0275	0.845040
6194.9920	0.844947
6195.9565	0.844864
6196.9210	0.844794
6197.8855	0.844741
6198.8500	0.844705
6199.8075	0.844685
6200.7720	0.844678
6201.7365	0.844684
6202.7010	0.844699
6203.6655	0.844725
6204.6300	0.844760
6205.5975	0.844802
6206.5620	0.844851
6207.5265	0.844904
6208.4910	0.844961
6209.4555	0.845023
6210.4200	0.845090
6211.3875	0.845162
6212.3520	0.845240
6213.3165	0.845320
6214.2810	0.845402
6215.2455	0.845483
6216.2100	0.845565
6217.1675	0.845646
6218.1320	0.845725
6219.0965	0.845800
6220.0610	0.845872
6221.0255	0.845938
6221.9900	0.845999
6222.9575	0.846056
6223.9220	0.846110
6224.8865	0.846163
6225.8510	0.846214
6226.8155	0.846261
6227.7800	0.846306
6228.7475	0.846347
6229.7120	0.846386
6230.6765	0.846423
6231.6410	0.846457
6232.6055	0.846487
6233.5700	0.846510
6234.5375	0.846526
6235.5020	0.846534
6236.4665	0.846535
6237.4310	0.846534
6238.3955	0.846533
6239.3600	0.846532
6240.3175	0.846533
6241.2820	0.846535
6242.2465	0.846538
6243.2110	0.846542
6244.1755	0.846549
6245.1400	0.846556
6246.1075	0.846563
6247.0720	0.846567
6248.0365	0.846567
6249.0010	0.846562
6249.9655	0.846555
6250.9300	0.846547
6251.8975	0.846540
6252.8620	0.846535
6253.8265	0.846531
6254.7910	0.846527
6255.7555	0.846526
6256.7200	0.846529
6257.6775	0.846538
6258.6420	0.846554
6259.6065	0.846576
6260.5710	0.846601
6261.5355	0.846626
6262.5000	0.846650
6263.4675	0.846672
6264.4320	0.846693
6265.3965	0.846713
6266.3610	0.846733
6267.3255	0.846751
6268.2900	0.846767
6269.2575	0.846781
6270.2220	0.846795
6271.1865	0.846810
6272.1510	0.846829
6273.1155	0.846849
6274.0800	0.846871
6275.0375	0.846890
6276.0020	0.846904
6276.9665	0.846911
6277.9310	0.846910
6278.8955	0.846901
6279.8600	0.846884
6280.8275	0.846858
6281.7920	0.846824
6282.7565	0.846781
6283.7210	0.846732
6284.6855	0.846681
6285.6500	0.846631
6286.6175	0.846583
6287.5820	0.846539
6288.5465	0.846499
6289.5110	0.846462
6290.4755	0.846429
6291.4400	0.846400
6292.4075	0.846377
6293.3720	0.846359
6294.3365	0.846343
6295.3010	0.846327
6296.2655	0.846312
6297.2300	0.846297
6298.1875	0.846285
6299.1520	0.846280
6300.1165	0.846284
6301.0810	0.846298
6302.0455	0.846322
6303.0100	0.846355
6303.9775	0.846397
6304.9420	0.846447
6305.9065	0.846506
6306.8710	0.846572
6307.8355	0.846645
6308.8000	0.846723
6309.7675	0.846802
6310.7320	0.846877
6311.6965	0.846946
6312.6610	0.847008
6313.6255	0.847062
6314.5900	0.847108
6315.5475	0.847143
6316.5120	0.847166
6317.4765	0.847177
6318.4410	0.847176
6319.4055	0.847165
6320.3700	0.847145
6321.3375	0.847117
6322.3020	0.847080
6323.2665	0.847032
6324.2310	0.846973
6325.1955	0.846904
6326.1600	0.846826
6327.1275	0.846742
6328.0920	0.846654
6329.0565	0.846562
6330.0210	0.846465
6330.9855	0.846361
6331.9500	0.846251
6332.9075	0.846134
6333.8720	0.846013
6334.8365	0.845892
6335.8010	0.845774
6336.7655	0.845662
6337.7300	0.845555
6338.6975	0.845453
6339.6620	0.845356
6340.6265	0.845264
6341.5910	0.845179
6342.5555	0.845101
6343.5200	0.845029
6344.4875	0.844960
6345.4520	0.844894
6346.4165	0.844831
6347.3810	0.844773
6348.3455	0.844719
6349.3100	0.844668
6350.2775	0.844617
6351.2420	0.844562
6352.2065	0.844504
6353.1710	0.844443
6354.1355	0.844381
6355.1000	0.844322
6356.0575	0.844267
6357.0220	0.844217
6357.9865	0.844170
6358.9510	0.844125
6359.9155	0.844080
6360.8800	0.844035
6361.8475	0.843992
6362.8120	0.843952
6363.7765	0.843919
6364.7410	0.843892
6365.7055	0.843873
6366.6700	0.843862
6367.6375	0.843859
6368.6020	0.843864
6369.5665	0.843874
6370.5310	0.843887
6371.4955	0.843899
6372.4600	0.843910
6373.4175	0.843921
6374.3820	0.843935
6375.3465	0.843952
6376.3110	0.843970
6377.2755	0.843987
6378.2400	0.843997
6379.2075	0.843999
6380.1720	0.843991
6381.1365	0.843974
6382.1010	0.843948
6383.0655	0.843914
6384.0300	0.843871
6384.9975	0.843821
6385.9620	0.843763
6386.9265	0.843699
6387.8910	0.843631
6388.8555	0.843559
6389.8200	0.843484
6390.7875	0.843404
6391.7520	0.843320
6392.7165	0.843233
6393.6810	0.843144
6394.6455	0.843056
6395.6100	0.842973
6396.5675	0.842895
6397.5320	0.842823
6398.4965	0.842757
6399.4610	0.842697
6400.4255	0.842645
6401.3900	0.842602
6402.3575	0.842572
6403.3220	0.842554
6404.2865	0.842552
6405.2510	0.842566
6406.2155	0.842597
6407.1800	0.842647
6408.1475	0.842716
6409.1120	0.842802
6410.0765	0.842902
6411.0410	0.843011
6412.0055	0.843124
6412.9700	0.843239
6413.9275	0.843355
6414.8920	0.843471
6415.8565	0.843592
6416.8210	0.843717
6417.7855	0.843847
6418.7500	0.843980
6419.7175	0.844114
6420.6820	0.844244
6421.6465	0.844371
6422.6110	0.844494
6423.5755	0.844617
6424.5400	0.844742
6425.5075	0.844871
6426.4720	0.845004
6427.4365	0.845139
6428.4010	0.845272
6429.3655	0.845400
6430.3300	0.845520
6431.2875	0.845628
6432.2520	0.845724
6433.2165	0.845807
6434.1810	0.845879
6435.1455	0.845944
6436.1100	0.846003
6437.0775	0.846055
6438.0420	0.846101
6439.0065	0.846137
6439.9710	0.846161
6440.9355	0.846172
6441.9000	0.846169
6442.8675	0.846156
6443.8320	0.846137
6444.7965	0.846115
6445.7610	0.846092
6446.7255	0.846065
6447.6900	0.846034
6448.6575	0.845993
6449.6220	0.845940
6450.5865	0.845874
6451.5510	0.845796
6452.5155	0.845709
6453.4800	0.845614
6454.4375	0.845516
6455.4020	0.845420
6456.3665	0.845328
6457.3310	0.845241
6458.2955	0.845159
6459.2600	0.845080
6460.2275	0.845003
6461.1920	0.844929
6462.1565	0.844861
6463.1210	0.844801
6464.0855	0.844751
6465.0500	0.844712
6466.0175	0.844681
6466.9820	0.844658
6467.9465	0.844639
6468.9110	0.844621
6469.8755	0.844601
6470.8400	0.844578
6471.7975	0.844551
6472.7620	0.844520
6473.7265	0.844489
6474.6910	0.844459
6475.6555	0.844430
6476.6200	0.844405
6477.5875	0.844381
6478.5520	0.844356
6479.5165	0.844326
6480.4810	0.844291
6481.4455	0.844247
6482.4100	0.844197
6483.3775	0.844142
6484.3420	0.844085
6485.3065	0.844026
6486.2710	0.843967
6487.2355	0.843910
6488.2000	0.843855
6489.1575	0.843804
6490.1220	0.843757
6491.0865	0.843712
6492.0510	0.843671
6493.0155	0.843631
6493.9800	0.843593
6494.9475	0.843558
6495.9120	0.843527
6496.8765	0.843501
6497.8410	0.843478
6498.8055	0.843458
6499.7700	0.843438
6500.7375	0.843418
6501.7020	0.843397
6502.6665	0.843376
6503.6310	0.843355
6504.5955	0.843335
6505.5600	0.843318
6506.5275	0.843305
6507.4920	0.843298
6508.4565	0.843297
6509.4210	0.843301
6510.3855	0.843306
6511.3500	0.843308
6512.3075	0.843303
6513.2720	0.843287
6514.2365	0.843262
6515.2010	0.843227
6516.1655	0.843187
6517.1300	0.843146
6518.0975	0.843107
6519.0620	0.843074
6520.0265	0.843048
6520.9910	0.843028
6521.9555	0.843015
6522.9200	0.843007
6523.8875	0.843005
6524.8520	0.843008
6525.8165	0.843015
6526.7810	0.843022
6527.7455	0.843026
6528.7100	0.843025
6529.6675	0.843014
6530.6320	0.842993
6531.5965	0.842958
6532.5610	0.842907
6533.5255	0.842840
6534.4900	0.842760
6535.4575	0.842669
6536.4220	0.842570
6537.3865	0.842469
6538.3510	0.842369
6539.3155	0.842271
6540.2800	0.842176
6541.2475	0.842081
6542.2120	0.841983
6543.1765	0.841880
6544.1410	0.841771
6545.1055	0.841655
6546.0700	0.841535
6547.0275	0.841412
6547.9920	0.841288
6548.9565	0.841164
6549.9210	0.841044
6550.8855	0.840931
6551.8500	0.840828
6552.8175	0.840738
6553.7820	0.840663
6554.7465	0.840601
6555.7110	0.840554
6556.6755	0.840520
6557.6400	0.840501
6558.6075	0.840497
6559.5720	0.840508
6560.5365	0.840532
6561.5010	0.840567
6562.4655	0.840607
6563.4300	0.840651
6564.3975	0.840696
6565.3620	0.840743
6566.3265	0.840792
6567.2910	0.840845
6568.2555	0.840900
6569.2200	0.840955
6570.1775	0.841007
6571.1420	0.841055
6572.1065	0.841096
6573.0710	0.841133
6574.0355	0.841165
6575.0000	0.841193
6575.9675	0.841215
6576.9320	0.841230
6577.8965	0.841240
6578.8610	0.841246
6579.8255	0.841249
6580.7900	0.841250
6581.7575	0.841248
6582.7220	0.841245
6583.6865	0.841241
6584.6510	0.841238
6585.6155	0.841237
6586.5800	0.841242
6587.5375	0.841253
6588.5020	0.841271
6589.4665	0.841295
6590.4310	0.841324
6591.3955	0.841359
6592.3600	0.841401
6593.3275	0.841452
6594.2920	0.841514
6595.2565	0.841587
6596.2210	0.841669
6597.1855	0.841759
6598.1500	0.841853
6599.1175	0.841950
6600.0820	0.842051
6601.0465	0.842154
6602.0110	0.842260
6602.9755	0.842369
6603.9400	0.842479
6604.8975	0.842591
6605.8620	0.842703
6606.8265	0.842813
6607.7910	0.842918
6608.7555	0.843016
6609.7200	0.843102
6610.6875	0.843176
6611.6520	0.843237
6612.6165	0.843288
6613.5810	0.843328
6614.5455	0.843357
6615.5100	0.843374
6616.4775	0.843377
6617.4420	0.843364
6618.4065	0.843334
6619.3710	0.843289
6620.3355	0.843228
6621.3000	0.843156
6622.2675	0.843074
6623.2320	0.842982
6624.1965	0.842883
6625.1610	0.842775
6626.1255	0.842660
6627.0900	0.842538
6628.0475	0.842410
6629.0120	0.842279
6629.9765	0.842147
6630.9410	0.842016
6631.9055	0.841890
6632.8700	0.841769
6633.8375	0.841657
6634.8020	0.841552
6635.7665	0.841454
6636.7310	0.841362
6637.6955	0.841273
6638.6600	0.841186
6639.6275	0.841101
6640.5920	0.841017
6641.5565	0.840936
6642.5210	0.840858
6643.4855	0.840785
6644.4500	0.840720
6645.4075	0.840663
6646.3720	0.840615
6647.3365	0.840576
6648.3010	0.840548
6649.2655	0.840531
6650.2300	0.840525
6651.1975	0.840531
6652.1620	0.840545
6653.1265	0.840565
6654.0910	0.840586
6655.0555	0.840605
6656.0200	0.840621
6656.9875	0.840634
6657.9520	0.840644
6658.9165	0.840652
6659.8810	0.840656
6660.8455	0.840657
6661.8100	0.840655
6662.7675	0.840653
6663.7320	0.840657
6664.6965	0.840671
6665.6610	0.840697
6666.6255	0.840735
6667.5900	0.840781
6668.5575	0.840830
6669.5220	0.840881
6670.4865	0.840931
6671.4510	0.840980
6672.4155	0.841028
6673.3800	0.841074
6674.3475	0.841116
6675.3120	0.841152
6676.2765	0.841183
6677.2410	0.841207
6678.2055	0.841227
6679.1700	0.841244
6680.1375	0.841257
6681.1020	0.841267
6682.0665	0.841275
6683.0310	0.841280
6683.9955	0.841285
6684.9600	0.841290
6685.9175	0.841296
6686.8820	0.841299
6687.8465	0.841298
6688.8110	0.841288
6689.7755	0.841267
6690.7400	0.841236
6691.7075	0.841194
6692.6720	0.841141
6693.6365	0.841079
6694.6010	0.841007
6695.5655	0.840924
6696.5300	0.840832
6697.4975	0.840732
6698.4620	0.840628
6699.4265	0.840523
6700.3910	0.840420
6701.3555	0.840323
6702.3200	0.840232
6703.2775	0.840147
6704.2420	0.840069
6705.2065	0.839994
6706.1710	0.839922
6707.1355	0.839851
6708.1000	0.839782
6709.0675	0.839715
6710.0320	0.839651
6710.9965	0.839590
6711.9610	0.839531
6712.9255	0.839473
6713.8900	0.839417
6714.8575	0.839365
6715.8220	0.839322
6716.7865	0.839291
6717.7510	0.839273
6718.7155	0.839271
6719.6800	0.839283
6720.6375	0.839307
6721.6020	0.839340
6722.5665	0.839377
6723.5310	0.839415
6724.4955	0.839450
6725.4600	0.839481
6726.4275	0.839508
6727.3920	0.839532
6728.3565	0.839551
6729.3210	0.839568
6730.2855	0.839582
6731.2500	0.839596
6732.2175	0.839611
6733.1820	0.839627
6734.1465	0.839648
6735.1110	0.839676
6736.0755	0.839714
6737.0400	0.839762
6738.0075	0.839818
6738.9720	0.839880
6739.9365	0.839944
6740.9010	0.840006
6741.8655	0.840065
6742.8300	0.840121
6743.7875	0.840173
6744.7520	0.840221
6745.7165	0.840266
6746.6810	0.840310
6747.6455	0.840354
6748.6100	0.840399
6749.5775	0.840445
6750.5420	0.840491
6751.5065	0.840540
6752.4710	0.840592
6753.4355	0.840649
6754.4000	0.840710
6755.3675	0.840773
6756.3320	0.840833
6757.2965	0.840884
6758.2610	0.840922
6759.2255	0.840943
6760.1900	0.840948
6761.1475	0.840938
6762.1120	0.840918
6763.0765	0.840889
6764.0410	0.840855
6765.0055	0.840817
6765.9700	0.840774
6766.9375	0.840725
6767.9020	0.840672
6768.8665	0.840617
6769.8310	0.840560
6770.7955	0.840503
6771.7600	0.840447
6772.7275	0.840393
6773.6920	0.840341
6774.6565	0.840290
6775.6210	0.840241
6776.5855	0.840192
6777.5500	0.840140
6778.5075	0.840087
6779.4720	0.840033
6780.4365	0.839979
6781.4010	0.839930
6782.3655	0.839889
6783.3300	0.839856
6784.2975	0.839831
6785.2620	0.839812
6786.2265	0.839795
6787.1910	0.839777
6788.1555	0.839755
6789.1200	0.839729
6790.0875	0.839700
6791.0520	0.839666
6792.0165	0.839628
6792.9810	0.839585
6793.9455	0.839536
6794.9100	0.839479
6795.8775	0.839415
6796.8420	0.839345
6797.8065	0.839268
6798.7710	0.839187
6799.7355	0.839101
6800.7000	0.839011
6801.6575	0.838917
6802.6220	0.838821
6803.5865	0.838726
6804.5510	0.838633
6805.5155	0.838545
6806.4800	0.838462
6807.4475	0.838383
6808.4120	0.838309
6809.3765	0.838243
6810.3410	0.838187
6811.3055	0.838143
6812.2700	0.838114
6813.2375	0.838099
6814.2020	0.838100
6815.1665	0.838115
6816.1310	0.838145
6817.0955	0.838189
6818.0600	0.838248
6819.0175	0.838323
6819.9820	0.838414
6820.9465	0.838517
6821.9110	0.838630
6822.8755	0.838750
6823.8400	0.838875
6824.8075	0.839003
6825.7720	0.839136
6826.7365	0.839269
6827.7010	0.839402
6828.6655	0.839532
6829.6300	0.839657
6830.5975	0.839777
6831.5620	0.839892
6832.5265	0.840001
6833.4910	0.840100
6834.4555	0.840186
6835.4200	0.840254
6836.3775	0.840304
6837.3420	0.840334
6838.3065	0.840347
6839.2710	0.840345
6840.2355	0.840331
6841.2000	0.840309
6842.1675	0.840279
6843.1320	0.840242
6844.0965	0.840201
6845.0610	0.840156
6846.0255	0.840110
6846.9900	0.840064
6847.9575	0.840020
6848.9220	0.839977
6849.8865	0.839936
6850.8510	0.839897
6851.8155	0.839860
6852.7800	0.839827
6853.7475	0.839793
6854.7120	0.839758
6855.6765	0.839718
6856.6410	0.839673
6857.6055	0.839627
6858.5700	0.839582
6859.5275	0.839542
6860.4920	0.839512
6861.4565	0.839491
6862.4210	0.839477
6863.3855	0.839467
6864.3500	0.839456
6865.3175	0.839441
6866.2820	0.839418
6867.2465	0.839385
6868.2110	0.839338
6869.1755	0.839278
6870.1400	0.839204
6871.1075	0.839116
6872.0720	0.839017
6873.0365	0.838909
6874.0010	0.838793
6874.9655	0.838670
6875.9300	0.838540
6876.8875	0.838405
6877.8520	0.838268
6878.8165	0.838133
6879.7810	0.838003
6880.7455	0.837881
6881.7100	0.837767
6882.6775	0.837661
6883.6420	0.837560
6884.6065	0.837464
6885.5710	0.837371
6886.5355	0.837281
6887.5000	0.837194
6888.4675	0.837112
6889.4320	0.837039
6890.3965	0.836978
6891.3610	0.836932
6892.3255	0.836903
6893.2900	0.836889
6894.2475	0.836890
6895.2120	0.836901
6896.1765	0.836917
6897.1410	0.836934
6898.1055	0.836953
6899.0700	0.836971
6900.0375	0.836990
6901.0020	0.837009
6901.9665	0.837028
6902.9310	0.837042
6903.8955	0.837050
6904.8600	0.837049
6905.8275	0.837037
6906.7920	0.837012
6907.7565	0.836972
6908.7210	0.836916
6909.6855	0.836846
6910.6500	0.836762
6911.6175	0.836668
6912.5820	0.836562
6913.5465	0.836444
6914.5110	0.836312
6915.4755	0.836165
6916.4400	0.836003
6917.3975	0.835828
6918.3620	0.835646
6919.3265	0.835464
6920.2910	0.835289
6921.2555	0.835126
6922.2200	0.834978
6923.1875	0.834846
6924.1520	0.834729
6925.1165	0.834625
6926.0810	0.834535
6927.0455	0.834460
6928.0100	0.834401
6928.9775	0.834360
6929.9420	0.834339
6930.9065	0.834338
6931.8710	0.834356
6932.8355	0.834390
6933.8000	0.834439
6934.7575	0.834499
6935.7220	0.834569
6936.6865	0.834648
6937.6510	0.834735
6938.6155	0.834832
6939.5800	0.834937
6940.5475	0.835050
6941.5120	0.835169
6942.4765	0.835291
6943.4410	0.835414
6944.4055	0.835533
6945.3700	0.835645
6946.3375	0.835745
6947.3020	0.835832
6948.2665	0.835904
6949.2310	0.835963
6950.1955	0.836010
6951.1600	0.836044
6952.1175	0.836066
6953.0820	0.836075
6954.0465	0.836074
6955.0110	0.836063
6955.9755	0.836049
6956.9400	0.836036
6957.9075	0.836029
6958.8720	0.836030
6959.8365	0.836041
6960.8010	0.836061
6961.7655	0.836089
6962.7300	0.836124
6963.6975	0.836169
6964.6620	0.836222
6965.6265	0.836283
6966.5910	0.836349
6967.5555	0.836417
6968.5200	0.836484
6969.4875	0.836549
6970.4520	0.836615
6971.4165	0.836687
6972.3810	0.836768
6973.3455	0.836859
6974.3100	0.836962
6975.2675	0.837076
6976.2320	0.837199
6977.1965	0.837330
6978.1610	0.837467
6979.1255	0.837608
6980.0900	0.837751
6981.0575	0.837894
6982.0220	0.838032
6982.9865	0.838164
6983.9510	0.838287
6984.9155	0.838399
6985.8800	0.838500
6986.8475	0.838588
6987.8120	0.838658
6988.7765	0.838711
6989.7410	0.838745
6990.7055	0.838763
6991.6700	0.838770
6992.6275	0.838770
6993.5920	0.838763
6994.5565	0.838749
6995.5210	0.838721
6996.4855	0.838677
6997.4500	0.838613
6998.4175	0.838527
6999.3820	0.838419
7000.3465	0.838293
7001.3110	0.838149
7002.2755	0.837990
7003.2400	0.837813
7004.2075	0.837620
7005.1720	0.837412
7006.1365	0.837192
7007.1010	0.836965
7008.0655	0.836737
7009.0300	0.836510
7009.9875	0.836286
7010.9520	0.836064
7011.9165	0.835845
7012.8810	0.835630
7013.8455	0.835421
7014.8100	0.835221
7015.7775	0.835031
7016.7420	0.834850
7017.7065	0.834680
7018.6710	0.834521
7019.6355	0.834373
7020.6000	0.834237
7021.5675	0.834114
7022.5320	0.834002
7023.4965	0.833900
7024.4610	0.833804
7025.4255	0.833712
7026.3900	0.833622
7027.3575	0.833535
7028.3220	0.833452
7029.2865	0.833370
7030.2510	0.833288
7031.2155	0.833200
7032.1800	0.833105
7033.1375	0.833003
7034.1020	0.832897
7035.0665	0.832792
7036.0310	0.832691
7036.9955	0.832595
7037.9600	0.832504
7038.9275	0.832415
7039.8920	0.832324
7040.8565	0.832228
7041.8210	0.832128
7042.7855	0.832022
7043.7500	0.831915
7044.7175	0.831808
7045.6820	0.831705
7046.6465	0.831610
7047.6110	0.831525
7048.5755	0.831455
7049.5400	0.831404
7050.4975	0.831373
7051.4620	0.831363
7052.4265	0.831375
7053.3910	0.831406
7054.3555	0.831454
7055.3200	0.831520
7056.2875	0.831602
7057.2520	0.831699
7058.2165	0.831810
7059.1810	0.831930
7060.1455	0.832056
7061.1100	0.832184
7062.0775	0.832312
7063.0420	0.832436
7064.0065	0.832557
7064.9710	0.832674
7065.9355	0.832788
7066.9000	0.832900
7067.8575	0.833008
7068.8220	0.833111
7069.7865	0.833207
7070.7510	0.833296
7071.7155	0.833373
7072.6800	0.833436
7073.6475	0.833483
7074.6120	0.833509
7075.5765	0.833515
7076.5410	0.833500
7077.5055	0.833470
7078.4700	0.833426
7079.4375	0.833372
7080.4020	0.833306
7081.3665	0.833226
7082.3310	0.833131
7083.2955	0.833022
7084.2600	0.832899
7085.2275	0.832766
7086.1920	0.832627
7087.1565	0.832485
7088.1210	0.832341
7089.0855	0.832198
7090.0500	0.832057
7091.0075	0.831919
7091.9720	0.831785
7092.9365	0.831652
7093.9010	0.831520
7094.8655	0.831387
7095.8300	0.831252
7096.7975	0.831114
7097.7620	0.830975
7098.7265	0.830690
7099.6910	0.830404
7100.6555	0.830135
7101.6200	0.829894
7102.5875	0.829686
7103.5520	0.829510
7104.5165	0.829364
7105.4810	0.829241
7106.4455	0.829136
7107.4100	0.829041
7108.3675	0.828951
7109.3320	0.828868
7110.2965	0.825561
7111.2610	0.825374
7112.2255	0.825618
7113.1900	0.826177
7114.1575	0.826896
7115.1220	0.827627
7116.0865	0.828259
7117.0510	0.828716
7118.0155	0.828956
7118.9800	0.828996
7119.9475	0.828933
7120.9120	0.828903
7121.8765	0.828992
7122.8410	0.829172
7123.8055	0.829354
7124.7700	0.829534
7125.7275	0.829863
7126.6920	0.830552
7127.6565	0.831664
7128.6210	0.832988
7129.5855	0.834112
7130.5500	0.834662
7131.5175	0.834483
7132.4820	0.833671
7133.4465	0.832471
7134.4110	0.831182
7135.3755	0.830102
7136.3400	0.829457
7137.3075	0.829312
7138.2720	0.829511
7139.2365	0.829734
7140.2010	0.829664
7141.1655	0.829115
7142.1300	0.828048
7143.0975	0.826504
7144.0620	0.824540
7145.0265	0.822257
7145.9910	0.819790
7146.9555	0.817228
7147.9200	0.814488
7148.8775	0.811272
7149.8420	0.807229
7150.8065	0.802274
7151.7710	0.796817
7152.7355	0.791748
7153.7000	0.788141
7154.6675	0.786836
7155.6320	0.788127
7156.5965	0.791669
7157.5610	0.796599
7158.5255	0.801769
7159.4900	0.806047
7160.4575	0.808652
7161.4220	0.809395
7162.3865	0.808657
7163.3510	0.807109
7164.3155	0.805349
7165.2800	0.803735
7166.2375	0.802453
7167.2020	0.801628
7168.1665	0.801271
7169.1310	0.801101
7170.0955	0.800485
7171.0600	0.798683
7172.0330	0.795252
7172.9975	0.790251
7173.9620	0.783992
7174.9265	0.776535
7175.8910	0.767373
7176.8555	0.755595
7177.8200	0.740367
7178.7830	0.721260
7179.7475	0.698167
7180.7120	0.671067
7181.6765	0.640166
7182.6410	0.606633
7183.6055	0.573512
7184.5700	0.545889
7185.5330	0.529709
7186.4975	0.529487
7187.4620	0.546156
7188.4265	0.576430
7189.3910	0.614172
7190.3555	0.652848
7191.3200	0.687592
7192.2830	0.716002
7193.2475	0.737812
7194.2120	0.754010
7195.1765	0.765953
7196.1410	0.774810
7197.1055	0.781363
7198.0700	0.786127
7199.0375	0.789565
7200.0020	0.792187
7200.9665	0.794449
7201.9310	0.796590
7202.8955	0.798599
7203.8600	0.800404
7204.8175	0.802070
7205.7820	0.803810
7206.7465	0.805778
7207.7110	0.807876
7208.6755	0.809844
7209.6400	0.811542
7210.6075	0.813138
7211.5720	0.814959
7212.5365	0.817163
7213.5010	0.819539
7214.4655	0.821654
7215.4300	0.823181
7216.3975	0.824109
7217.3620	0.824689
7218.3265	0.825239
7219.2910	0.825969
7220.2555	0.826929
7221.2200	0.828009
7222.1775	0.828982
7223.1420	0.829599
7224.1065	0.829737
7225.0710	0.829499
7226.0355	0.829172
7227.0000	0.829056
7227.9675	0.829294
7228.9320	0.829853
7229.8965	0.830632
7230.8610	0.831590
7231.8255	0.832733
7232.7900	0.833989
7233.7575	0.835147
7234.7220	0.835947
7235.6865	0.836283
7236.6510	0.836296
7237.6155	0.836234
7238.5800	0.836217
7239.5475	0.836155
7240.5120	0.835893
7241.4765	0.835473
7242.4410	0.835292
7243.4055	0.835111
7244.3700	0.834927
7245.3275	0.834744
7246.2920	0.834580
7247.2565	0.834463
7248.2210	0.834373
7249.1855	0.834307
7250.1500	0.834264
7251.1175	0.834240
7252.0820	0.834233
7253.0465	0.834235
7254.0110	0.834243
7254.9755	0.834256
7255.9400	0.834268
7256.9075	0.834280
7257.8720	0.834281
7258.8365	0.834271
7259.8010	0.834338
7260.7655	0.834278
7261.7300	0.834218
7262.6875	0.834160
7263.6520	0.834104
7264.6165	0.834051
7265.5810	0.834006
7266.5455	0.833973
7267.5100	0.833951
7268.4775	0.833935
7269.4420	0.833921
7270.4065	0.833904
7271.3710	0.833910
7272.3355	0.833918
7273.3000	0.833929
7274.2675	0.833944
7275.2320	0.833961
7276.1965	0.833980
7277.1610	0.834001
7278.1255	0.834022
7279.0900	0.834043
7280.0475	0.834064
7281.0120	0.834085
7281.9765	0.834106
7282.9410	0.834127
7283.9055	0.834149
7284.8700	0.834170
7285.8375	0.834192
7286.8020	0.834213
7287.7665	0.834234
7288.7310	0.834254
7289.6955	0.834273
7290.6600	0.834290
7291.6275	0.834306
7292.5920	0.834321
7293.5565	0.834335
7294.5210	0.834348
7295.4855	0.834363
7296.4500	0.834380
7297.4175	0.834399
7298.3820	0.834420
7299.3465	0.834444
7300.3110	0.834470
7301.2755	0.834498
7302.2400	0.834528
7303.1975	0.834559
7304.1620	0.834592
7305.1265	0.834626
7306.0910	0.834658
7307.0555	0.834688
7308.0200	0.834715
7308.9875	0.834740
7309.9520	0.834763
7310.9165	0.834785
7311.8810	0.834805
7312.8455	0.834824
7313.8100	0.834840
7314.7775	0.834853
7315.7420	0.834862
7316.7065	0.834866
7317.6710	0.834865
7318.6355	0.834858
7319.6000	0.834847
7320.5575	0.834829
7321.5220	0.834807
7322.4865	0.834780
7323.4510	0.834750
7324.4155	0.834717
7325.3800	0.834684
7326.3475	0.834649
7327.3120	0.834615
7328.2765	0.834581
7329.2410	0.834546
7330.2055	0.834512
7331.1700	0.834478
7332.1375	0.834443
7333.1020	0.834408
7334.0665	0.834373
7335.0310	0.834338
7335.9955	0.834305
7336.9600	0.834274
7337.9175	0.834246
7338.8820	0.834221
7339.8465	0.834201
7340.8110	0.834186
7341.7755	0.834177
7342.7400	0.834173
7343.7075	0.834173
7344.6720	0.834175
7345.6365	0.834179
7346.6010	0.834184
7347.5655	0.834188
7348.5300	0.834193
7349.4975	0.834197
7350.4620	0.834199
7351.4265	0.834200
7352.3910	0.834201
7353.3555	0.834202
7354.3200	0.834205
7355.2875	0.834212
7356.2520	0.834224
7357.2165	0.834240
7358.1810	0.834260
7359.1455	0.834282
7360.1100	0.834303
7361.0675	0.834323
7362.0320	0.834340
7362.9965	0.834356
7363.9610	0.834370
7364.9255	0.834385
7365.8900	0.834401
7366.8575	0.834421
7367.8220	0.834443
7368.7865	0.834470
7369.7510	0.834502
7370.7155	0.834539
7371.6800	0.834579
7372.6475	0.834623
7373.6120	0.834668
7374.5765	0.834714
7375.5410	0.834762
7376.5055	0.834811
7377.4700	0.834862
7378.4275	0.834916
7379.3920	0.834974
7380.3565	0.835035
7381.3210	0.835101
7382.2855	0.835170
7383.2500	0.835242
7384.2175	0.835316
7385.1820	0.835388
7386.1465	0.835459
7387.1110	0.835526
7388.0755	0.835588
7389.0400	0.835644
7390.0075	0.835693
7390.9720	0.835735
7391.9365	0.835771
7392.9010	0.835802
7393.8655	0.835830
7394.8300	0.835855
7395.7875	0.835878
7396.7520	0.835899
7397.7165	0.835919
7398.6810	0.835938
7399.6455	0.835955
7400.6100	0.835972
7401.5775	0.835987
7402.5420	0.836001
7403.5065	0.836012
7404.4710	0.836021
7405.4355	0.836028
7406.4000	0.836033
7407.3675	0.836039
7408.3320	0.836047
7409.2965	0.836060
7410.2610	0.836077
7411.2255	0.836101
7412.1900	0.836130
7413.1575	0.836163
7414.1220	0.836199
7415.0865	0.836236
7416.0510	0.836275
7417.0155	0.836313
7417.9800	0.836349
7418.9375	0.836381
7419.9020	0.836408
7420.8665	0.836429
7421.8310	0.836443
7422.7955	0.836452
7423.7600	0.836455
7424.7275	0.836451
7425.6920	0.836442
7426.6565	0.836427
7427.6210	0.836406
7428.5855	0.836379
7429.5500	0.836349
7430.5175	0.836315
7431.4820	0.836279
7432.4465	0.836241
7433.4110	0.836203
7434.3755	0.836166
7435.3400	0.836132
7436.2975	0.836101
7437.2620	0.836076
7438.2265	0.836056
7439.1910	0.836042
7440.1555	0.836032
7441.1200	0.836026
7442.0875	0.836022
7443.0520	0.836019
7444.0165	0.836018
7444.9810	0.836019
7445.9455	0.836023
7446.9100	0.836030
7447.8775	0.836042
7448.8420	0.836058
7449.8065	0.836079
7450.7710	0.836104
7451.7355	0.836133
7452.7000	0.836166
7453.6575	0.836204
7454.6220	0.836244
7455.5865	0.836287
7456.5510	0.836329
7457.5155	0.836369
7458.4800	0.836406
7459.4475	0.836438
7460.4120	0.836465
7461.3765	0.836488
7462.3410	0.836509
7463.3055	0.836529
7464.2700	0.836547
7465.2375	0.836564
7466.2020	0.836580
7467.1665	0.836597
7468.1310	0.836617
7469.0955	0.836642
7470.0600	0.836673
7471.0275	0.836710
7471.9920	0.836753
7472.9565	0.836801
7473.9210	0.836853
7474.8855	0.836910
7475.8500	0.836970
7476.8075	0.837031
7477.7720	0.837092
7478.7365	0.837151
7479.7010	0.837208
7480.6655	0.837261
7481.6300	0.837311
7482.5975	0.837359
7483.5620	0.837405
7484.5265	0.837450
7485.4910	0.837493
7486.4555	0.837532
7487.4200	0.837569
7488.3875	0.837603
7489.3520	0.837636
7490.3165	0.837671
7491.2810	0.837706
7492.2455	0.837743
7493.2100	0.837778
7494.1675	0.837812
7495.1320	0.837841
7496.0965	0.837865
7497.0610	0.837882
7498.0255	0.837892
7498.9900	0.837896
